SalesID,OrderDate,StoreID,ProductID,CustomerID,Quantity,Discount,TotalAmount,StoreName,City,Region,ProductName,Category,BasePrice,CustomerName,Gender,CustomerSegment
ORD00001,13/10/2023,S006,P011,C0131,7,0.15,178.44,Cape Coast Retail,Cape Coast,Central,Palm Oil (1L),Food,30,Mensah Acheampong,Male,Regular
ORD00002,29/01/2023,S002,P015,C0067,3,0.15,41.86,Kumasi City Mart,Kumasi,Ashanti,Ideal Milk,Beverages,15,Mensah Quaye,Male,New
ORD00003,29/09/2023,S001,P002,C0153,7,0.05,109.19,Accra Mall SuperMart,Accra,Greater Accra,Shito Pepper Sauce,Food,15.5,Yaw Appiah,Male,VIP
ORD00004,18/11/2023,S007,P010,C0131,2,0.1,23.43,Koforidua Mart,Koforidua,Eastern,African Black Soap,Personal Care,12,Mensah Acheampong,Male,Regular
ORD00005,14/07/2023,S005,P001,C0182,7,0,179.9,Tamale Superstore,Tamale,Northern,Ghana Jollof Mix,Food,25,Esi Frimpong,Female,New
ORD00006,05/07/2024,S004,P006,C0111,2,0.05,9.91,Tema Central Market,Tema,Greater Accra,Plantain Chips,Snacks,5,Ama Mensah,Female,VIP
ORD00007,10/11/2024,S002,P012,C0077,9,0.05,161.6,Kumasi City Mart,Kumasi,Ashanti,Cassava Dough,Food,18,Ama Quaye,Female,VIP
ORD00008,01/12/2023,S007,P012,C0076,9,0,158.56,Koforidua Mart,Koforidua,Eastern,Cassava Dough,Food,18,Akosua Danquah,Female,Regular
ORD00009,11/11/2024,S007,P011,C0192,3,0.15,79.21,Koforidua Mart,Koforidua,Eastern,Palm Oil (1L),Food,30,Osei Frimpong,Male,VIP
ORD00010,20/02/2024,S001,P005,C0074,4,0.1,38.44,Accra Mall SuperMart,Accra,Greater Accra,Gari (1kg),Food,10,Kojo Tetteh,Male,New
ORD00011,13/09/2024,S006,P008,C0114,8,0,65.71,Cape Coast Retail,Cape Coast,Central,FanMilk Yoghurt,Beverages,8,Kojo Danquah,Male,Regular
ORD00012,23/06/2023,S002,P005,C0132,10,0.05,91.58,Kumasi City Mart,Kumasi,Ashanti,Gari (1kg),Food,10,Mensah Boateng,Male,Regular
ORD00013,29/08/2023,S005,P004,C0051,3,0,129.19,Tamale Superstore,Tamale,Northern,Milo Cocoa Powder,Beverages,45,Mensah Adomako,Male,VIP
ORD00014,01/05/2024,S002,P008,C0107,10,0,84.62,Kumasi City Mart,Kumasi,Ashanti,FanMilk Yoghurt,Beverages,8,Esi Asare,Female,VIP
ORD00015,29/01/2024,S008,P007,C0063,3,0,113.81,Sunyani Grocers,Sunyani,Bono,Alomo Bitters,Beverages,35,Frimpong Acheampong,Male,VIP
ORD00016,20/04/2023,S007,P004,C0046,9,0.1,349.02,Koforidua Mart,Koforidua,Eastern,Milo Cocoa Powder,Beverages,45,Akosua Frimpong,Female,New
ORD00017,13/09/2023,S002,P008,C0035,8,0.15,59.74,Kumasi City Mart,Kumasi,Ashanti,FanMilk Yoghurt,Beverages,8,Frimpong Boakye,Male,New
ORD00018,01/09/2024,S006,P013,C0114,10,0.15,517.15,Cape Coast Retail,Cape Coast,Central,Club Beer (6-pack),Beverages,60,Kojo Danquah,Male,Regular
ORD00019,15/07/2024,S008,P015,C0041,8,0.1,106.8,Sunyani Grocers,Sunyani,Bono,Ideal Milk,Beverages,15,Esi Boateng,Female,Regular
ORD00020,11/09/2023,S005,P013,C0200,9,0.1,507.39,Tamale Superstore,Tamale,Northern,Club Beer (6-pack),Beverages,60,Yaw Addy,Male,Regular
ORD00021,09/10/2023,S008,P002,C0183,5,0,76.78,Sunyani Grocers,Sunyani,Bono,Shito Pepper Sauce,Food,15.5,Ama Boateng,Female,New
ORD00022,24/11/2023,S002,P003,C0039,4,0.1,455.37,Kumasi City Mart,Kumasi,Ashanti,Kente Print Shirt,Apparel,120,Kwasi Owusu,Male,New
ORD00023,24/12/2024,S004,P002,C0107,7,0.05,106.31,Tema Central Market,Tema,Greater Accra,Shito Pepper Sauce,Food,15.5,Esi Asare,Female,VIP
ORD00024,01/03/2024,S001,P004,C0108,7,0.15,292.36,Accra Mall SuperMart,Accra,Greater Accra,Milo Cocoa Powder,Beverages,45,Kwasi Asare,Male,VIP
ORD00025,21/01/2023,S007,P008,C0002,6,0.05,48.47,Koforidua Mart,Koforidua,Eastern,FanMilk Yoghurt,Beverages,8,Mensah Owusu,Male,Regular
ORD00026,05/03/2024,S004,P008,C0057,5,0.1,36.82,Tema Central Market,Tema,Greater Accra,FanMilk Yoghurt,Beverages,8,Osei Boakye,Male,VIP
ORD00027,03/02/2024,S006,P011,C0174,7,0,225.98,Cape Coast Retail,Cape Coast,Central,Palm Oil (1L),Food,30,Mensah Asare,Male,New
ORD00028,11/05/2023,S001,P015,C0101,10,0.15,133.8,Accra Mall SuperMart,Accra,Greater Accra,Ideal Milk,Beverages,15,Esi Danquah,Female,Regular
ORD00029,27/03/2023,S007,P003,C0119,3,0,356.05,Koforidua Mart,Koforidua,Eastern,Kente Print Shirt,Apparel,120,Kojo Addy,Male,Regular
ORD00030,02/12/2023,S004,P008,C0084,6,0.1,42.84,Tema Central Market,Tema,Greater Accra,FanMilk Yoghurt,Beverages,8,Esi Danquah,Female,New
ORD00031,07/03/2024,S005,P014,C0021,8,0,34,Tamale Superstore,Tamale,Northern,Voltic Water (1L),Beverages,4,Mensah Danquah,Male,New
ORD00032,23/02/2023,S006,P004,C0167,2,0,95.68,Cape Coast Retail,Cape Coast,Central,Milo Cocoa Powder,Beverages,45,Appiah Owusu,Male,New
ORD00033,11/09/2023,S004,P014,C0006,10,0,39.43,Tema Central Market,Tema,Greater Accra,Voltic Water (1L),Beverages,4,Afia Asare,Female,Regular
ORD00034,29/04/2024,S002,P010,C0056,8,0.05,97.13,Kumasi City Mart,Kumasi,Ashanti,African Black Soap,Personal Care,12,Kofi Boakye,Male,Regular
ORD00035,21/06/2023,S002,P013,C0042,5,0,311.04,Kumasi City Mart,Kumasi,Ashanti,Club Beer (6-pack),Beverages,60,Abena Addy,Female,Regular
ORD00036,16/11/2023,S007,P007,C0184,4,0,145.43,Koforidua Mart,Koforidua,Eastern,Alomo Bitters,Beverages,35,Frimpong Addy,Male,VIP
ORD00037,04/10/2024,S004,P002,C0179,5,0.15,70.54,Tema Central Market,Tema,Greater Accra,Shito Pepper Sauce,Food,15.5,Kwasi Appiah,Male,Regular
ORD00038,02/08/2024,S001,P006,C0137,7,0.05,31.93,Accra Mall SuperMart,Accra,Greater Accra,Plantain Chips,Snacks,5,Ama Adomako,Female,Regular
ORD00039,25/10/2024,S006,P001,C0108,8,0,203.01,Cape Coast Retail,Cape Coast,Central,Ghana Jollof Mix,Food,25,Kwasi Asare,Male,VIP
ORD00040,06/01/2024,S008,P012,C0040,7,0,133.57,Sunyani Grocers,Sunyani,Bono,Cassava Dough,Food,18,Mensah Acheampong,Male,Regular
ORD00041,28/10/2024,S005,P010,C0138,8,0.1,87.73,Tamale Superstore,Tamale,Northern,African Black Soap,Personal Care,12,Esi Addy,Female,Regular
ORD00042,29/08/2024,S005,P006,C0063,2,0.05,10.28,Tamale Superstore,Tamale,Northern,Plantain Chips,Snacks,5,Frimpong Acheampong,Male,VIP
ORD00043,07/09/2023,S008,P010,C0157,7,0.05,76.15,Sunyani Grocers,Sunyani,Bono,African Black Soap,Personal Care,12,Mensah Owusu,Male,New
ORD00044,29/11/2023,S003,P008,C0055,6,0.05,45.65,Takoradi Hub,Takoradi,Western,FanMilk Yoghurt,Beverages,8,Osei Mensah,Male,Regular
ORD00045,02/09/2024,S005,P009,C0003,9,0,173.31,Tamale Superstore,Tamale,Northern,Shea Butter Lotion,Personal Care,20,Abena Appiah,Female,New
ORD00046,21/02/2024,S008,P009,C0195,4,0.1,75.38,Sunyani Grocers,Sunyani,Bono,Shea Butter Lotion,Personal Care,20,Appiah Danquah,Male,Regular
ORD00047,17/05/2024,S008,P013,C0005,2,0.05,112.09,Sunyani Grocers,Sunyani,Bono,Club Beer (6-pack),Beverages,60,Frimpong Acheampong,Male,Regular
ORD00048,09/12/2024,S004,P005,C0170,10,0.05,96.99,Tema Central Market,Tema,Greater Accra,Gari (1kg),Food,10,Appiah Owusu,Male,Regular
ORD00049,27/06/2024,S006,P007,C0191,9,0.05,300.08,Cape Coast Retail,Cape Coast,Central,Alomo Bitters,Beverages,35,Osei Boakye,Male,New
ORD00050,09/04/2024,S005,P005,C0065,4,0,42.33,Tamale Superstore,Tamale,Northern,Gari (1kg),Food,10,Ama Owusu,Female,VIP
ORD00051,20/11/2023,S002,P012,C0138,3,0,53.05,Kumasi City Mart,Kumasi,Ashanti,Cassava Dough,Food,18,Esi Addy,Female,Regular
ORD00052,10/05/2024,S005,P012,C0151,9,0.15,136.66,Tamale Superstore,Tamale,Northern,Cassava Dough,Food,18,Afia Osei,Female,Regular
ORD00053,13/04/2023,S004,P005,C0059,6,0,59.72,Tema Central Market,Tema,Greater Accra,Gari (1kg),Food,10,Kwasi Adomako,Male,VIP
ORD00054,26/12/2024,S003,P005,C0012,1,0.15,8.45,Takoradi Hub,Takoradi,Western,Gari (1kg),Food,10,Yaa Adomako,Female,VIP
ORD00055,10/05/2023,S008,P002,C0004,10,0.05,150.26,Sunyani Grocers,Sunyani,Bono,Shito Pepper Sauce,Food,15.5,Ama Boakye,Female,New
ORD00056,27/03/2024,S006,P003,C0014,5,0.1,522.24,Cape Coast Retail,Cape Coast,Central,Kente Print Shirt,Apparel,120,Osei Tetteh,Male,Regular
ORD00057,08/03/2023,S007,P008,C0019,10,0,77.82,Koforidua Mart,Koforidua,Eastern,FanMilk Yoghurt,Beverages,8,Akosua Addy,Female,VIP
ORD00058,30/07/2024,S005,P002,C0064,2,0.15,28.05,Tamale Superstore,Tamale,Northern,Shito Pepper Sauce,Food,15.5,Osei Boakye,Male,VIP
ORD00059,12/09/2024,S004,P013,C0134,7,0.1,410.61,Tema Central Market,Tema,Greater Accra,Club Beer (6-pack),Beverages,60,Kojo Quaye,Male,New
ORD00060,01/11/2023,S007,P005,C0146,10,0,104.14,Koforidua Mart,Koforidua,Eastern,Gari (1kg),Food,10,Abena Owusu,Female,VIP
ORD00061,12/04/2023,S004,P011,C0055,5,0,146.03,Tema Central Market,Tema,Greater Accra,Palm Oil (1L),Food,30,Osei Mensah,Male,Regular
ORD00062,27/06/2023,S002,P003,C0001,7,0.1,796.37,Kumasi City Mart,Kumasi,Ashanti,Kente Print Shirt,Apparel,120,Esi Osei,Female,Regular
ORD00063,26/04/2024,S005,P001,C0060,5,0.05,125.33,Tamale Superstore,Tamale,Northern,Ghana Jollof Mix,Food,25,Kojo Owusu,Male,New
ORD00064,09/04/2024,S002,P011,C0060,5,0.15,133.77,Kumasi City Mart,Kumasi,Ashanti,Palm Oil (1L),Food,30,Kojo Owusu,Male,New
ORD00065,22/07/2023,S007,P002,C0140,4,0,67.35,Koforidua Mart,Koforidua,Eastern,Shito Pepper Sauce,Food,15.5,Abena Adomako,Female,New
ORD00066,26/05/2023,S002,P001,C0043,5,0.15,112.87,Kumasi City Mart,Kumasi,Ashanti,Ghana Jollof Mix,Food,25,Osei Boateng,Male,VIP
ORD00067,05/08/2024,S005,P008,C0032,8,0.05,64.14,Tamale Superstore,Tamale,Northern,FanMilk Yoghurt,Beverages,8,Appiah Boateng,Male,Regular
ORD00068,06/10/2023,S008,P008,C0021,10,0,86.67,Sunyani Grocers,Sunyani,Bono,FanMilk Yoghurt,Beverages,8,Mensah Danquah,Male,New
ORD00069,27/11/2023,S005,P001,C0024,4,0.15,88.24,Tamale Superstore,Tamale,Northern,Ghana Jollof Mix,Food,25,Appiah Boakye,Male,New
ORD00070,22/01/2023,S005,P010,C0011,3,0.1,33.3,Tamale Superstore,Tamale,Northern,African Black Soap,Personal Care,12,Kojo Asare,Male,Regular
ORD00071,28/03/2024,S005,P003,C0150,7,0.1,828.09,Tamale Superstore,Tamale,Northern,Kente Print Shirt,Apparel,120,Kwame Danquah,Male,New
ORD00072,26/04/2024,S006,P007,C0086,6,0,226.52,Cape Coast Retail,Cape Coast,Central,Alomo Bitters,Beverages,35,Appiah Adomako,Male,VIP
ORD00073,04/12/2023,S007,P012,C0127,5,0.1,86.83,Koforidua Mart,Koforidua,Eastern,Cassava Dough,Food,18,Mensah Tetteh,Male,New
ORD00074,17/07/2024,S001,P008,C0023,6,0.05,45.53,Accra Mall SuperMart,Accra,Greater Accra,FanMilk Yoghurt,Beverages,8,Ama Acheampong,Female,VIP
ORD00075,18/02/2024,S001,P011,C0139,8,0.1,206.96,Accra Mall SuperMart,Accra,Greater Accra,Palm Oil (1L),Food,30,Kwasi Osei,Male,New
ORD00076,14/06/2024,S006,P010,C0194,8,0.1,91.93,Cape Coast Retail,Cape Coast,Central,African Black Soap,Personal Care,12,Ama Asare,Female,Regular
ORD00077,28/07/2023,S005,P009,C0034,5,0.1,97.39,Tamale Superstore,Tamale,Northern,Shea Butter Lotion,Personal Care,20,Esi Owusu,Female,New
ORD00078,11/05/2024,S002,P001,C0162,10,0,264.12,Kumasi City Mart,Kumasi,Ashanti,Ghana Jollof Mix,Food,25,Yaw Osei,Male,Regular
ORD00079,15/11/2023,S001,P009,C0105,2,0,43.95,Accra Mall SuperMart,Accra,Greater Accra,Shea Butter Lotion,Personal Care,20,Osei Danquah,Male,VIP
ORD00080,27/04/2023,S008,P002,C0166,3,0.1,45.61,Sunyani Grocers,Sunyani,Bono,Shito Pepper Sauce,Food,15.5,Abena Boakye,Female,New
ORD00081,26/10/2023,S005,P007,C0124,8,0,285.19,Tamale Superstore,Tamale,Northern,Alomo Bitters,Beverages,35,Kwasi Mensah,Male,VIP
ORD00082,29/05/2023,S007,P004,C0154,9,0,437.24,Koforidua Mart,Koforidua,Eastern,Milo Cocoa Powder,Beverages,45,Frimpong Osei,Male,Regular
ORD00083,10/10/2023,S007,P006,C0130,5,0,24.81,Koforidua Mart,Koforidua,Eastern,Plantain Chips,Snacks,5,Abena Mensah,Female,New
ORD00084,02/11/2023,S008,P014,C0039,8,0.15,27.82,Sunyani Grocers,Sunyani,Bono,Voltic Water (1L),Beverages,4,Kwasi Owusu,Male,New
ORD00085,07/12/2023,S007,P008,C0083,4,0,33.14,Koforidua Mart,Koforidua,Eastern,FanMilk Yoghurt,Beverages,8,Osei Appiah,Male,Regular
ORD00086,28/08/2023,S007,P001,C0082,8,0.1,181.42,Koforidua Mart,Koforidua,Eastern,Ghana Jollof Mix,Food,25,Appiah Osei,Male,New
ORD00087,10/11/2024,S003,P008,C0010,3,0.15,22.33,Takoradi Hub,Takoradi,Western,FanMilk Yoghurt,Beverages,8,Mensah Boakye,Male,New
ORD00088,06/12/2023,S002,P014,C0113,2,0.15,7.39,Kumasi City Mart,Kumasi,Ashanti,Voltic Water (1L),Beverages,4,Abena Frimpong,Female,Regular
ORD00089,16/01/2023,S003,P007,C0168,3,0,107.14,Takoradi Hub,Takoradi,Western,Alomo Bitters,Beverages,35,Yaa Owusu,Female,Regular
ORD00090,29/09/2023,S006,P010,C0178,7,0,90.53,Cape Coast Retail,Cape Coast,Central,African Black Soap,Personal Care,12,Afia Acheampong,Female,Regular
ORD00091,21/11/2024,S007,P006,C0161,8,0.15,32.48,Koforidua Mart,Koforidua,Eastern,Plantain Chips,Snacks,5,Ama Quaye,Female,Regular
ORD00092,12/03/2023,S004,P011,C0176,5,0,159.3,Tema Central Market,Tema,Greater Accra,Palm Oil (1L),Food,30,Frimpong Gyasi,Male,Regular
ORD00093,20/03/2024,S002,P013,C0163,2,0.1,105.3,Kumasi City Mart,Kumasi,Ashanti,Club Beer (6-pack),Beverages,60,Mensah Acheampong,Male,Regular
ORD00094,03/11/2023,S001,P001,C0084,1,0.05,23.84,Accra Mall SuperMart,Accra,Greater Accra,Ghana Jollof Mix,Food,25,Esi Danquah,Female,New
ORD00095,17/03/2024,S003,P004,C0136,7,0.15,281.75,Takoradi Hub,Takoradi,Western,Milo Cocoa Powder,Beverages,45,Ama Addy,Female,Regular
ORD00096,04/07/2023,S003,P003,C0021,10,0.1,1126.39,Takoradi Hub,Takoradi,Western,Kente Print Shirt,Apparel,120,Mensah Danquah,Male,New
ORD00097,04/09/2023,S008,P015,C0150,3,0,45.86,Sunyani Grocers,Sunyani,Bono,Ideal Milk,Beverages,15,Kwame Danquah,Male,New
ORD00098,18/09/2023,S008,P005,C0171,1,0.1,9.77,Sunyani Grocers,Sunyani,Bono,Gari (1kg),Food,10,Kwame Boateng,Male,Regular
ORD00099,24/11/2024,S003,P002,C0114,6,0.15,78.64,Takoradi Hub,Takoradi,Western,Shito Pepper Sauce,Food,15.5,Kojo Danquah,Male,Regular
ORD00100,10/03/2024,S005,P008,C0078,4,0.1,31.05,Tamale Superstore,Tamale,Northern,FanMilk Yoghurt,Beverages,8,Frimpong Addy,Male,VIP
ORD00101,20/04/2023,S004,P007,C0147,6,0.15,177.5,Tema Central Market,Tema,Greater Accra,Alomo Bitters,Beverages,35,Kofi Boakye,Male,New
ORD00102,17/12/2024,S005,P001,C0169,7,0.05,158.14,Tamale Superstore,Tamale,Northern,Ghana Jollof Mix,Food,25,Ama Boakye,Female,VIP
ORD00103,03/12/2024,S001,P015,C0156,8,0.05,121.57,Accra Mall SuperMart,Accra,Greater Accra,Ideal Milk,Beverages,15,Yaa Addy,Female,New
ORD00104,24/08/2023,S006,P004,C0163,4,0.15,151.1,Cape Coast Retail,Cape Coast,Central,Milo Cocoa Powder,Beverages,45,Mensah Acheampong,Male,Regular
ORD00105,06/11/2024,S003,P011,C0025,1,0.05,30.45,Takoradi Hub,Takoradi,Western,Palm Oil (1L),Food,30,Frimpong Addy,Male,VIP
ORD00106,04/02/2023,S006,P012,C0034,2,0.05,34.17,Cape Coast Retail,Cape Coast,Central,Cassava Dough,Food,18,Esi Owusu,Female,New
ORD00107,01/03/2024,S003,P004,C0034,9,0.05,396.15,Takoradi Hub,Takoradi,Western,Milo Cocoa Powder,Beverages,45,Esi Owusu,Female,New
ORD00108,07/10/2023,S003,P005,C0124,5,0.05,50.86,Takoradi Hub,Takoradi,Western,Gari (1kg),Food,10,Kwasi Mensah,Male,VIP
ORD00109,24/04/2024,S002,P003,C0194,4,0.1,473.08,Kumasi City Mart,Kumasi,Ashanti,Kente Print Shirt,Apparel,120,Ama Asare,Female,Regular
ORD00110,24/07/2024,S006,P002,C0102,1,0.05,15.17,Cape Coast Retail,Cape Coast,Central,Shito Pepper Sauce,Food,15.5,Kojo Appiah,Male,New
ORD00111,10/04/2024,S006,P011,C0192,5,0.15,128.41,Cape Coast Retail,Cape Coast,Central,Palm Oil (1L),Food,30,Osei Frimpong,Male,VIP
ORD00112,15/10/2024,S006,P002,C0173,4,0.1,53.22,Cape Coast Retail,Cape Coast,Central,Shito Pepper Sauce,Food,15.5,Mensah Danquah,Male,New
ORD00113,28/07/2024,S006,P015,C0157,4,0,62.72,Cape Coast Retail,Cape Coast,Central,Ideal Milk,Beverages,15,Mensah Owusu,Male,New
ORD00114,20/04/2024,S005,P011,C0105,2,0,57.41,Tamale Superstore,Tamale,Northern,Palm Oil (1L),Food,30,Osei Danquah,Male,VIP
ORD00115,08/02/2023,S005,P008,C0030,2,0,17.33,Tamale Superstore,Tamale,Northern,FanMilk Yoghurt,Beverages,8,Appiah Osei,Male,VIP
ORD00116,19/05/2023,S007,P008,C0095,9,0.1,67.27,Koforidua Mart,Koforidua,Eastern,FanMilk Yoghurt,Beverages,8,Abena Adomako,Female,Regular
ORD00117,08/06/2023,S007,P011,C0026,8,0.15,206.29,Koforidua Mart,Koforidua,Eastern,Palm Oil (1L),Food,30,Afia Frimpong,Female,New
ORD00118,14/10/2023,S001,P012,C0095,4,0.1,65.88,Accra Mall SuperMart,Accra,Greater Accra,Cassava Dough,Food,18,Abena Adomako,Female,Regular
ORD00119,30/08/2023,S006,P002,C0176,6,0.15,85.79,Cape Coast Retail,Cape Coast,Central,Shito Pepper Sauce,Food,15.5,Frimpong Gyasi,Male,Regular
ORD00120,22/10/2024,S006,P001,C0102,5,0,136.9,Cape Coast Retail,Cape Coast,Central,Ghana Jollof Mix,Food,25,Kojo Appiah,Male,New
ORD00121,10/04/2024,S002,P011,C0055,10,0,287.28,Kumasi City Mart,Kumasi,Ashanti,Palm Oil (1L),Food,30,Osei Mensah,Male,Regular
ORD00122,08/12/2023,S004,P003,C0145,4,0,515.75,Tema Central Market,Tema,Greater Accra,Kente Print Shirt,Apparel,120,Esi Gyasi,Female,VIP
ORD00123,21/07/2024,S004,P010,C0056,4,0.05,48.62,Tema Central Market,Tema,Greater Accra,African Black Soap,Personal Care,12,Kofi Boakye,Male,Regular
ORD00124,02/09/2024,S001,P005,C0038,3,0.15,25.18,Accra Mall SuperMart,Accra,Greater Accra,Gari (1kg),Food,10,Abena Appiah,Female,VIP
ORD00125,28/06/2023,S002,P011,C0007,3,0,90.34,Kumasi City Mart,Kumasi,Ashanti,Palm Oil (1L),Food,30,Kwame Osei,Male,Regular
ORD00126,01/09/2023,S006,P001,C0045,5,0,121.13,Cape Coast Retail,Cape Coast,Central,Ghana Jollof Mix,Food,25,Frimpong Adomako,Male,New
ORD00127,07/03/2024,S002,P012,C0017,8,0.1,138.24,Kumasi City Mart,Kumasi,Ashanti,Cassava Dough,Food,18,Osei Boateng,Male,Regular
ORD00128,09/06/2024,S002,P008,C0129,4,0.15,26.02,Kumasi City Mart,Kumasi,Ashanti,FanMilk Yoghurt,Beverages,8,Kofi Frimpong,Male,VIP
ORD00129,05/11/2024,S005,P008,C0165,1,0,8.8,Tamale Superstore,Tamale,Northern,FanMilk Yoghurt,Beverages,8,Abena Gyasi,Female,VIP
ORD00130,16/02/2024,S007,P011,C0028,8,0.1,207.58,Koforidua Mart,Koforidua,Eastern,Palm Oil (1L),Food,30,Abena Tetteh,Female,VIP
ORD00131,24/03/2023,S006,P010,C0038,2,0,23.79,Cape Coast Retail,Cape Coast,Central,African Black Soap,Personal Care,12,Abena Appiah,Female,VIP
ORD00132,10/10/2024,S006,P007,C0153,9,0.05,304.65,Cape Coast Retail,Cape Coast,Central,Alomo Bitters,Beverages,35,Yaw Appiah,Male,VIP
ORD00133,11/09/2024,S007,P002,C0180,2,0.15,27.88,Koforidua Mart,Koforidua,Eastern,Shito Pepper Sauce,Food,15.5,Yaw Boateng,Male,Regular
ORD00134,09/08/2023,S007,P008,C0059,7,0.05,57.14,Koforidua Mart,Koforidua,Eastern,FanMilk Yoghurt,Beverages,8,Kwasi Adomako,Male,VIP
ORD00135,13/02/2024,S007,P012,C0025,6,0.1,96.9,Koforidua Mart,Koforidua,Eastern,Cassava Dough,Food,18,Frimpong Addy,Male,VIP
ORD00136,19/09/2023,S006,P003,C0176,8,0,925.14,Cape Coast Retail,Cape Coast,Central,Kente Print Shirt,Apparel,120,Frimpong Gyasi,Male,Regular
ORD00137,29/03/2023,S002,P007,C0025,6,0,217.03,Kumasi City Mart,Kumasi,Ashanti,Alomo Bitters,Beverages,35,Frimpong Addy,Male,VIP
ORD00138,23/08/2024,S006,P011,C0032,7,0.05,215.67,Cape Coast Retail,Cape Coast,Central,Palm Oil (1L),Food,30,Appiah Boateng,Male,Regular
ORD00139,09/03/2024,S001,P005,C0154,5,0.05,45.86,Accra Mall SuperMart,Accra,Greater Accra,Gari (1kg),Food,10,Frimpong Osei,Male,Regular
ORD00140,03/06/2024,S004,P003,C0169,8,0,1034.01,Tema Central Market,Tema,Greater Accra,Kente Print Shirt,Apparel,120,Ama Boakye,Female,VIP
ORD00141,25/12/2023,S006,P002,C0196,5,0.15,64.82,Cape Coast Retail,Cape Coast,Central,Shito Pepper Sauce,Food,15.5,Abena Addy,Female,VIP
ORD00142,15/03/2024,S001,P010,C0169,5,0,58.62,Accra Mall SuperMart,Accra,Greater Accra,African Black Soap,Personal Care,12,Ama Boakye,Female,VIP
ORD00143,20/12/2024,S005,P015,C0087,6,0,87.95,Tamale Superstore,Tamale,Northern,Ideal Milk,Beverages,15,Abena Quaye,Female,New
ORD00144,27/05/2023,S007,P002,C0037,1,0,16.46,Koforidua Mart,Koforidua,Eastern,Shito Pepper Sauce,Food,15.5,Kofi Acheampong,Male,New
ORD00145,09/08/2023,S007,P007,C0117,6,0,211.16,Koforidua Mart,Koforidua,Eastern,Alomo Bitters,Beverages,35,Yaa Tetteh,Female,New
ORD00146,29/11/2023,S002,P015,C0014,3,0,47.84,Kumasi City Mart,Kumasi,Ashanti,Ideal Milk,Beverages,15,Osei Tetteh,Male,Regular
ORD00147,20/02/2023,S002,P005,C0114,7,0.1,65.59,Kumasi City Mart,Kumasi,Ashanti,Gari (1kg),Food,10,Kojo Danquah,Male,Regular
ORD00148,29/02/2024,S005,P004,C0194,9,0,405.72,Tamale Superstore,Tamale,Northern,Milo Cocoa Powder,Beverages,45,Ama Asare,Female,Regular
ORD00149,24/04/2023,S005,P011,C0174,10,0.1,277.84,Tamale Superstore,Tamale,Northern,Palm Oil (1L),Food,30,Mensah Asare,Male,New
ORD00150,12/11/2023,S001,P004,C0102,10,0,428.02,Accra Mall SuperMart,Accra,Greater Accra,Milo Cocoa Powder,Beverages,45,Kojo Appiah,Male,New
ORD00151,05/11/2023,S004,P013,C0036,5,0.05,284.78,Tema Central Market,Tema,Greater Accra,Club Beer (6-pack),Beverages,60,Ama Adomako,Female,New
ORD00152,08/01/2023,S008,P012,C0111,3,0,54.38,Sunyani Grocers,Sunyani,Bono,Cassava Dough,Food,18,Ama Mensah,Female,VIP
ORD00153,21/12/2024,S004,P009,C0144,6,0,121.15,Tema Central Market,Tema,Greater Accra,Shea Butter Lotion,Personal Care,20,Frimpong Owusu,Male,Regular
ORD00154,13/02/2023,S007,P001,C0118,2,0.05,49.23,Koforidua Mart,Koforidua,Eastern,Ghana Jollof Mix,Food,25,Ama Mensah,Female,New
ORD00155,10/08/2024,S007,P012,C0164,7,0.05,115.78,Koforidua Mart,Koforidua,Eastern,Cassava Dough,Food,18,Yaw Owusu,Male,New
ORD00156,22/01/2023,S006,P003,C0159,8,0.05,878.46,Cape Coast Retail,Cape Coast,Central,Kente Print Shirt,Apparel,120,Kwame Boakye,Male,New
ORD00157,19/04/2023,S004,P007,C0151,7,0.15,200.29,Tema Central Market,Tema,Greater Accra,Alomo Bitters,Beverages,35,Afia Osei,Female,Regular
ORD00158,14/11/2023,S006,P004,C0086,3,0,138.59,Cape Coast Retail,Cape Coast,Central,Milo Cocoa Powder,Beverages,45,Appiah Adomako,Male,VIP
ORD00159,27/04/2023,S004,P015,C0199,6,0.05,90.55,Tema Central Market,Tema,Greater Accra,Ideal Milk,Beverages,15,Abena Asare,Female,VIP
ORD00160,22/10/2024,S003,P004,C0027,3,0.05,125.63,Takoradi Hub,Takoradi,Western,Milo Cocoa Powder,Beverages,45,Ama Mensah,Female,New
ORD00161,08/09/2024,S003,P013,C0195,2,0,131.12,Takoradi Hub,Takoradi,Western,Club Beer (6-pack),Beverages,60,Appiah Danquah,Male,Regular
ORD00162,05/10/2024,S008,P008,C0194,10,0.15,69.18,Sunyani Grocers,Sunyani,Bono,FanMilk Yoghurt,Beverages,8,Ama Asare,Female,Regular
ORD00163,01/08/2024,S006,P014,C0161,6,0,24.38,Cape Coast Retail,Cape Coast,Central,Voltic Water (1L),Beverages,4,Ama Quaye,Female,Regular
ORD00164,25/04/2024,S008,P011,C0078,5,0.15,122.2,Sunyani Grocers,Sunyani,Bono,Palm Oil (1L),Food,30,Frimpong Addy,Male,VIP
ORD00165,03/06/2024,S002,P005,C0119,8,0,76.68,Kumasi City Mart,Kumasi,Ashanti,Gari (1kg),Food,10,Kojo Addy,Male,Regular
ORD00166,21/10/2023,S002,P011,C0024,10,0.15,261.65,Kumasi City Mart,Kumasi,Ashanti,Palm Oil (1L),Food,30,Appiah Boakye,Male,New
ORD00167,18/04/2024,S001,P008,C0147,4,0.05,31.64,Accra Mall SuperMart,Accra,Greater Accra,FanMilk Yoghurt,Beverages,8,Kofi Boakye,Male,New
ORD00168,28/05/2024,S003,P001,C0116,2,0.05,52.12,Takoradi Hub,Takoradi,Western,Ghana Jollof Mix,Food,25,Yaa Frimpong,Female,Regular
ORD00169,28/03/2023,S003,P001,C0064,8,0.1,185.15,Takoradi Hub,Takoradi,Western,Ghana Jollof Mix,Food,25,Osei Boakye,Male,VIP
ORD00170,16/09/2024,S003,P006,C0096,5,0.1,22.75,Takoradi Hub,Takoradi,Western,Plantain Chips,Snacks,5,Kwame Osei,Male,New
ORD00171,13/12/2023,S001,P013,C0162,6,0,359.8,Accra Mall SuperMart,Accra,Greater Accra,Club Beer (6-pack),Beverages,60,Yaw Osei,Male,Regular
ORD00172,25/07/2024,S007,P005,C0065,10,0,100,Koforidua Mart,Koforidua,Eastern,Gari (1kg),Food,10,Ama Owusu,Female,VIP
ORD00173,19/08/2024,S003,P015,C0090,5,0.1,65.43,Takoradi Hub,Takoradi,Western,Ideal Milk,Beverages,15,Kwasi Boakye,Male,New
ORD00174,26/12/2024,S002,P005,C0144,7,0.05,71.29,Kumasi City Mart,Kumasi,Ashanti,Gari (1kg),Food,10,Frimpong Owusu,Male,Regular
ORD00175,17/11/2024,S002,P011,C0172,7,0.15,179.26,Kumasi City Mart,Kumasi,Ashanti,Palm Oil (1L),Food,30,Esi Owusu,Female,Regular
ORD00176,07/01/2024,S005,P003,C0055,6,0.1,634.26,Tamale Superstore,Tamale,Northern,Kente Print Shirt,Apparel,120,Osei Mensah,Male,Regular
ORD00177,21/05/2023,S003,P002,C0076,2,0.15,28.08,Takoradi Hub,Takoradi,Western,Shito Pepper Sauce,Food,15.5,Akosua Danquah,Female,Regular
ORD00178,23/06/2024,S001,P011,C0087,10,0,311.88,Accra Mall SuperMart,Accra,Greater Accra,Palm Oil (1L),Food,30,Abena Quaye,Female,New
ORD00179,07/06/2023,S003,P003,C0178,10,0,1269.81,Takoradi Hub,Takoradi,Western,Kente Print Shirt,Apparel,120,Afia Acheampong,Female,Regular
ORD00180,14/02/2023,S007,P006,C0174,4,0.1,18.75,Koforidua Mart,Koforidua,Eastern,Plantain Chips,Snacks,5,Mensah Asare,Male,New
ORD00181,04/04/2024,S004,P009,C0062,5,0.1,97.7,Tema Central Market,Tema,Greater Accra,Shea Butter Lotion,Personal Care,20,Mensah Osei,Male,New
ORD00182,18/07/2023,S006,P011,C0147,8,0.1,230.13,Cape Coast Retail,Cape Coast,Central,Palm Oil (1L),Food,30,Kofi Boakye,Male,New
ORD00183,27/01/2024,S007,P003,C0052,10,0,1297.14,Koforidua Mart,Koforidua,Eastern,Kente Print Shirt,Apparel,120,Frimpong Adomako,Male,VIP
ORD00184,23/02/2023,S008,P014,C0096,9,0,38.04,Sunyani Grocers,Sunyani,Bono,Voltic Water (1L),Beverages,4,Kwame Osei,Male,New
ORD00185,12/06/2024,S002,P005,C0022,3,0.05,29,Kumasi City Mart,Kumasi,Ashanti,Gari (1kg),Food,10,Ama Quaye,Female,VIP
ORD00186,09/06/2024,S003,P014,C0112,2,0,8.58,Takoradi Hub,Takoradi,Western,Voltic Water (1L),Beverages,4,Mensah Boateng,Male,Regular
ORD00187,24/12/2023,S001,P007,C0014,7,0.15,209.52,Accra Mall SuperMart,Accra,Greater Accra,Alomo Bitters,Beverages,35,Osei Tetteh,Male,Regular
ORD00188,31/01/2024,S002,P006,C0058,1,0.05,5.18,Kumasi City Mart,Kumasi,Ashanti,Plantain Chips,Snacks,5,Afia Osei,Female,VIP
ORD00189,27/10/2024,S006,P013,C0038,3,0,178.75,Cape Coast Retail,Cape Coast,Central,Club Beer (6-pack),Beverages,60,Abena Appiah,Female,VIP
ORD00190,28/04/2024,S003,P013,C0181,8,0.1,450.27,Takoradi Hub,Takoradi,Western,Club Beer (6-pack),Beverages,60,Frimpong Boateng,Male,Regular
ORD00191,23/03/2023,S001,P005,C0056,3,0.15,27.82,Accra Mall SuperMart,Accra,Greater Accra,Gari (1kg),Food,10,Kofi Boakye,Male,Regular
ORD00192,15/09/2024,S007,P002,C0199,5,0,77.13,Koforidua Mart,Koforidua,Eastern,Shito Pepper Sauce,Food,15.5,Abena Asare,Female,VIP
ORD00193,18/02/2023,S004,P007,C0164,10,0.1,302.22,Tema Central Market,Tema,Greater Accra,Alomo Bitters,Beverages,35,Yaw Owusu,Male,New
ORD00194,26/05/2024,S001,P011,C0132,10,0,317.33,Accra Mall SuperMart,Accra,Greater Accra,Palm Oil (1L),Food,30,Mensah Boateng,Male,Regular
ORD00195,26/10/2023,S007,P001,C0158,6,0,155.34,Koforidua Mart,Koforidua,Eastern,Ghana Jollof Mix,Food,25,Osei Boakye,Male,New
ORD00196,11/07/2023,S002,P009,C0093,2,0.15,35.07,Kumasi City Mart,Kumasi,Ashanti,Shea Butter Lotion,Personal Care,20,Abena Osei,Female,VIP
ORD00197,03/06/2024,S001,P007,C0121,1,0.1,34.56,Accra Mall SuperMart,Accra,Greater Accra,Alomo Bitters,Beverages,35,Kofi Asare,Male,VIP
ORD00198,17/09/2023,S001,P006,C0018,6,0,31.8,Accra Mall SuperMart,Accra,Greater Accra,Plantain Chips,Snacks,5,Ama Asare,Female,Regular
ORD00199,05/10/2024,S002,P013,C0149,6,0,344.39,Kumasi City Mart,Kumasi,Ashanti,Club Beer (6-pack),Beverages,60,Frimpong Tetteh,Male,Regular
ORD00200,13/07/2024,S006,P014,C0165,3,0.1,11.85,Cape Coast Retail,Cape Coast,Central,Voltic Water (1L),Beverages,4,Abena Gyasi,Female,VIP
ORD00201,05/05/2024,S003,P013,C0035,2,0.1,103.2,Takoradi Hub,Takoradi,Western,Club Beer (6-pack),Beverages,60,Frimpong Boakye,Male,New
ORD00202,26/07/2023,S001,P013,C0052,1,0.05,62.13,Accra Mall SuperMart,Accra,Greater Accra,Club Beer (6-pack),Beverages,60,Frimpong Adomako,Male,VIP
ORD00203,11/06/2024,S007,P014,C0140,8,0.05,29.05,Koforidua Mart,Koforidua,Eastern,Voltic Water (1L),Beverages,4,Abena Adomako,Female,New
ORD00204,24/10/2024,S004,P005,C0092,1,0.05,9.41,Tema Central Market,Tema,Greater Accra,Gari (1kg),Food,10,Yaa Osei,Female,Regular
ORD00205,12/01/2024,S007,P015,C0103,8,0.1,108.09,Koforidua Mart,Koforidua,Eastern,Ideal Milk,Beverages,15,Frimpong Quaye,Male,New
ORD00206,11/07/2023,S008,P012,C0128,6,0.15,90.88,Sunyani Grocers,Sunyani,Bono,Cassava Dough,Food,18,Esi Gyasi,Female,VIP
ORD00207,26/03/2023,S007,P002,C0111,10,0,159.93,Koforidua Mart,Koforidua,Eastern,Shito Pepper Sauce,Food,15.5,Ama Mensah,Female,VIP
ORD00208,25/11/2023,S002,P002,C0084,5,0.05,74.87,Kumasi City Mart,Kumasi,Ashanti,Shito Pepper Sauce,Food,15.5,Esi Danquah,Female,New
ORD00209,12/03/2024,S003,P012,C0114,6,0.1,92.96,Takoradi Hub,Takoradi,Western,Cassava Dough,Food,18,Kojo Danquah,Male,Regular
ORD00210,28/12/2023,S007,P005,C0164,1,0,10.51,Koforidua Mart,Koforidua,Eastern,Gari (1kg),Food,10,Yaw Owusu,Male,New
ORD00211,20/02/2024,S006,P009,C0192,3,0,58.29,Cape Coast Retail,Cape Coast,Central,Shea Butter Lotion,Personal Care,20,Osei Frimpong,Male,VIP
ORD00212,14/09/2024,S008,P001,C0033,2,0,53.34,Sunyani Grocers,Sunyani,Bono,Ghana Jollof Mix,Food,25,Akosua Boateng,Female,Regular
ORD00213,11/01/2024,S006,P007,C0146,1,0.15,28.95,Cape Coast Retail,Cape Coast,Central,Alomo Bitters,Beverages,35,Abena Owusu,Female,VIP
ORD00214,05/04/2024,S006,P006,C0114,2,0.15,8.25,Cape Coast Retail,Cape Coast,Central,Plantain Chips,Snacks,5,Kojo Danquah,Male,Regular
ORD00215,11/01/2024,S007,P006,C0167,5,0,27.35,Koforidua Mart,Koforidua,Eastern,Plantain Chips,Snacks,5,Appiah Owusu,Male,New
ORD00216,27/01/2023,S003,P008,C0133,7,0.15,46.06,Takoradi Hub,Takoradi,Western,FanMilk Yoghurt,Beverages,8,Kwame Adomako,Male,VIP
ORD00217,24/09/2023,S008,P004,C0157,5,0.1,198.46,Sunyani Grocers,Sunyani,Bono,Milo Cocoa Powder,Beverages,45,Mensah Owusu,Male,New
ORD00218,19/05/2023,S002,P008,C0045,8,0,68.58,Kumasi City Mart,Kumasi,Ashanti,FanMilk Yoghurt,Beverages,8,Frimpong Adomako,Male,New
ORD00219,24/11/2023,S006,P012,C0017,9,0.15,136.81,Cape Coast Retail,Cape Coast,Central,Cassava Dough,Food,18,Osei Boateng,Male,Regular
ORD00220,04/11/2023,S003,P012,C0182,3,0.05,52.65,Takoradi Hub,Takoradi,Western,Cassava Dough,Food,18,Esi Frimpong,Female,New
ORD00221,05/05/2023,S004,P013,C0036,4,0.1,206.05,Tema Central Market,Tema,Greater Accra,Club Beer (6-pack),Beverages,60,Ama Adomako,Female,New
ORD00222,21/07/2024,S006,P008,C0142,3,0.15,22.09,Cape Coast Retail,Cape Coast,Central,FanMilk Yoghurt,Beverages,8,Kwasi Boakye,Male,New
ORD00223,09/03/2023,S005,P007,C0184,8,0.15,240.77,Tamale Superstore,Tamale,Northern,Alomo Bitters,Beverages,35,Frimpong Addy,Male,VIP
ORD00224,24/02/2024,S002,P003,C0082,2,0.1,220.29,Kumasi City Mart,Kumasi,Ashanti,Kente Print Shirt,Apparel,120,Appiah Osei,Male,New
ORD00225,13/06/2024,S006,P003,C0200,9,0.15,897.16,Cape Coast Retail,Cape Coast,Central,Kente Print Shirt,Apparel,120,Yaw Addy,Male,Regular
ORD00226,13/05/2023,S007,P009,C0015,2,0.15,33.08,Koforidua Mart,Koforidua,Eastern,Shea Butter Lotion,Personal Care,20,Mensah Asare,Male,VIP
ORD00227,18/06/2023,S003,P006,C0182,4,0.05,20.75,Takoradi Hub,Takoradi,Western,Plantain Chips,Snacks,5,Esi Frimpong,Female,New
ORD00228,15/06/2024,S005,P014,C0021,5,0,20.91,Tamale Superstore,Tamale,Northern,Voltic Water (1L),Beverages,4,Mensah Danquah,Male,New
ORD00229,18/07/2024,S005,P003,C0161,5,0.15,525.31,Tamale Superstore,Tamale,Northern,Kente Print Shirt,Apparel,120,Ama Quaye,Female,Regular
ORD00230,29/05/2024,S003,P010,C0149,3,0,37.76,Takoradi Hub,Takoradi,Western,African Black Soap,Personal Care,12,Frimpong Tetteh,Male,Regular
ORD00231,11/09/2024,S006,P014,C0145,1,0,3.85,Cape Coast Retail,Cape Coast,Central,Voltic Water (1L),Beverages,4,Esi Gyasi,Female,VIP
ORD00232,18/10/2024,S005,P011,C0054,10,0.1,281.53,Tamale Superstore,Tamale,Northern,Palm Oil (1L),Food,30,Kojo Danquah,Male,Regular
ORD00233,01/02/2023,S008,P015,C0161,9,0.05,134.19,Sunyani Grocers,Sunyani,Bono,Ideal Milk,Beverages,15,Ama Quaye,Female,Regular
ORD00234,06/11/2023,S008,P004,C0176,7,0.05,304.65,Sunyani Grocers,Sunyani,Bono,Milo Cocoa Powder,Beverages,45,Frimpong Gyasi,Male,Regular
ORD00235,06/12/2024,S001,P003,C0113,7,0.1,770.87,Accra Mall SuperMart,Accra,Greater Accra,Kente Print Shirt,Apparel,120,Abena Frimpong,Female,Regular
ORD00236,15/12/2023,S003,P006,C0184,6,0.05,31.24,Takoradi Hub,Takoradi,Western,Plantain Chips,Snacks,5,Frimpong Addy,Male,VIP
ORD00237,14/05/2023,S006,P009,C0144,2,0.05,37.48,Cape Coast Retail,Cape Coast,Central,Shea Butter Lotion,Personal Care,20,Frimpong Owusu,Male,Regular
ORD00238,06/05/2023,S005,P008,C0064,3,0,22.98,Tamale Superstore,Tamale,Northern,FanMilk Yoghurt,Beverages,8,Osei Boakye,Male,VIP
ORD00239,29/01/2024,S007,P004,C0041,6,0.15,242.85,Koforidua Mart,Koforidua,Eastern,Milo Cocoa Powder,Beverages,45,Esi Boateng,Female,Regular
ORD00240,14/07/2023,S003,P008,C0132,8,0.1,62.32,Takoradi Hub,Takoradi,Western,FanMilk Yoghurt,Beverages,8,Mensah Boateng,Male,Regular
ORD00241,24/05/2024,S001,P002,C0101,9,0.1,137.48,Accra Mall SuperMart,Accra,Greater Accra,Shito Pepper Sauce,Food,15.5,Esi Danquah,Female,Regular
ORD00242,09/08/2023,S006,P001,C0013,5,0.1,116.96,Cape Coast Retail,Cape Coast,Central,Ghana Jollof Mix,Food,25,Osei Addy,Male,Regular
ORD00243,31/10/2024,S008,P005,C0138,1,0,10.15,Sunyani Grocers,Sunyani,Bono,Gari (1kg),Food,10,Esi Addy,Female,Regular
ORD00244,28/09/2023,S006,P013,C0104,6,0,363.63,Cape Coast Retail,Cape Coast,Central,Club Beer (6-pack),Beverages,60,Afia Danquah,Female,Regular
ORD00245,06/08/2024,S004,P006,C0142,5,0,25.2,Tema Central Market,Tema,Greater Accra,Plantain Chips,Snacks,5,Kwasi Boakye,Male,New
ORD00246,06/04/2024,S005,P014,C0160,10,0,38.77,Tamale Superstore,Tamale,Northern,Voltic Water (1L),Beverages,4,Yaw Quaye,Male,New
ORD00247,10/04/2023,S007,P006,C0087,9,0.05,45.45,Koforidua Mart,Koforidua,Eastern,Plantain Chips,Snacks,5,Abena Quaye,Female,New
ORD00248,23/07/2023,S007,P009,C0011,1,0,19.41,Koforidua Mart,Koforidua,Eastern,Shea Butter Lotion,Personal Care,20,Kojo Asare,Male,Regular
ORD00249,08/12/2023,S008,P009,C0117,3,0.15,55.28,Sunyani Grocers,Sunyani,Bono,Shea Butter Lotion,Personal Care,20,Yaa Tetteh,Female,New
ORD00250,24/05/2023,S006,P015,C0157,6,0,90.8,Cape Coast Retail,Cape Coast,Central,Ideal Milk,Beverages,15,Mensah Owusu,Male,New
ORD00251,23/09/2024,S005,P010,C0087,9,0.15,94.54,Tamale Superstore,Tamale,Northern,African Black Soap,Personal Care,12,Abena Quaye,Female,New
ORD00252,26/12/2024,S005,P008,C0005,6,0.05,47.93,Tamale Superstore,Tamale,Northern,FanMilk Yoghurt,Beverages,8,Frimpong Acheampong,Male,Regular
ORD00253,02/03/2024,S005,P013,C0186,1,0.15,52.08,Tamale Superstore,Tamale,Northern,Club Beer (6-pack),Beverages,60,Frimpong Quaye,Male,Regular
ORD00254,02/11/2024,S004,P012,C0014,10,0.1,158.04,Tema Central Market,Tema,Greater Accra,Cassava Dough,Food,18,Osei Tetteh,Male,Regular
ORD00255,06/10/2024,S007,P003,C0175,4,0,497.23,Koforidua Mart,Koforidua,Eastern,Kente Print Shirt,Apparel,120,Kwame Osei,Male,Regular
ORD00256,18/12/2024,S002,P004,C0005,8,0.05,346.38,Kumasi City Mart,Kumasi,Ashanti,Milo Cocoa Powder,Beverages,45,Frimpong Acheampong,Male,Regular
ORD00257,27/02/2024,S004,P007,C0129,10,0.1,340.49,Tema Central Market,Tema,Greater Accra,Alomo Bitters,Beverages,35,Kofi Frimpong,Male,VIP
ORD00258,05/03/2023,S003,P009,C0054,9,0.05,188.05,Takoradi Hub,Takoradi,Western,Shea Butter Lotion,Personal Care,20,Kojo Danquah,Male,Regular
ORD00259,04/05/2024,S007,P006,C0045,8,0.15,34.05,Koforidua Mart,Koforidua,Eastern,Plantain Chips,Snacks,5,Frimpong Adomako,Male,New
ORD00260,29/12/2023,S005,P010,C0124,4,0,47.61,Tamale Superstore,Tamale,Northern,African Black Soap,Personal Care,12,Kwasi Mensah,Male,VIP
ORD00261,02/11/2023,S004,P005,C0198,5,0,52.68,Tema Central Market,Tema,Greater Accra,Gari (1kg),Food,10,Abena Mensah,Female,New
ORD00262,15/05/2024,S006,P008,C0090,9,0.05,67.93,Cape Coast Retail,Cape Coast,Central,FanMilk Yoghurt,Beverages,8,Kwasi Boakye,Male,New
ORD00263,10/08/2024,S007,P015,C0102,6,0,89.42,Koforidua Mart,Koforidua,Eastern,Ideal Milk,Beverages,15,Kojo Appiah,Male,New
ORD00264,22/10/2023,S002,P006,C0114,5,0.1,22.1,Kumasi City Mart,Kumasi,Ashanti,Plantain Chips,Snacks,5,Kojo Danquah,Male,Regular
ORD00265,05/07/2024,S005,P015,C0144,5,0,72.48,Tamale Superstore,Tamale,Northern,Ideal Milk,Beverages,15,Frimpong Owusu,Male,Regular
ORD00266,23/08/2024,S004,P004,C0013,9,0,423.51,Tema Central Market,Tema,Greater Accra,Milo Cocoa Powder,Beverages,45,Osei Addy,Male,Regular
ORD00267,23/02/2023,S002,P007,C0085,8,0,294.61,Kumasi City Mart,Kumasi,Ashanti,Alomo Bitters,Beverages,35,Kofi Owusu,Male,New
ORD00268,21/05/2023,S001,P009,C0041,7,0.1,128.72,Accra Mall SuperMart,Accra,Greater Accra,Shea Butter Lotion,Personal Care,20,Esi Boateng,Female,Regular
ORD00269,24/07/2023,S005,P006,C0074,1,0,5.24,Tamale Superstore,Tamale,Northern,Plantain Chips,Snacks,5,Kojo Tetteh,Male,New
ORD00270,26/08/2023,S001,P015,C0045,7,0,114.46,Accra Mall SuperMart,Accra,Greater Accra,Ideal Milk,Beverages,15,Frimpong Adomako,Male,New
ORD00271,07/02/2023,S007,P013,C0127,3,0.05,184.94,Koforidua Mart,Koforidua,Eastern,Club Beer (6-pack),Beverages,60,Mensah Tetteh,Male,New
ORD00272,10/01/2023,S005,P010,C0155,2,0.05,22.63,Tamale Superstore,Tamale,Northern,African Black Soap,Personal Care,12,Akosua Owusu,Female,Regular
ORD00273,18/10/2024,S008,P015,C0035,9,0.1,120.4,Sunyani Grocers,Sunyani,Bono,Ideal Milk,Beverages,15,Frimpong Boakye,Male,New
ORD00274,26/04/2023,S006,P003,C0188,8,0.05,964.7,Cape Coast Retail,Cape Coast,Central,Kente Print Shirt,Apparel,120,Frimpong Asare,Male,Regular
ORD00275,15/01/2023,S006,P013,C0076,10,0,585.79,Cape Coast Retail,Cape Coast,Central,Club Beer (6-pack),Beverages,60,Akosua Danquah,Female,Regular
ORD00276,16/10/2024,S007,P014,C0110,9,0.05,32.93,Koforidua Mart,Koforidua,Eastern,Voltic Water (1L),Beverages,4,Esi Boakye,Female,New
ORD00277,16/11/2024,S002,P003,C0036,8,0.05,994.42,Kumasi City Mart,Kumasi,Ashanti,Kente Print Shirt,Apparel,120,Ama Adomako,Female,New
ORD00278,07/01/2023,S005,P007,C0061,8,0.05,290.77,Tamale Superstore,Tamale,Northern,Alomo Bitters,Beverages,35,Appiah Mensah,Male,New
ORD00279,06/11/2023,S001,P005,C0168,6,0,57.56,Accra Mall SuperMart,Accra,Greater Accra,Gari (1kg),Food,10,Yaa Owusu,Female,Regular
ORD00280,02/05/2023,S008,P005,C0041,7,0.15,64.76,Sunyani Grocers,Sunyani,Bono,Gari (1kg),Food,10,Esi Boateng,Female,Regular
ORD00281,21/12/2024,S005,P012,C0031,5,0.05,89.11,Tamale Superstore,Tamale,Northern,Cassava Dough,Food,18,Yaw Danquah,Male,New
ORD00282,13/08/2023,S003,P008,C0040,8,0.15,54.73,Takoradi Hub,Takoradi,Western,FanMilk Yoghurt,Beverages,8,Mensah Acheampong,Male,Regular
ORD00283,19/12/2024,S008,P013,C0138,4,0,252.49,Sunyani Grocers,Sunyani,Bono,Club Beer (6-pack),Beverages,60,Esi Addy,Female,Regular
ORD00284,02/09/2024,S002,P009,C0115,9,0.05,164.45,Kumasi City Mart,Kumasi,Ashanti,Shea Butter Lotion,Personal Care,20,Kwasi Appiah,Male,VIP
ORD00285,31/07/2024,S002,P001,C0141,9,0,233.08,Kumasi City Mart,Kumasi,Ashanti,Ghana Jollof Mix,Food,25,Kwame Adomako,Male,Regular
ORD00286,03/06/2023,S003,P006,C0134,8,0,42.08,Takoradi Hub,Takoradi,Western,Plantain Chips,Snacks,5,Kojo Quaye,Male,New
ORD00287,20/08/2024,S008,P002,C0131,8,0,126.23,Sunyani Grocers,Sunyani,Bono,Shito Pepper Sauce,Food,15.5,Mensah Acheampong,Male,Regular
ORD00288,09/06/2024,S007,P008,C0145,1,0.15,6.93,Koforidua Mart,Koforidua,Eastern,FanMilk Yoghurt,Beverages,8,Esi Gyasi,Female,VIP
ORD00289,12/11/2023,S001,P007,C0066,1,0,36.29,Accra Mall SuperMart,Accra,Greater Accra,Alomo Bitters,Beverages,35,Kofi Danquah,Male,Regular
ORD00290,16/02/2023,S007,P006,C0180,2,0.15,9.34,Koforidua Mart,Koforidua,Eastern,Plantain Chips,Snacks,5,Yaw Boateng,Male,Regular
ORD00291,12/03/2023,S008,P001,C0074,7,0,186.44,Sunyani Grocers,Sunyani,Bono,Ghana Jollof Mix,Food,25,Kojo Tetteh,Male,New
ORD00292,18/10/2024,S007,P006,C0098,8,0.1,36.23,Koforidua Mart,Koforidua,Eastern,Plantain Chips,Snacks,5,Ama Quaye,Female,Regular
ORD00293,30/11/2024,S003,P011,C0090,2,0,65.94,Takoradi Hub,Takoradi,Western,Palm Oil (1L),Food,30,Kwasi Boakye,Male,New
ORD00294,07/02/2024,S003,P012,C0058,1,0,19.74,Takoradi Hub,Takoradi,Western,Cassava Dough,Food,18,Afia Osei,Female,VIP
ORD00295,19/04/2024,S007,P009,C0098,4,0,81.53,Koforidua Mart,Koforidua,Eastern,Shea Butter Lotion,Personal Care,20,Ama Quaye,Female,Regular
ORD00296,08/06/2023,S005,P004,C0186,2,0,96.43,Tamale Superstore,Tamale,Northern,Milo Cocoa Powder,Beverages,45,Frimpong Quaye,Male,Regular
ORD00297,05/03/2024,S001,P004,C0053,2,0,93.52,Accra Mall SuperMart,Accra,Greater Accra,Milo Cocoa Powder,Beverages,45,Akosua Frimpong,Female,Regular
ORD00298,02/04/2024,S001,P004,C0190,1,0.1,41.14,Accra Mall SuperMart,Accra,Greater Accra,Milo Cocoa Powder,Beverages,45,Osei Quaye,Male,VIP
ORD00299,06/07/2024,S004,P013,C0199,1,0,61.54,Tema Central Market,Tema,Greater Accra,Club Beer (6-pack),Beverages,60,Abena Asare,Female,VIP
ORD00300,24/10/2023,S004,P014,C0188,10,0.05,39.39,Tema Central Market,Tema,Greater Accra,Voltic Water (1L),Beverages,4,Frimpong Asare,Male,Regular
ORD00301,19/11/2024,S006,P004,C0078,3,0.15,112.82,Cape Coast Retail,Cape Coast,Central,Milo Cocoa Powder,Beverages,45,Frimpong Addy,Male,VIP
ORD00302,04/11/2023,S005,P001,C0143,10,0,260.97,Tamale Superstore,Tamale,Northern,Ghana Jollof Mix,Food,25,Afia Acheampong,Female,VIP
ORD00303,13/03/2024,S008,P001,C0089,7,0.15,148.42,Sunyani Grocers,Sunyani,Bono,Ghana Jollof Mix,Food,25,Abena Gyasi,Female,VIP
ORD00304,02/03/2024,S007,P003,C0077,7,0,893.06,Koforidua Mart,Koforidua,Eastern,Kente Print Shirt,Apparel,120,Ama Quaye,Female,VIP
ORD00305,29/04/2024,S004,P014,C0058,5,0,21.42,Tema Central Market,Tema,Greater Accra,Voltic Water (1L),Beverages,4,Afia Osei,Female,VIP
ORD00306,01/03/2023,S007,P007,C0143,9,0,317.6,Koforidua Mart,Koforidua,Eastern,Alomo Bitters,Beverages,35,Afia Acheampong,Female,VIP
ORD00307,19/09/2023,S004,P006,C0166,2,0.1,9.69,Tema Central Market,Tema,Greater Accra,Plantain Chips,Snacks,5,Abena Boakye,Female,New
ORD00308,05/04/2023,S004,P001,C0069,7,0.15,154.77,Tema Central Market,Tema,Greater Accra,Ghana Jollof Mix,Food,25,Kojo Quaye,Male,Regular
ORD00309,16/03/2023,S004,P013,C0195,10,0.15,501.1,Tema Central Market,Tema,Greater Accra,Club Beer (6-pack),Beverages,60,Appiah Danquah,Male,Regular
ORD00310,02/08/2023,S006,P005,C0004,4,0,43.77,Cape Coast Retail,Cape Coast,Central,Gari (1kg),Food,10,Ama Boakye,Female,New
ORD00311,01/05/2023,S008,P015,C0063,10,0,151.42,Sunyani Grocers,Sunyani,Bono,Ideal Milk,Beverages,15,Frimpong Acheampong,Male,VIP
ORD00312,03/09/2023,S006,P013,C0073,7,0.1,389.36,Cape Coast Retail,Cape Coast,Central,Club Beer (6-pack),Beverages,60,Akosua Tetteh,Female,Regular
ORD00313,03/01/2024,S005,P005,C0093,9,0.1,82.61,Tamale Superstore,Tamale,Northern,Gari (1kg),Food,10,Abena Osei,Female,VIP
ORD00314,25/04/2024,S006,P015,C0053,6,0.05,86.53,Cape Coast Retail,Cape Coast,Central,Ideal Milk,Beverages,15,Akosua Frimpong,Female,Regular
ORD00315,30/07/2024,S004,P012,C0038,1,0.05,17.66,Tema Central Market,Tema,Greater Accra,Cassava Dough,Food,18,Abena Appiah,Female,VIP
ORD00316,21/08/2024,S007,P005,C0040,4,0.05,37.41,Koforidua Mart,Koforidua,Eastern,Gari (1kg),Food,10,Mensah Acheampong,Male,Regular
ORD00317,06/08/2024,S004,P008,C0141,6,0.05,48.54,Tema Central Market,Tema,Greater Accra,FanMilk Yoghurt,Beverages,8,Kwame Adomako,Male,Regular
ORD00318,15/05/2024,S008,P008,C0044,6,0,46.61,Sunyani Grocers,Sunyani,Bono,FanMilk Yoghurt,Beverages,8,Yaw Osei,Male,Regular
ORD00319,13/07/2024,S008,P003,C0139,1,0.15,97.42,Sunyani Grocers,Sunyani,Bono,Kente Print Shirt,Apparel,120,Kwasi Osei,Male,New
ORD00320,18/03/2023,S001,P013,C0002,7,0,452.08,Accra Mall SuperMart,Accra,Greater Accra,Club Beer (6-pack),Beverages,60,Mensah Owusu,Male,Regular
ORD00321,25/08/2023,S002,P012,C0039,1,0,18.47,Kumasi City Mart,Kumasi,Ashanti,Cassava Dough,Food,18,Kwasi Owusu,Male,New
ORD00322,18/01/2024,S001,P010,C0164,10,0.1,113.28,Accra Mall SuperMart,Accra,Greater Accra,African Black Soap,Personal Care,12,Yaw Owusu,Male,New
ORD00323,17/01/2023,S001,P009,C0142,7,0,133.35,Accra Mall SuperMart,Accra,Greater Accra,Shea Butter Lotion,Personal Care,20,Kwasi Boakye,Male,New
ORD00324,09/10/2023,S005,P001,C0129,7,0,169.06,Tamale Superstore,Tamale,Northern,Ghana Jollof Mix,Food,25,Kofi Frimpong,Male,VIP
ORD00325,09/04/2023,S003,P004,C0050,10,0.15,377.86,Takoradi Hub,Takoradi,Western,Milo Cocoa Powder,Beverages,45,Kojo Acheampong,Male,VIP
ORD00326,29/12/2023,S005,P013,C0102,2,0.05,124.7,Tamale Superstore,Tamale,Northern,Club Beer (6-pack),Beverages,60,Kojo Appiah,Male,New
ORD00327,15/04/2024,S004,P012,C0058,5,0,94.33,Tema Central Market,Tema,Greater Accra,Cassava Dough,Food,18,Afia Osei,Female,VIP
ORD00328,27/10/2024,S001,P002,C0104,7,0.1,100.86,Accra Mall SuperMart,Accra,Greater Accra,Shito Pepper Sauce,Food,15.5,Afia Danquah,Female,Regular
ORD00329,27/02/2023,S001,P012,C0044,2,0.1,34.89,Accra Mall SuperMart,Accra,Greater Accra,Cassava Dough,Food,18,Yaw Osei,Male,Regular
ORD00330,22/10/2024,S006,P010,C0025,9,0,106.32,Cape Coast Retail,Cape Coast,Central,African Black Soap,Personal Care,12,Frimpong Addy,Male,VIP
ORD00331,09/12/2024,S008,P005,C0012,2,0.05,20.61,Sunyani Grocers,Sunyani,Bono,Gari (1kg),Food,10,Yaa Adomako,Female,VIP
ORD00332,31/07/2024,S001,P003,C0081,1,0,124.57,Accra Mall SuperMart,Accra,Greater Accra,Kente Print Shirt,Apparel,120,Ama Gyasi,Female,VIP
ORD00333,30/12/2024,S007,P015,C0020,5,0,77.59,Koforidua Mart,Koforidua,Eastern,Ideal Milk,Beverages,15,Afia Owusu,Female,Regular
ORD00334,03/08/2024,S007,P011,C0139,6,0.1,172.26,Koforidua Mart,Koforidua,Eastern,Palm Oil (1L),Food,30,Kwasi Osei,Male,New
ORD00335,24/05/2023,S002,P009,C0191,6,0,115.76,Kumasi City Mart,Kumasi,Ashanti,Shea Butter Lotion,Personal Care,20,Osei Boakye,Male,New
ORD00336,26/08/2023,S002,P006,C0155,10,0.15,42.9,Kumasi City Mart,Kumasi,Ashanti,Plantain Chips,Snacks,5,Akosua Owusu,Female,Regular
ORD00337,01/12/2023,S001,P011,C0070,8,0.1,212.59,Accra Mall SuperMart,Accra,Greater Accra,Palm Oil (1L),Food,30,Appiah Boakye,Male,VIP
ORD00338,20/07/2024,S007,P007,C0048,10,0.1,303.3,Koforidua Mart,Koforidua,Eastern,Alomo Bitters,Beverages,35,Yaa Appiah,Female,VIP
ORD00339,25/09/2024,S005,P013,C0064,2,0,118.82,Tamale Superstore,Tamale,Northern,Club Beer (6-pack),Beverages,60,Osei Boakye,Male,VIP
ORD00340,25/01/2024,S003,P012,C0100,6,0.05,99.11,Takoradi Hub,Takoradi,Western,Cassava Dough,Food,18,Kojo Frimpong,Male,VIP
ORD00341,06/01/2023,S005,P008,C0093,5,0,38.8,Tamale Superstore,Tamale,Northern,FanMilk Yoghurt,Beverages,8,Abena Osei,Female,VIP
ORD00342,11/07/2023,S007,P008,C0143,9,0.15,61.89,Koforidua Mart,Koforidua,Eastern,FanMilk Yoghurt,Beverages,8,Afia Acheampong,Female,VIP
ORD00343,27/01/2023,S002,P006,C0142,2,0.15,8.84,Kumasi City Mart,Kumasi,Ashanti,Plantain Chips,Snacks,5,Kwasi Boakye,Male,New
ORD00344,29/11/2023,S007,P001,C0075,7,0.1,168.03,Koforidua Mart,Koforidua,Eastern,Ghana Jollof Mix,Food,25,Frimpong Mensah,Male,New
ORD00345,26/07/2024,S004,P010,C0134,3,0.1,31.6,Tema Central Market,Tema,Greater Accra,African Black Soap,Personal Care,12,Kojo Quaye,Male,New
ORD00346,03/10/2023,S005,P005,C0127,3,0,29.25,Tamale Superstore,Tamale,Northern,Gari (1kg),Food,10,Mensah Tetteh,Male,New
ORD00347,10/10/2023,S007,P005,C0124,2,0.05,18.77,Koforidua Mart,Koforidua,Eastern,Gari (1kg),Food,10,Kwasi Mensah,Male,VIP
ORD00348,10/09/2023,S008,P010,C0158,4,0.1,41.73,Sunyani Grocers,Sunyani,Bono,African Black Soap,Personal Care,12,Osei Boakye,Male,New
ORD00349,08/11/2023,S001,P007,C0086,10,0.1,337.24,Accra Mall SuperMart,Accra,Greater Accra,Alomo Bitters,Beverages,35,Appiah Adomako,Male,VIP
ORD00350,04/12/2023,S008,P006,C0111,10,0,49.75,Sunyani Grocers,Sunyani,Bono,Plantain Chips,Snacks,5,Ama Mensah,Female,VIP
ORD00351,09/09/2024,S004,P008,C0081,3,0.1,23.66,Tema Central Market,Tema,Greater Accra,FanMilk Yoghurt,Beverages,8,Ama Gyasi,Female,VIP
ORD00352,26/10/2023,S008,P010,C0063,6,0.1,64.28,Sunyani Grocers,Sunyani,Bono,African Black Soap,Personal Care,12,Frimpong Acheampong,Male,VIP
ORD00353,07/02/2024,S006,P002,C0145,4,0.15,57.95,Cape Coast Retail,Cape Coast,Central,Shito Pepper Sauce,Food,15.5,Esi Gyasi,Female,VIP
ORD00354,04/07/2023,S001,P012,C0119,4,0.1,69.31,Accra Mall SuperMart,Accra,Greater Accra,Cassava Dough,Food,18,Kojo Addy,Male,Regular
ORD00355,10/12/2024,S002,P014,C0105,8,0,33.44,Kumasi City Mart,Kumasi,Ashanti,Voltic Water (1L),Beverages,4,Osei Danquah,Male,VIP
ORD00356,05/09/2023,S005,P011,C0040,7,0.1,181.65,Tamale Superstore,Tamale,Northern,Palm Oil (1L),Food,30,Mensah Acheampong,Male,Regular
ORD00357,04/09/2024,S008,P010,C0103,9,0.15,99.93,Sunyani Grocers,Sunyani,Bono,African Black Soap,Personal Care,12,Frimpong Quaye,Male,New
ORD00358,09/12/2024,S007,P009,C0010,6,0.15,105.99,Koforidua Mart,Koforidua,Eastern,Shea Butter Lotion,Personal Care,20,Mensah Boakye,Male,New
ORD00359,29/03/2023,S002,P013,C0064,6,0,376.94,Kumasi City Mart,Kumasi,Ashanti,Club Beer (6-pack),Beverages,60,Osei Boakye,Male,VIP
ORD00360,15/02/2023,S007,P013,C0085,7,0,399.66,Koforidua Mart,Koforidua,Eastern,Club Beer (6-pack),Beverages,60,Kofi Owusu,Male,New
ORD00361,22/09/2023,S004,P009,C0192,9,0.15,158.67,Tema Central Market,Tema,Greater Accra,Shea Butter Lotion,Personal Care,20,Osei Frimpong,Male,VIP
ORD00362,12/08/2024,S004,P008,C0096,7,0.1,53.72,Tema Central Market,Tema,Greater Accra,FanMilk Yoghurt,Beverages,8,Kwame Osei,Male,New
ORD00363,25/08/2024,S003,P006,C0007,8,0,39.77,Takoradi Hub,Takoradi,Western,Plantain Chips,Snacks,5,Kwame Osei,Male,Regular
ORD00364,29/03/2023,S002,P014,C0187,3,0.05,11.36,Kumasi City Mart,Kumasi,Ashanti,Voltic Water (1L),Beverages,4,Appiah Appiah,Male,Regular
ORD00365,11/04/2024,S004,P009,C0124,6,0.1,104.18,Tema Central Market,Tema,Greater Accra,Shea Butter Lotion,Personal Care,20,Kwasi Mensah,Male,VIP
ORD00366,14/12/2024,S008,P006,C0018,5,0,26.79,Sunyani Grocers,Sunyani,Bono,Plantain Chips,Snacks,5,Ama Asare,Female,Regular
ORD00367,28/04/2023,S001,P014,C0088,2,0,8.72,Accra Mall SuperMart,Accra,Greater Accra,Voltic Water (1L),Beverages,4,Osei Gyasi,Male,New
ORD00368,07/09/2023,S003,P009,C0041,6,0.15,103.42,Takoradi Hub,Takoradi,Western,Shea Butter Lotion,Personal Care,20,Esi Boateng,Female,Regular
ORD00369,18/04/2024,S004,P013,C0104,3,0,188.29,Tema Central Market,Tema,Greater Accra,Club Beer (6-pack),Beverages,60,Afia Danquah,Female,Regular
ORD00370,18/03/2024,S007,P001,C0189,10,0,254.36,Koforidua Mart,Koforidua,Eastern,Ghana Jollof Mix,Food,25,Kofi Gyasi,Male,VIP
ORD00371,15/03/2024,S007,P001,C0181,4,0,99.18,Koforidua Mart,Koforidua,Eastern,Ghana Jollof Mix,Food,25,Frimpong Boateng,Male,Regular
ORD00372,21/12/2024,S002,P010,C0027,9,0,108.53,Kumasi City Mart,Kumasi,Ashanti,African Black Soap,Personal Care,12,Ama Mensah,Female,New
ORD00373,21/07/2023,S008,P002,C0068,8,0.15,115.4,Sunyani Grocers,Sunyani,Bono,Shito Pepper Sauce,Food,15.5,Yaw Acheampong,Male,Regular
ORD00374,17/11/2023,S007,P010,C0101,10,0,120.26,Koforidua Mart,Koforidua,Eastern,African Black Soap,Personal Care,12,Esi Danquah,Female,Regular
ORD00375,13/04/2024,S003,P014,C0173,5,0.15,17.65,Takoradi Hub,Takoradi,Western,Voltic Water (1L),Beverages,4,Mensah Danquah,Male,New
ORD00376,19/11/2024,S003,P006,C0031,4,0.05,18.38,Takoradi Hub,Takoradi,Western,Plantain Chips,Snacks,5,Yaw Danquah,Male,New
ORD00377,18/01/2024,S003,P009,C0100,7,0.15,115.51,Takoradi Hub,Takoradi,Western,Shea Butter Lotion,Personal Care,20,Kojo Frimpong,Male,VIP
ORD00378,28/01/2024,S007,P003,C0125,9,0,1115.9,Koforidua Mart,Koforidua,Eastern,Kente Print Shirt,Apparel,120,Yaw Quaye,Male,VIP
ORD00379,16/05/2024,S005,P003,C0048,6,0.1,675.81,Tamale Superstore,Tamale,Northern,Kente Print Shirt,Apparel,120,Yaa Appiah,Female,VIP
ORD00380,03/01/2024,S001,P008,C0035,4,0.1,31.52,Accra Mall SuperMart,Accra,Greater Accra,FanMilk Yoghurt,Beverages,8,Frimpong Boakye,Male,New
ORD00381,01/06/2024,S008,P007,C0176,8,0.1,266.24,Sunyani Grocers,Sunyani,Bono,Alomo Bitters,Beverages,35,Frimpong Gyasi,Male,Regular
ORD00382,30/03/2024,S008,P003,C0022,10,0,1283.26,Sunyani Grocers,Sunyani,Bono,Kente Print Shirt,Apparel,120,Ama Quaye,Female,VIP
ORD00383,14/08/2023,S005,P001,C0071,4,0.15,84.43,Tamale Superstore,Tamale,Northern,Ghana Jollof Mix,Food,25,Appiah Boakye,Male,New
ORD00384,13/04/2024,S008,P009,C0131,2,0.15,32.88,Sunyani Grocers,Sunyani,Bono,Shea Butter Lotion,Personal Care,20,Mensah Acheampong,Male,Regular
ORD00385,10/07/2024,S006,P009,C0194,1,0.1,18.58,Cape Coast Retail,Cape Coast,Central,Shea Butter Lotion,Personal Care,20,Ama Asare,Female,Regular
ORD00386,11/03/2024,S002,P012,C0168,4,0.05,73.96,Kumasi City Mart,Kumasi,Ashanti,Cassava Dough,Food,18,Yaa Owusu,Female,Regular
ORD00387,03/02/2023,S008,P005,C0090,2,0.1,19.44,Sunyani Grocers,Sunyani,Bono,Gari (1kg),Food,10,Kwasi Boakye,Male,New
ORD00388,01/05/2023,S004,P004,C0189,10,0.05,461.34,Tema Central Market,Tema,Greater Accra,Milo Cocoa Powder,Beverages,45,Kofi Gyasi,Male,VIP
ORD00389,16/09/2024,S007,P003,C0158,3,0,385.93,Koforidua Mart,Koforidua,Eastern,Kente Print Shirt,Apparel,120,Osei Boakye,Male,New
ORD00390,02/03/2023,S006,P009,C0072,10,0.15,165.79,Cape Coast Retail,Cape Coast,Central,Shea Butter Lotion,Personal Care,20,Afia Frimpong,Female,Regular
ORD00391,21/12/2024,S005,P005,C0147,5,0.15,46.66,Tamale Superstore,Tamale,Northern,Gari (1kg),Food,10,Kofi Boakye,Male,New
ORD00392,26/11/2024,S002,P003,C0193,7,0,923.05,Kumasi City Mart,Kumasi,Ashanti,Kente Print Shirt,Apparel,120,Kofi Tetteh,Male,New
ORD00393,02/11/2024,S003,P012,C0034,4,0,76.08,Takoradi Hub,Takoradi,Western,Cassava Dough,Food,18,Esi Owusu,Female,New
ORD00394,11/09/2023,S007,P008,C0037,10,0.05,79.36,Koforidua Mart,Koforidua,Eastern,FanMilk Yoghurt,Beverages,8,Kofi Acheampong,Male,New
ORD00395,20/01/2024,S008,P002,C0163,2,0.1,28.66,Sunyani Grocers,Sunyani,Bono,Shito Pepper Sauce,Food,15.5,Mensah Acheampong,Male,Regular
ORD00396,12/10/2023,S006,P008,C0125,6,0.15,38.78,Cape Coast Retail,Cape Coast,Central,FanMilk Yoghurt,Beverages,8,Yaw Quaye,Male,VIP
ORD00397,06/04/2023,S008,P011,C0171,6,0,192.48,Sunyani Grocers,Sunyani,Bono,Palm Oil (1L),Food,30,Kwame Boateng,Male,Regular
ORD00398,12/02/2024,S004,P007,C0055,8,0.05,265.58,Tema Central Market,Tema,Greater Accra,Alomo Bitters,Beverages,35,Osei Mensah,Male,Regular
ORD00399,18/10/2023,S006,P009,C0148,3,0.15,54.97,Cape Coast Retail,Cape Coast,Central,Shea Butter Lotion,Personal Care,20,Yaw Danquah,Male,VIP
ORD00400,18/12/2023,S001,P001,C0026,8,0,193.73,Accra Mall SuperMart,Accra,Greater Accra,Ghana Jollof Mix,Food,25,Afia Frimpong,Female,New
ORD00401,11/06/2023,S008,P008,C0001,7,0,61.56,Sunyani Grocers,Sunyani,Bono,FanMilk Yoghurt,Beverages,8,Esi Osei,Female,Regular
ORD00402,16/05/2023,S005,P003,C0071,2,0.05,225.16,Tamale Superstore,Tamale,Northern,Kente Print Shirt,Apparel,120,Appiah Boakye,Male,New
ORD00403,16/01/2024,S003,P001,C0102,5,0,126.8,Takoradi Hub,Takoradi,Western,Ghana Jollof Mix,Food,25,Kojo Appiah,Male,New
ORD00404,04/04/2023,S002,P001,C0055,8,0,193.98,Kumasi City Mart,Kumasi,Ashanti,Ghana Jollof Mix,Food,25,Osei Mensah,Male,Regular
ORD00405,20/08/2023,S008,P001,C0003,6,0,164.73,Sunyani Grocers,Sunyani,Bono,Ghana Jollof Mix,Food,25,Abena Appiah,Female,New
ORD00406,08/03/2024,S003,P008,C0019,4,0.1,27.75,Takoradi Hub,Takoradi,Western,FanMilk Yoghurt,Beverages,8,Akosua Addy,Female,VIP
ORD00407,15/04/2023,S002,P006,C0095,5,0,25.19,Kumasi City Mart,Kumasi,Ashanti,Plantain Chips,Snacks,5,Abena Adomako,Female,Regular
ORD00408,17/05/2023,S003,P002,C0136,10,0,161.44,Takoradi Hub,Takoradi,Western,Shito Pepper Sauce,Food,15.5,Ama Addy,Female,Regular
ORD00409,18/06/2023,S008,P006,C0185,4,0,21.76,Sunyani Grocers,Sunyani,Bono,Plantain Chips,Snacks,5,Afia Gyasi,Female,Regular
ORD00410,22/09/2024,S008,P014,C0056,2,0,7.77,Sunyani Grocers,Sunyani,Bono,Voltic Water (1L),Beverages,4,Kofi Boakye,Male,Regular
ORD00411,07/05/2023,S007,P006,C0110,6,0,29.62,Koforidua Mart,Koforidua,Eastern,Plantain Chips,Snacks,5,Esi Boakye,Female,New
ORD00412,22/10/2024,S002,P004,C0142,10,0.15,404.75,Kumasi City Mart,Kumasi,Ashanti,Milo Cocoa Powder,Beverages,45,Kwasi Boakye,Male,New
ORD00413,19/10/2023,S001,P014,C0169,5,0,20.55,Accra Mall SuperMart,Accra,Greater Accra,Voltic Water (1L),Beverages,4,Ama Boakye,Female,VIP
ORD00414,05/06/2024,S004,P012,C0101,5,0,96.08,Tema Central Market,Tema,Greater Accra,Cassava Dough,Food,18,Esi Danquah,Female,Regular
ORD00415,03/09/2023,S008,P007,C0029,4,0.1,131.76,Sunyani Grocers,Sunyani,Bono,Alomo Bitters,Beverages,35,Ama Addy,Female,Regular
ORD00416,14/03/2023,S001,P006,C0082,3,0.1,14.57,Accra Mall SuperMart,Accra,Greater Accra,Plantain Chips,Snacks,5,Appiah Osei,Male,New
ORD00417,05/08/2024,S007,P006,C0140,3,0.1,14.76,Koforidua Mart,Koforidua,Eastern,Plantain Chips,Snacks,5,Abena Adomako,Female,New
ORD00418,16/03/2023,S001,P010,C0018,1,0.05,11.2,Accra Mall SuperMart,Accra,Greater Accra,African Black Soap,Personal Care,12,Ama Asare,Female,Regular
ORD00419,03/03/2023,S007,P009,C0074,9,0.1,164.19,Koforidua Mart,Koforidua,Eastern,Shea Butter Lotion,Personal Care,20,Kojo Tetteh,Male,New
ORD00420,16/02/2024,S002,P011,C0138,9,0.15,223.28,Kumasi City Mart,Kumasi,Ashanti,Palm Oil (1L),Food,30,Esi Addy,Female,Regular
ORD00421,27/03/2023,S005,P002,C0131,4,0,63.89,Tamale Superstore,Tamale,Northern,Shito Pepper Sauce,Food,15.5,Mensah Acheampong,Male,Regular
ORD00422,05/02/2024,S002,P005,C0179,7,0,67.11,Kumasi City Mart,Kumasi,Ashanti,Gari (1kg),Food,10,Kwasi Appiah,Male,Regular
ORD00423,30/03/2023,S007,P002,C0117,10,0.15,126.25,Koforidua Mart,Koforidua,Eastern,Shito Pepper Sauce,Food,15.5,Yaa Tetteh,Female,New
ORD00424,13/11/2024,S003,P002,C0004,3,0,45.32,Takoradi Hub,Takoradi,Western,Shito Pepper Sauce,Food,15.5,Ama Boakye,Female,New
ORD00425,22/12/2023,S005,P003,C0096,3,0.05,362.5,Tamale Superstore,Tamale,Northern,Kente Print Shirt,Apparel,120,Kwame Osei,Male,New
ORD00426,01/05/2023,S001,P006,C0110,5,0.15,20.39,Accra Mall SuperMart,Accra,Greater Accra,Plantain Chips,Snacks,5,Esi Boakye,Female,New
ORD00427,30/12/2024,S002,P008,C0117,9,0.05,65.55,Kumasi City Mart,Kumasi,Ashanti,FanMilk Yoghurt,Beverages,8,Yaa Tetteh,Female,New
ORD00428,03/08/2024,S003,P006,C0041,5,0,27.1,Takoradi Hub,Takoradi,Western,Plantain Chips,Snacks,5,Esi Boateng,Female,Regular
ORD00429,21/11/2024,S002,P004,C0190,9,0,387.43,Kumasi City Mart,Kumasi,Ashanti,Milo Cocoa Powder,Beverages,45,Osei Quaye,Male,VIP
ORD00430,13/01/2023,S004,P001,C0121,6,0.1,146.88,Tema Central Market,Tema,Greater Accra,Ghana Jollof Mix,Food,25,Kofi Asare,Male,VIP
ORD00431,03/07/2023,S001,P009,C0183,7,0,139.76,Accra Mall SuperMart,Accra,Greater Accra,Shea Butter Lotion,Personal Care,20,Ama Boateng,Female,New
ORD00432,02/03/2024,S006,P005,C0020,10,0.05,91.95,Cape Coast Retail,Cape Coast,Central,Gari (1kg),Food,10,Afia Owusu,Female,Regular
ORD00433,20/11/2024,S001,P003,C0058,9,0,1180.56,Accra Mall SuperMart,Accra,Greater Accra,Kente Print Shirt,Apparel,120,Afia Osei,Female,VIP
ORD00434,12/03/2023,S008,P014,C0073,5,0.05,18.3,Sunyani Grocers,Sunyani,Bono,Voltic Water (1L),Beverages,4,Akosua Tetteh,Female,Regular
ORD00435,12/04/2024,S001,P006,C0052,5,0.15,22.69,Accra Mall SuperMart,Accra,Greater Accra,Plantain Chips,Snacks,5,Frimpong Adomako,Male,VIP
ORD00436,29/09/2024,S004,P008,C0095,10,0.1,79.18,Tema Central Market,Tema,Greater Accra,FanMilk Yoghurt,Beverages,8,Abena Adomako,Female,Regular
ORD00437,20/07/2023,S004,P003,C0002,7,0,827.36,Tema Central Market,Tema,Greater Accra,Kente Print Shirt,Apparel,120,Mensah Owusu,Male,Regular
ORD00438,21/12/2023,S001,P006,C0001,7,0.05,32.11,Accra Mall SuperMart,Accra,Greater Accra,Plantain Chips,Snacks,5,Esi Osei,Female,Regular
ORD00439,26/06/2024,S004,P007,C0126,1,0,36.99,Tema Central Market,Tema,Greater Accra,Alomo Bitters,Beverages,35,Yaw Asare,Male,New
ORD00440,06/04/2023,S001,P015,C0060,9,0.1,128.2,Accra Mall SuperMart,Accra,Greater Accra,Ideal Milk,Beverages,15,Kojo Owusu,Male,New
ORD00441,17/01/2024,S008,P012,C0022,10,0,184.65,Sunyani Grocers,Sunyani,Bono,Cassava Dough,Food,18,Ama Quaye,Female,VIP
ORD00442,14/10/2024,S007,P002,C0152,10,0,157.36,Koforidua Mart,Koforidua,Eastern,Shito Pepper Sauce,Food,15.5,Kojo Frimpong,Male,New
ORD00443,14/05/2023,S004,P005,C0067,6,0.1,56.98,Tema Central Market,Tema,Greater Accra,Gari (1kg),Food,10,Mensah Quaye,Male,New
ORD00444,01/12/2023,S006,P008,C0070,4,0,34.93,Cape Coast Retail,Cape Coast,Central,FanMilk Yoghurt,Beverages,8,Appiah Boakye,Male,VIP
ORD00445,20/05/2023,S002,P003,C0028,3,0.1,330.45,Kumasi City Mart,Kumasi,Ashanti,Kente Print Shirt,Apparel,120,Abena Tetteh,Female,VIP
ORD00446,21/02/2024,S002,P009,C0092,4,0.1,71.73,Kumasi City Mart,Kumasi,Ashanti,Shea Butter Lotion,Personal Care,20,Yaa Osei,Female,Regular
ORD00447,29/09/2023,S002,P002,C0041,5,0.15,62.98,Kumasi City Mart,Kumasi,Ashanti,Shito Pepper Sauce,Food,15.5,Esi Boateng,Female,Regular
ORD00448,02/12/2023,S003,P002,C0183,4,0.05,59.46,Takoradi Hub,Takoradi,Western,Shito Pepper Sauce,Food,15.5,Ama Boateng,Female,New
ORD00449,20/02/2023,S005,P005,C0045,1,0.1,9.7,Tamale Superstore,Tamale,Northern,Gari (1kg),Food,10,Frimpong Adomako,Male,New
ORD00450,23/07/2024,S004,P002,C0119,2,0,30.01,Tema Central Market,Tema,Greater Accra,Shito Pepper Sauce,Food,15.5,Kojo Addy,Male,Regular
ORD00451,05/03/2023,S004,P003,C0051,7,0.05,840.25,Tema Central Market,Tema,Greater Accra,Kente Print Shirt,Apparel,120,Mensah Adomako,Male,VIP
ORD00452,22/10/2024,S002,P010,C0151,5,0,57.2,Kumasi City Mart,Kumasi,Ashanti,African Black Soap,Personal Care,12,Afia Osei,Female,Regular
ORD00453,08/03/2023,S004,P015,C0166,8,0,115.66,Tema Central Market,Tema,Greater Accra,Ideal Milk,Beverages,15,Abena Boakye,Female,New
ORD00454,06/12/2023,S002,P001,C0119,1,0,27.22,Kumasi City Mart,Kumasi,Ashanti,Ghana Jollof Mix,Food,25,Kojo Addy,Male,Regular
ORD00455,19/03/2024,S007,P008,C0008,7,0.1,49.19,Koforidua Mart,Koforidua,Eastern,FanMilk Yoghurt,Beverages,8,Abena Acheampong,Female,New
ORD00456,08/08/2023,S003,P005,C0072,8,0,76.42,Takoradi Hub,Takoradi,Western,Gari (1kg),Food,10,Afia Frimpong,Female,Regular
ORD00457,26/09/2024,S004,P011,C0076,8,0.1,233.8,Tema Central Market,Tema,Greater Accra,Palm Oil (1L),Food,30,Akosua Danquah,Female,Regular
ORD00458,05/05/2024,S001,P002,C0072,7,0,109.9,Accra Mall SuperMart,Accra,Greater Accra,Shito Pepper Sauce,Food,15.5,Afia Frimpong,Female,Regular
ORD00459,20/10/2024,S004,P011,C0140,1,0.1,28.82,Tema Central Market,Tema,Greater Accra,Palm Oil (1L),Food,30,Abena Adomako,Female,New
ORD00460,03/01/2024,S008,P009,C0125,6,0.15,104.59,Sunyani Grocers,Sunyani,Bono,Shea Butter Lotion,Personal Care,20,Yaw Quaye,Male,VIP
ORD00461,02/02/2024,S005,P003,C0007,6,0.15,601.51,Tamale Superstore,Tamale,Northern,Kente Print Shirt,Apparel,120,Kwame Osei,Male,Regular
ORD00462,15/10/2023,S001,P013,C0121,9,0.05,546.36,Accra Mall SuperMart,Accra,Greater Accra,Club Beer (6-pack),Beverages,60,Kofi Asare,Male,VIP
ORD00463,27/08/2023,S003,P002,C0064,4,0.05,60.67,Takoradi Hub,Takoradi,Western,Shito Pepper Sauce,Food,15.5,Osei Boakye,Male,VIP
ORD00464,27/02/2023,S004,P010,C0100,6,0,70.3,Tema Central Market,Tema,Greater Accra,African Black Soap,Personal Care,12,Kojo Frimpong,Male,VIP
ORD00465,29/08/2024,S006,P013,C0189,6,0.15,291.99,Cape Coast Retail,Cape Coast,Central,Club Beer (6-pack),Beverages,60,Kofi Gyasi,Male,VIP
ORD00466,18/12/2024,S006,P010,C0145,3,0.15,33.42,Cape Coast Retail,Cape Coast,Central,African Black Soap,Personal Care,12,Esi Gyasi,Female,VIP
ORD00467,19/05/2024,S005,P003,C0126,1,0,115.01,Tamale Superstore,Tamale,Northern,Kente Print Shirt,Apparel,120,Yaw Asare,Male,New
ORD00468,08/09/2024,S004,P001,C0135,8,0,199.95,Tema Central Market,Tema,Greater Accra,Ghana Jollof Mix,Food,25,Kofi Mensah,Male,New
ORD00469,20/09/2024,S004,P013,C0034,6,0,391.61,Tema Central Market,Tema,Greater Accra,Club Beer (6-pack),Beverages,60,Esi Owusu,Female,New
ORD00470,28/11/2023,S001,P001,C0038,10,0,266.54,Accra Mall SuperMart,Accra,Greater Accra,Ghana Jollof Mix,Food,25,Abena Appiah,Female,VIP
ORD00471,22/06/2024,S006,P002,C0096,7,0.15,89.01,Cape Coast Retail,Cape Coast,Central,Shito Pepper Sauce,Food,15.5,Kwame Osei,Male,New
ORD00472,06/11/2023,S006,P003,C0041,7,0.1,791.82,Cape Coast Retail,Cape Coast,Central,Kente Print Shirt,Apparel,120,Esi Boateng,Female,Regular
ORD00473,28/06/2023,S006,P004,C0171,10,0,453.04,Cape Coast Retail,Cape Coast,Central,Milo Cocoa Powder,Beverages,45,Kwame Boateng,Male,Regular
ORD00474,06/12/2024,S005,P003,C0046,1,0.15,102.89,Tamale Superstore,Tamale,Northern,Kente Print Shirt,Apparel,120,Akosua Frimpong,Female,New
ORD00475,04/08/2024,S001,P003,C0155,6,0.15,601.68,Accra Mall SuperMart,Accra,Greater Accra,Kente Print Shirt,Apparel,120,Akosua Owusu,Female,Regular
ORD00476,02/08/2024,S002,P015,C0128,3,0.05,45.39,Kumasi City Mart,Kumasi,Ashanti,Ideal Milk,Beverages,15,Esi Gyasi,Female,VIP
ORD00477,01/09/2023,S006,P006,C0043,2,0.05,9.66,Cape Coast Retail,Cape Coast,Central,Plantain Chips,Snacks,5,Osei Boateng,Male,VIP
ORD00478,29/09/2023,S004,P004,C0178,2,0.05,84.52,Tema Central Market,Tema,Greater Accra,Milo Cocoa Powder,Beverages,45,Afia Acheampong,Female,Regular
ORD00479,21/04/2023,S001,P001,C0099,8,0.1,197.17,Accra Mall SuperMart,Accra,Greater Accra,Ghana Jollof Mix,Food,25,Appiah Boateng,Male,Regular
ORD00480,28/02/2024,S008,P015,C0097,6,0.15,76.98,Sunyani Grocers,Sunyani,Bono,Ideal Milk,Beverages,15,Esi Mensah,Female,Regular
ORD00481,05/05/2024,S004,P003,C0116,2,0,238.62,Tema Central Market,Tema,Greater Accra,Kente Print Shirt,Apparel,120,Yaa Frimpong,Female,Regular
ORD00482,23/11/2023,S005,P002,C0019,6,0,100.74,Tamale Superstore,Tamale,Northern,Shito Pepper Sauce,Food,15.5,Akosua Addy,Female,VIP
ORD00483,14/06/2023,S002,P009,C0024,6,0.15,111.97,Kumasi City Mart,Kumasi,Ashanti,Shea Butter Lotion,Personal Care,20,Appiah Boakye,Male,New
ORD00484,09/05/2024,S001,P007,C0168,3,0.15,96.7,Accra Mall SuperMart,Accra,Greater Accra,Alomo Bitters,Beverages,35,Yaa Owusu,Female,Regular
ORD00485,10/06/2023,S001,P002,C0085,4,0,62.71,Accra Mall SuperMart,Accra,Greater Accra,Shito Pepper Sauce,Food,15.5,Kofi Owusu,Male,New
ORD00486,21/07/2024,S005,P011,C0073,5,0,144.66,Tamale Superstore,Tamale,Northern,Palm Oil (1L),Food,30,Akosua Tetteh,Female,Regular
ORD00487,07/02/2024,S008,P003,C0014,6,0,730.18,Sunyani Grocers,Sunyani,Bono,Kente Print Shirt,Apparel,120,Osei Tetteh,Male,Regular
ORD00488,29/10/2023,S008,P004,C0025,1,0,43.9,Sunyani Grocers,Sunyani,Bono,Milo Cocoa Powder,Beverages,45,Frimpong Addy,Male,VIP
ORD00489,26/10/2023,S002,P008,C0030,5,0.1,36.74,Kumasi City Mart,Kumasi,Ashanti,FanMilk Yoghurt,Beverages,8,Appiah Osei,Male,VIP
ORD00490,07/11/2024,S005,P002,C0165,9,0.1,122.75,Tamale Superstore,Tamale,Northern,Shito Pepper Sauce,Food,15.5,Abena Gyasi,Female,VIP
ORD00491,26/01/2024,S006,P003,C0115,1,0.05,115.82,Cape Coast Retail,Cape Coast,Central,Kente Print Shirt,Apparel,120,Kwasi Appiah,Male,VIP
ORD00492,27/09/2023,S004,P014,C0069,10,0,38.91,Tema Central Market,Tema,Greater Accra,Voltic Water (1L),Beverages,4,Kojo Quaye,Male,Regular
ORD00493,14/12/2024,S002,P002,C0172,6,0.15,80.01,Kumasi City Mart,Kumasi,Ashanti,Shito Pepper Sauce,Food,15.5,Esi Owusu,Female,Regular
ORD00494,26/08/2024,S004,P009,C0016,7,0.15,120.52,Tema Central Market,Tema,Greater Accra,Shea Butter Lotion,Personal Care,20,Yaw Appiah,Male,Regular
ORD00495,02/07/2024,S008,P010,C0061,8,0.05,87.72,Sunyani Grocers,Sunyani,Bono,African Black Soap,Personal Care,12,Appiah Mensah,Male,New
ORD00496,05/02/2023,S003,P002,C0194,8,0,135.45,Takoradi Hub,Takoradi,Western,Shito Pepper Sauce,Food,15.5,Ama Asare,Female,Regular
ORD00497,21/06/2023,S004,P013,C0050,3,0,182.43,Tema Central Market,Tema,Greater Accra,Club Beer (6-pack),Beverages,60,Kojo Acheampong,Male,VIP
ORD00498,30/11/2024,S007,P004,C0161,3,0.15,113.45,Koforidua Mart,Koforidua,Eastern,Milo Cocoa Powder,Beverages,45,Ama Quaye,Female,Regular
ORD00499,10/03/2023,S002,P007,C0143,7,0.15,208.02,Kumasi City Mart,Kumasi,Ashanti,Alomo Bitters,Beverages,35,Afia Acheampong,Female,VIP
ORD00500,10/10/2023,S008,P015,C0004,10,0.15,131.12,Sunyani Grocers,Sunyani,Bono,Ideal Milk,Beverages,15,Ama Boakye,Female,New
ORD00501,05/03/2024,S002,P007,C0039,3,0.15,92.66,Kumasi City Mart,Kumasi,Ashanti,Alomo Bitters,Beverages,35,Kwasi Owusu,Male,New
ORD00502,13/04/2023,S002,P010,C0200,2,0.05,24.63,Kumasi City Mart,Kumasi,Ashanti,African Black Soap,Personal Care,12,Yaw Addy,Male,Regular
ORD00503,19/12/2023,S007,P005,C0099,8,0.15,70.81,Koforidua Mart,Koforidua,Eastern,Gari (1kg),Food,10,Appiah Boateng,Male,Regular
ORD00504,08/02/2023,S003,P005,C0104,3,0.15,26.55,Takoradi Hub,Takoradi,Western,Gari (1kg),Food,10,Afia Danquah,Female,Regular
ORD00505,11/12/2024,S007,P001,C0102,6,0,143.61,Koforidua Mart,Koforidua,Eastern,Ghana Jollof Mix,Food,25,Kojo Appiah,Male,New
ORD00506,01/05/2024,S005,P015,C0096,1,0.05,15.28,Tamale Superstore,Tamale,Northern,Ideal Milk,Beverages,15,Kwame Osei,Male,New
ORD00507,07/11/2023,S005,P005,C0126,2,0,19.4,Tamale Superstore,Tamale,Northern,Gari (1kg),Food,10,Yaw Asare,Male,New
ORD00508,29/03/2024,S006,P005,C0187,7,0.15,62.29,Cape Coast Retail,Cape Coast,Central,Gari (1kg),Food,10,Appiah Appiah,Male,Regular
ORD00509,12/07/2023,S008,P004,C0105,8,0.15,330.5,Sunyani Grocers,Sunyani,Bono,Milo Cocoa Powder,Beverages,45,Osei Danquah,Male,VIP
ORD00510,27/02/2023,S003,P002,C0080,9,0.1,121.83,Takoradi Hub,Takoradi,Western,Shito Pepper Sauce,Food,15.5,Frimpong Adomako,Male,Regular
ORD00511,20/06/2024,S001,P003,C0050,4,0,473.96,Accra Mall SuperMart,Accra,Greater Accra,Kente Print Shirt,Apparel,120,Kojo Acheampong,Male,VIP
ORD00512,12/04/2024,S001,P015,C0093,4,0.05,57.3,Accra Mall SuperMart,Accra,Greater Accra,Ideal Milk,Beverages,15,Abena Osei,Female,VIP
ORD00513,20/04/2024,S007,P011,C0032,1,0,30.18,Koforidua Mart,Koforidua,Eastern,Palm Oil (1L),Food,30,Appiah Boateng,Male,Regular
ORD00514,31/08/2024,S008,P003,C0122,10,0.15,1022.51,Sunyani Grocers,Sunyani,Bono,Kente Print Shirt,Apparel,120,Yaa Frimpong,Female,VIP
ORD00515,17/06/2023,S005,P012,C0177,2,0.05,32.63,Tamale Superstore,Tamale,Northern,Cassava Dough,Food,18,Kojo Mensah,Male,VIP
ORD00516,20/02/2023,S003,P014,C0147,4,0,16.75,Takoradi Hub,Takoradi,Western,Voltic Water (1L),Beverages,4,Kofi Boakye,Male,New
ORD00517,24/11/2024,S004,P005,C0167,7,0.15,56.7,Tema Central Market,Tema,Greater Accra,Gari (1kg),Food,10,Appiah Owusu,Male,New
ORD00518,29/11/2024,S001,P008,C0034,3,0.15,21.83,Accra Mall SuperMart,Accra,Greater Accra,FanMilk Yoghurt,Beverages,8,Esi Owusu,Female,New
ORD00519,18/08/2023,S005,P010,C0079,5,0.1,58.55,Tamale Superstore,Tamale,Northern,African Black Soap,Personal Care,12,Abena Mensah,Female,Regular
ORD00520,24/12/2023,S008,P005,C0056,8,0.05,79.92,Sunyani Grocers,Sunyani,Bono,Gari (1kg),Food,10,Kofi Boakye,Male,Regular
ORD00521,30/09/2024,S007,P010,C0027,1,0.15,11.22,Koforidua Mart,Koforidua,Eastern,African Black Soap,Personal Care,12,Ama Mensah,Female,New
ORD00522,19/01/2024,S005,P005,C0176,2,0.1,17.27,Tamale Superstore,Tamale,Northern,Gari (1kg),Food,10,Frimpong Gyasi,Male,Regular
ORD00523,11/10/2023,S006,P014,C0071,5,0.05,18.59,Cape Coast Retail,Cape Coast,Central,Voltic Water (1L),Beverages,4,Appiah Boakye,Male,New
ORD00524,13/06/2024,S004,P015,C0015,10,0.1,141.63,Tema Central Market,Tema,Greater Accra,Ideal Milk,Beverages,15,Mensah Asare,Male,VIP
ORD00525,28/11/2024,S003,P012,C0007,8,0.05,135.28,Takoradi Hub,Takoradi,Western,Cassava Dough,Food,18,Kwame Osei,Male,Regular
ORD00526,04/03/2024,S007,P007,C0189,1,0.15,31.42,Koforidua Mart,Koforidua,Eastern,Alomo Bitters,Beverages,35,Kofi Gyasi,Male,VIP
ORD00527,08/08/2024,S004,P006,C0186,4,0.15,17.78,Tema Central Market,Tema,Greater Accra,Plantain Chips,Snacks,5,Frimpong Quaye,Male,Regular
ORD00528,02/05/2024,S006,P009,C0077,3,0.15,49.84,Cape Coast Retail,Cape Coast,Central,Shea Butter Lotion,Personal Care,20,Ama Quaye,Female,VIP
ORD00529,10/04/2023,S008,P003,C0190,5,0.15,542.86,Sunyani Grocers,Sunyani,Bono,Kente Print Shirt,Apparel,120,Osei Quaye,Male,VIP
ORD00530,07/07/2023,S006,P011,C0023,4,0.05,112.12,Cape Coast Retail,Cape Coast,Central,Palm Oil (1L),Food,30,Ama Acheampong,Female,VIP
ORD00531,11/11/2023,S007,P013,C0085,6,0.05,354.94,Koforidua Mart,Koforidua,Eastern,Club Beer (6-pack),Beverages,60,Kofi Owusu,Male,New
ORD00532,19/04/2024,S002,P008,C0014,10,0.15,74.23,Kumasi City Mart,Kumasi,Ashanti,FanMilk Yoghurt,Beverages,8,Osei Tetteh,Male,Regular
ORD00533,14/03/2023,S008,P015,C0050,9,0,145.82,Sunyani Grocers,Sunyani,Bono,Ideal Milk,Beverages,15,Kojo Acheampong,Male,VIP
ORD00534,26/01/2024,S005,P007,C0014,3,0,115.38,Tamale Superstore,Tamale,Northern,Alomo Bitters,Beverages,35,Osei Tetteh,Male,Regular
ORD00535,17/12/2023,S007,P010,C0118,3,0.05,36.91,Koforidua Mart,Koforidua,Eastern,African Black Soap,Personal Care,12,Ama Mensah,Female,New
ORD00536,04/07/2023,S002,P008,C0086,3,0.05,23.83,Kumasi City Mart,Kumasi,Ashanti,FanMilk Yoghurt,Beverages,8,Appiah Adomako,Male,VIP
ORD00537,05/01/2023,S008,P005,C0054,3,0.15,27.15,Sunyani Grocers,Sunyani,Bono,Gari (1kg),Food,10,Kojo Danquah,Male,Regular
ORD00538,16/05/2024,S002,P003,C0158,7,0.1,763.94,Kumasi City Mart,Kumasi,Ashanti,Kente Print Shirt,Apparel,120,Osei Boakye,Male,New
ORD00539,03/05/2024,S007,P001,C0010,9,0,238.41,Koforidua Mart,Koforidua,Eastern,Ghana Jollof Mix,Food,25,Mensah Boakye,Male,New
ORD00540,15/01/2023,S006,P013,C0136,4,0,252.36,Cape Coast Retail,Cape Coast,Central,Club Beer (6-pack),Beverages,60,Ama Addy,Female,Regular
ORD00541,03/10/2024,S004,P004,C0178,6,0.05,248.64,Tema Central Market,Tema,Greater Accra,Milo Cocoa Powder,Beverages,45,Afia Acheampong,Female,Regular
ORD00542,28/01/2024,S005,P003,C0017,1,0.05,124.52,Tamale Superstore,Tamale,Northern,Kente Print Shirt,Apparel,120,Osei Boateng,Male,Regular
ORD00543,11/04/2024,S006,P007,C0176,3,0.05,109.67,Cape Coast Retail,Cape Coast,Central,Alomo Bitters,Beverages,35,Frimpong Gyasi,Male,Regular
ORD00544,16/05/2024,S006,P013,C0049,3,0.1,154.36,Cape Coast Retail,Cape Coast,Central,Club Beer (6-pack),Beverages,60,Kofi Frimpong,Male,New
ORD00545,18/08/2023,S003,P004,C0188,1,0.15,39.23,Takoradi Hub,Takoradi,Western,Milo Cocoa Powder,Beverages,45,Frimpong Asare,Male,Regular
ORD00546,07/05/2023,S006,P012,C0167,1,0.1,17.52,Cape Coast Retail,Cape Coast,Central,Cassava Dough,Food,18,Appiah Owusu,Male,New
ORD00547,19/09/2023,S001,P010,C0013,2,0,22.97,Accra Mall SuperMart,Accra,Greater Accra,African Black Soap,Personal Care,12,Osei Addy,Male,Regular
ORD00548,29/04/2023,S007,P008,C0098,2,0.15,13.44,Koforidua Mart,Koforidua,Eastern,FanMilk Yoghurt,Beverages,8,Ama Quaye,Female,Regular
ORD00549,19/12/2024,S003,P004,C0178,1,0.05,43.31,Takoradi Hub,Takoradi,Western,Milo Cocoa Powder,Beverages,45,Afia Acheampong,Female,Regular
ORD00550,14/04/2023,S005,P010,C0156,3,0.1,34.82,Tamale Superstore,Tamale,Northern,African Black Soap,Personal Care,12,Yaa Addy,Female,New
ORD00551,18/04/2023,S002,P005,C0030,2,0.1,17.64,Kumasi City Mart,Kumasi,Ashanti,Gari (1kg),Food,10,Appiah Osei,Male,VIP
ORD00552,24/07/2023,S005,P014,C0134,4,0.05,16.04,Tamale Superstore,Tamale,Northern,Voltic Water (1L),Beverages,4,Kojo Quaye,Male,New
ORD00553,30/10/2023,S003,P001,C0141,8,0,210.65,Takoradi Hub,Takoradi,Western,Ghana Jollof Mix,Food,25,Kwame Adomako,Male,Regular
ORD00554,07/05/2024,S006,P004,C0001,1,0,48.87,Cape Coast Retail,Cape Coast,Central,Milo Cocoa Powder,Beverages,45,Esi Osei,Female,Regular
ORD00555,10/08/2024,S008,P003,C0024,9,0,1143.22,Sunyani Grocers,Sunyani,Bono,Kente Print Shirt,Apparel,120,Appiah Boakye,Male,New
ORD00556,14/04/2023,S005,P011,C0060,8,0.05,225.63,Tamale Superstore,Tamale,Northern,Palm Oil (1L),Food,30,Kojo Owusu,Male,New
ORD00557,21/02/2023,S002,P014,C0045,1,0.05,3.82,Kumasi City Mart,Kumasi,Ashanti,Voltic Water (1L),Beverages,4,Frimpong Adomako,Male,New
ORD00558,24/11/2024,S006,P007,C0190,2,0,75.44,Cape Coast Retail,Cape Coast,Central,Alomo Bitters,Beverages,35,Osei Quaye,Male,VIP
ORD00559,16/02/2023,S001,P014,C0036,3,0.05,11.44,Accra Mall SuperMart,Accra,Greater Accra,Voltic Water (1L),Beverages,4,Ama Adomako,Female,New
ORD00560,24/03/2024,S005,P015,C0188,2,0.05,30.56,Tamale Superstore,Tamale,Northern,Ideal Milk,Beverages,15,Frimpong Asare,Male,Regular
ORD00561,07/07/2023,S002,P007,C0103,8,0.05,286.04,Kumasi City Mart,Kumasi,Ashanti,Alomo Bitters,Beverages,35,Frimpong Quaye,Male,New
ORD00562,07/12/2024,S008,P013,C0108,3,0,174.58,Sunyani Grocers,Sunyani,Bono,Club Beer (6-pack),Beverages,60,Kwasi Asare,Male,VIP
ORD00563,02/03/2023,S003,P002,C0107,10,0.1,149.31,Takoradi Hub,Takoradi,Western,Shito Pepper Sauce,Food,15.5,Esi Asare,Female,VIP
ORD00564,25/11/2024,S008,P003,C0157,7,0.05,831.28,Sunyani Grocers,Sunyani,Bono,Kente Print Shirt,Apparel,120,Mensah Owusu,Male,New
ORD00565,01/12/2024,S003,P008,C0125,2,0.1,14.63,Takoradi Hub,Takoradi,Western,FanMilk Yoghurt,Beverages,8,Yaw Quaye,Male,VIP
ORD00566,06/03/2023,S005,P011,C0081,1,0.15,27.16,Tamale Superstore,Tamale,Northern,Palm Oil (1L),Food,30,Ama Gyasi,Female,VIP
ORD00567,13/08/2024,S004,P011,C0087,9,0.15,241.72,Tema Central Market,Tema,Greater Accra,Palm Oil (1L),Food,30,Abena Quaye,Female,New
ORD00568,25/09/2024,S002,P007,C0170,4,0.1,126.23,Kumasi City Mart,Kumasi,Ashanti,Alomo Bitters,Beverages,35,Appiah Owusu,Male,Regular
ORD00569,23/11/2024,S007,P003,C0143,10,0,1142.1,Koforidua Mart,Koforidua,Eastern,Kente Print Shirt,Apparel,120,Afia Acheampong,Female,VIP
ORD00570,10/06/2023,S008,P014,C0127,3,0,12.75,Sunyani Grocers,Sunyani,Bono,Voltic Water (1L),Beverages,4,Mensah Tetteh,Male,New
ORD00571,25/11/2023,S004,P006,C0072,1,0.15,4.18,Tema Central Market,Tema,Greater Accra,Plantain Chips,Snacks,5,Afia Frimpong,Female,Regular
ORD00572,20/10/2024,S007,P007,C0061,2,0.1,64.05,Koforidua Mart,Koforidua,Eastern,Alomo Bitters,Beverages,35,Appiah Mensah,Male,New
ORD00573,09/08/2024,S008,P002,C0128,8,0.05,114.01,Sunyani Grocers,Sunyani,Bono,Shito Pepper Sauce,Food,15.5,Esi Gyasi,Female,VIP
ORD00574,24/05/2024,S001,P002,C0104,7,0,112.14,Accra Mall SuperMart,Accra,Greater Accra,Shito Pepper Sauce,Food,15.5,Afia Danquah,Female,Regular
ORD00575,01/01/2023,S002,P013,C0155,10,0.05,617.6,Kumasi City Mart,Kumasi,Ashanti,Club Beer (6-pack),Beverages,60,Akosua Owusu,Female,Regular
ORD00576,29/07/2024,S004,P011,C0172,8,0.05,229.03,Tema Central Market,Tema,Greater Accra,Palm Oil (1L),Food,30,Esi Owusu,Female,Regular
ORD00577,25/02/2023,S004,P014,C0117,6,0.15,21.73,Tema Central Market,Tema,Greater Accra,Voltic Water (1L),Beverages,4,Yaa Tetteh,Female,New
ORD00578,06/09/2024,S008,P012,C0169,6,0.1,94,Sunyani Grocers,Sunyani,Bono,Cassava Dough,Food,18,Ama Boakye,Female,VIP
ORD00579,05/11/2024,S004,P001,C0088,6,0.05,147.08,Tema Central Market,Tema,Greater Accra,Ghana Jollof Mix,Food,25,Osei Gyasi,Male,New
ORD00580,18/01/2024,S002,P001,C0043,8,0,214.66,Kumasi City Mart,Kumasi,Ashanti,Ghana Jollof Mix,Food,25,Osei Boateng,Male,VIP
ORD00581,24/02/2024,S002,P005,C0157,4,0,38.72,Kumasi City Mart,Kumasi,Ashanti,Gari (1kg),Food,10,Mensah Owusu,Male,New
ORD00582,07/02/2024,S004,P008,C0049,6,0,51.05,Tema Central Market,Tema,Greater Accra,FanMilk Yoghurt,Beverages,8,Kofi Frimpong,Male,New
ORD00583,17/02/2023,S002,P013,C0116,8,0.15,446.12,Kumasi City Mart,Kumasi,Ashanti,Club Beer (6-pack),Beverages,60,Yaa Frimpong,Female,Regular
ORD00584,18/05/2023,S008,P001,C0136,1,0.15,23.17,Sunyani Grocers,Sunyani,Bono,Ghana Jollof Mix,Food,25,Ama Addy,Female,Regular
ORD00585,22/08/2024,S008,P015,C0131,3,0.15,37.33,Sunyani Grocers,Sunyani,Bono,Ideal Milk,Beverages,15,Mensah Acheampong,Male,Regular
ORD00586,12/05/2023,S002,P007,C0169,10,0.15,322.02,Kumasi City Mart,Kumasi,Ashanti,Alomo Bitters,Beverages,35,Ama Boakye,Female,VIP
ORD00587,31/05/2024,S007,P007,C0156,4,0.05,134.29,Koforidua Mart,Koforidua,Eastern,Alomo Bitters,Beverages,35,Yaa Addy,Female,New
ORD00588,18/12/2023,S005,P008,C0035,3,0.1,22.47,Tamale Superstore,Tamale,Northern,FanMilk Yoghurt,Beverages,8,Frimpong Boakye,Male,New
ORD00589,08/06/2024,S005,P014,C0180,9,0.05,36.14,Tamale Superstore,Tamale,Northern,Voltic Water (1L),Beverages,4,Yaw Boateng,Male,Regular
ORD00590,20/07/2024,S004,P004,C0054,10,0.05,450.15,Tema Central Market,Tema,Greater Accra,Milo Cocoa Powder,Beverages,45,Kojo Danquah,Male,Regular
ORD00591,19/11/2024,S003,P012,C0167,3,0.15,47.34,Takoradi Hub,Takoradi,Western,Cassava Dough,Food,18,Appiah Owusu,Male,New
ORD00592,14/10/2024,S006,P012,C0030,6,0.15,93.82,Cape Coast Retail,Cape Coast,Central,Cassava Dough,Food,18,Appiah Osei,Male,VIP
ORD00593,07/08/2024,S007,P011,C0192,9,0.05,277.44,Koforidua Mart,Koforidua,Eastern,Palm Oil (1L),Food,30,Osei Frimpong,Male,VIP
ORD00594,08/03/2024,S001,P009,C0028,1,0.1,17.49,Accra Mall SuperMart,Accra,Greater Accra,Shea Butter Lotion,Personal Care,20,Abena Tetteh,Female,VIP
ORD00595,17/11/2024,S001,P004,C0069,3,0.05,134.98,Accra Mall SuperMart,Accra,Greater Accra,Milo Cocoa Powder,Beverages,45,Kojo Quaye,Male,Regular
ORD00596,30/05/2023,S001,P012,C0076,4,0.15,58.44,Accra Mall SuperMart,Accra,Greater Accra,Cassava Dough,Food,18,Akosua Danquah,Female,Regular
ORD00597,08/04/2024,S002,P010,C0173,9,0,114.63,Kumasi City Mart,Kumasi,Ashanti,African Black Soap,Personal Care,12,Mensah Danquah,Male,New
ORD00598,28/07/2024,S007,P004,C0131,5,0,245.02,Koforidua Mart,Koforidua,Eastern,Milo Cocoa Powder,Beverages,45,Mensah Acheampong,Male,Regular
ORD00599,01/02/2024,S007,P013,C0176,6,0.15,293.17,Koforidua Mart,Koforidua,Eastern,Club Beer (6-pack),Beverages,60,Frimpong Gyasi,Male,Regular
ORD00600,15/09/2023,S004,P010,C0200,8,0,104.33,Tema Central Market,Tema,Greater Accra,African Black Soap,Personal Care,12,Yaw Addy,Male,Regular
ORD00601,22/12/2024,S006,P013,C0151,9,0.15,449.58,Cape Coast Retail,Cape Coast,Central,Club Beer (6-pack),Beverages,60,Afia Osei,Female,Regular
ORD00602,18/07/2023,S005,P008,C0046,2,0,17.51,Tamale Superstore,Tamale,Northern,FanMilk Yoghurt,Beverages,8,Akosua Frimpong,Female,New
ORD00603,10/06/2024,S002,P007,C0011,7,0.05,240.54,Kumasi City Mart,Kumasi,Ashanti,Alomo Bitters,Beverages,35,Kojo Asare,Male,Regular
ORD00604,14/05/2023,S003,P010,C0066,1,0.05,11.63,Takoradi Hub,Takoradi,Western,African Black Soap,Personal Care,12,Kofi Danquah,Male,Regular
ORD00605,08/06/2023,S001,P003,C0083,10,0,1279.26,Accra Mall SuperMart,Accra,Greater Accra,Kente Print Shirt,Apparel,120,Osei Appiah,Male,Regular
ORD00606,02/10/2024,S005,P008,C0147,9,0.05,65.73,Tamale Superstore,Tamale,Northern,FanMilk Yoghurt,Beverages,8,Kofi Boakye,Male,New
ORD00607,25/12/2024,S006,P009,C0057,3,0.15,48.97,Cape Coast Retail,Cape Coast,Central,Shea Butter Lotion,Personal Care,20,Osei Boakye,Male,VIP
ORD00608,01/06/2024,S003,P007,C0140,9,0.1,273.23,Takoradi Hub,Takoradi,Western,Alomo Bitters,Beverages,35,Abena Adomako,Female,New
ORD00609,15/08/2023,S004,P011,C0085,6,0.05,169.98,Tema Central Market,Tema,Greater Accra,Palm Oil (1L),Food,30,Kofi Owusu,Male,New
ORD00610,25/09/2024,S008,P009,C0193,1,0,21.01,Sunyani Grocers,Sunyani,Bono,Shea Butter Lotion,Personal Care,20,Kofi Tetteh,Male,New
ORD00611,01/04/2024,S004,P015,C0165,10,0.15,125.79,Tema Central Market,Tema,Greater Accra,Ideal Milk,Beverages,15,Abena Gyasi,Female,VIP
ORD00612,10/02/2023,S006,P007,C0030,7,0.05,239.97,Cape Coast Retail,Cape Coast,Central,Alomo Bitters,Beverages,35,Appiah Osei,Male,VIP
ORD00613,17/10/2023,S001,P015,C0133,6,0.15,81.89,Accra Mall SuperMart,Accra,Greater Accra,Ideal Milk,Beverages,15,Kwame Adomako,Male,VIP
ORD00614,01/04/2024,S008,P001,C0076,4,0.05,97.57,Sunyani Grocers,Sunyani,Bono,Ghana Jollof Mix,Food,25,Akosua Danquah,Female,Regular
ORD00615,09/04/2023,S003,P013,C0138,9,0,563.78,Takoradi Hub,Takoradi,Western,Club Beer (6-pack),Beverages,60,Esi Addy,Female,Regular
ORD00616,04/08/2023,S004,P014,C0176,7,0,27.46,Tema Central Market,Tema,Greater Accra,Voltic Water (1L),Beverages,4,Frimpong Gyasi,Male,Regular
ORD00617,20/12/2024,S007,P011,C0019,3,0,91.7,Koforidua Mart,Koforidua,Eastern,Palm Oil (1L),Food,30,Akosua Addy,Female,VIP
ORD00618,06/12/2023,S001,P002,C0019,1,0,16.57,Accra Mall SuperMart,Accra,Greater Accra,Shito Pepper Sauce,Food,15.5,Akosua Addy,Female,VIP
ORD00619,25/07/2024,S002,P010,C0059,5,0.1,54.44,Kumasi City Mart,Kumasi,Ashanti,African Black Soap,Personal Care,12,Kwasi Adomako,Male,VIP
ORD00620,07/10/2024,S007,P007,C0081,1,0.1,33.11,Koforidua Mart,Koforidua,Eastern,Alomo Bitters,Beverages,35,Ama Gyasi,Female,VIP
ORD00621,01/07/2024,S001,P011,C0185,10,0,319.02,Accra Mall SuperMart,Accra,Greater Accra,Palm Oil (1L),Food,30,Afia Gyasi,Female,Regular
ORD00622,22/08/2024,S001,P012,C0019,6,0.15,88.67,Accra Mall SuperMart,Accra,Greater Accra,Cassava Dough,Food,18,Akosua Addy,Female,VIP
ORD00623,03/12/2024,S005,P010,C0023,5,0.1,54.39,Tamale Superstore,Tamale,Northern,African Black Soap,Personal Care,12,Ama Acheampong,Female,VIP
ORD00624,07/11/2024,S001,P008,C0041,9,0,69.87,Accra Mall SuperMart,Accra,Greater Accra,FanMilk Yoghurt,Beverages,8,Esi Boateng,Female,Regular
ORD00625,05/02/2024,S005,P011,C0037,5,0.05,155.84,Tamale Superstore,Tamale,Northern,Palm Oil (1L),Food,30,Kofi Acheampong,Male,New
ORD00626,12/01/2023,S003,P002,C0011,1,0.15,13.7,Takoradi Hub,Takoradi,Western,Shito Pepper Sauce,Food,15.5,Kojo Asare,Male,Regular
ORD00627,04/07/2024,S002,P005,C0054,6,0,60.71,Kumasi City Mart,Kumasi,Ashanti,Gari (1kg),Food,10,Kojo Danquah,Male,Regular
ORD00628,23/10/2024,S003,P003,C0048,4,0.15,438.69,Takoradi Hub,Takoradi,Western,Kente Print Shirt,Apparel,120,Yaa Appiah,Female,VIP
ORD00629,18/07/2023,S002,P003,C0172,10,0,1293.25,Kumasi City Mart,Kumasi,Ashanti,Kente Print Shirt,Apparel,120,Esi Owusu,Female,Regular
ORD00630,16/07/2024,S008,P011,C0141,2,0.05,59.89,Sunyani Grocers,Sunyani,Bono,Palm Oil (1L),Food,30,Kwame Adomako,Male,Regular
ORD00631,14/09/2023,S002,P004,C0186,10,0.1,442.56,Kumasi City Mart,Kumasi,Ashanti,Milo Cocoa Powder,Beverages,45,Frimpong Quaye,Male,Regular
ORD00632,01/01/2024,S003,P011,C0168,4,0,119.13,Takoradi Hub,Takoradi,Western,Palm Oil (1L),Food,30,Yaa Owusu,Female,Regular
ORD00633,13/03/2023,S004,P006,C0125,8,0.05,39.61,Tema Central Market,Tema,Greater Accra,Plantain Chips,Snacks,5,Yaw Quaye,Male,VIP
ORD00634,10/11/2023,S003,P010,C0146,6,0.05,74.82,Takoradi Hub,Takoradi,Western,African Black Soap,Personal Care,12,Abena Owusu,Female,VIP
ORD00635,22/06/2023,S001,P006,C0064,4,0.1,17.85,Accra Mall SuperMart,Accra,Greater Accra,Plantain Chips,Snacks,5,Osei Boakye,Male,VIP
ORD00636,04/01/2024,S003,P011,C0188,6,0.1,165.15,Takoradi Hub,Takoradi,Western,Palm Oil (1L),Food,30,Frimpong Asare,Male,Regular
ORD00637,03/01/2024,S005,P008,C0142,2,0,16.75,Tamale Superstore,Tamale,Northern,FanMilk Yoghurt,Beverages,8,Kwasi Boakye,Male,New
ORD00638,25/03/2023,S005,P014,C0036,9,0,35.62,Tamale Superstore,Tamale,Northern,Voltic Water (1L),Beverages,4,Ama Adomako,Female,New
ORD00639,03/10/2024,S002,P012,C0020,1,0.15,15.98,Kumasi City Mart,Kumasi,Ashanti,Cassava Dough,Food,18,Afia Owusu,Female,Regular
ORD00640,18/08/2024,S007,P013,C0152,4,0,247.86,Koforidua Mart,Koforidua,Eastern,Club Beer (6-pack),Beverages,60,Kojo Frimpong,Male,New
ORD00641,10/07/2024,S008,P011,C0199,3,0.05,86.26,Sunyani Grocers,Sunyani,Bono,Palm Oil (1L),Food,30,Abena Asare,Female,VIP
ORD00642,26/08/2024,S005,P003,C0119,9,0.15,884.57,Tamale Superstore,Tamale,Northern,Kente Print Shirt,Apparel,120,Kojo Addy,Male,Regular
ORD00643,08/01/2024,S001,P011,C0062,10,0,319.07,Accra Mall SuperMart,Accra,Greater Accra,Palm Oil (1L),Food,30,Mensah Osei,Male,New
ORD00644,24/05/2023,S008,P003,C0046,10,0.15,1069.89,Sunyani Grocers,Sunyani,Bono,Kente Print Shirt,Apparel,120,Akosua Frimpong,Female,New
ORD00645,30/05/2023,S008,P006,C0011,4,0.1,17.73,Sunyani Grocers,Sunyani,Bono,Plantain Chips,Snacks,5,Kojo Asare,Male,Regular
ORD00646,28/09/2023,S006,P004,C0011,4,0.15,166.18,Cape Coast Retail,Cape Coast,Central,Milo Cocoa Powder,Beverages,45,Kojo Asare,Male,Regular
ORD00647,05/01/2024,S007,P008,C0117,1,0,8.78,Koforidua Mart,Koforidua,Eastern,FanMilk Yoghurt,Beverages,8,Yaa Tetteh,Female,New
ORD00648,28/11/2023,S002,P012,C0134,5,0.05,88.65,Kumasi City Mart,Kumasi,Ashanti,Cassava Dough,Food,18,Kojo Quaye,Male,New
ORD00649,06/08/2024,S003,P007,C0168,7,0.05,241.63,Takoradi Hub,Takoradi,Western,Alomo Bitters,Beverages,35,Yaa Owusu,Female,Regular
ORD00650,21/03/2023,S005,P007,C0058,9,0.1,284.33,Tamale Superstore,Tamale,Northern,Alomo Bitters,Beverages,35,Afia Osei,Female,VIP
ORD00651,20/12/2023,S008,P013,C0124,10,0,615.17,Sunyani Grocers,Sunyani,Bono,Club Beer (6-pack),Beverages,60,Kwasi Mensah,Male,VIP
ORD00652,23/05/2023,S008,P003,C0059,2,0.15,213.49,Sunyani Grocers,Sunyani,Bono,Kente Print Shirt,Apparel,120,Kwasi Adomako,Male,VIP
ORD00653,05/08/2023,S003,P003,C0041,6,0.15,647.25,Takoradi Hub,Takoradi,Western,Kente Print Shirt,Apparel,120,Esi Boateng,Female,Regular
ORD00654,02/05/2023,S004,P007,C0085,2,0.1,66.23,Tema Central Market,Tema,Greater Accra,Alomo Bitters,Beverages,35,Kofi Owusu,Male,New
ORD00655,05/05/2024,S004,P010,C0042,7,0,82.87,Tema Central Market,Tema,Greater Accra,African Black Soap,Personal Care,12,Abena Addy,Female,Regular
ORD00656,11/05/2023,S003,P003,C0162,9,0,1170.31,Takoradi Hub,Takoradi,Western,Kente Print Shirt,Apparel,120,Yaw Osei,Male,Regular
ORD00657,31/05/2023,S001,P003,C0067,3,0.15,334.68,Accra Mall SuperMart,Accra,Greater Accra,Kente Print Shirt,Apparel,120,Mensah Quaye,Male,New
ORD00658,05/09/2024,S001,P015,C0185,5,0,73.69,Accra Mall SuperMart,Accra,Greater Accra,Ideal Milk,Beverages,15,Afia Gyasi,Female,Regular
ORD00659,13/09/2024,S008,P014,C0124,3,0,12.89,Sunyani Grocers,Sunyani,Bono,Voltic Water (1L),Beverages,4,Kwasi Mensah,Male,VIP
ORD00660,07/09/2024,S003,P013,C0150,3,0.15,160.49,Takoradi Hub,Takoradi,Western,Club Beer (6-pack),Beverages,60,Kwame Danquah,Male,New
ORD00661,28/09/2023,S003,P012,C0176,6,0.1,101.04,Takoradi Hub,Takoradi,Western,Cassava Dough,Food,18,Frimpong Gyasi,Male,Regular
ORD00662,12/03/2023,S004,P007,C0099,3,0,100.01,Tema Central Market,Tema,Greater Accra,Alomo Bitters,Beverages,35,Appiah Boateng,Male,Regular
ORD00663,19/06/2024,S007,P014,C0039,10,0,39.06,Koforidua Mart,Koforidua,Eastern,Voltic Water (1L),Beverages,4,Kwasi Owusu,Male,New
ORD00664,21/09/2024,S001,P015,C0137,9,0,130.14,Accra Mall SuperMart,Accra,Greater Accra,Ideal Milk,Beverages,15,Ama Adomako,Female,Regular
ORD00665,06/11/2024,S003,P015,C0155,9,0,146.41,Takoradi Hub,Takoradi,Western,Ideal Milk,Beverages,15,Akosua Owusu,Female,Regular
ORD00666,25/11/2024,S007,P009,C0108,6,0,126.56,Koforidua Mart,Koforidua,Eastern,Shea Butter Lotion,Personal Care,20,Kwasi Asare,Male,VIP
ORD00667,15/03/2024,S004,P013,C0124,7,0.05,414.3,Tema Central Market,Tema,Greater Accra,Club Beer (6-pack),Beverages,60,Kwasi Mensah,Male,VIP
ORD00668,14/12/2024,S002,P007,C0035,5,0.1,167.72,Kumasi City Mart,Kumasi,Ashanti,Alomo Bitters,Beverages,35,Frimpong Boakye,Male,New
ORD00669,27/03/2023,S005,P010,C0140,7,0.05,78.07,Tamale Superstore,Tamale,Northern,African Black Soap,Personal Care,12,Abena Adomako,Female,New
ORD00670,27/12/2024,S001,P010,C0134,2,0.15,19.4,Accra Mall SuperMart,Accra,Greater Accra,African Black Soap,Personal Care,12,Kojo Quaye,Male,New
ORD00671,01/11/2024,S004,P012,C0081,7,0.05,115.63,Tema Central Market,Tema,Greater Accra,Cassava Dough,Food,18,Ama Gyasi,Female,VIP
ORD00672,12/03/2024,S005,P005,C0138,7,0.15,59.79,Tamale Superstore,Tamale,Northern,Gari (1kg),Food,10,Esi Addy,Female,Regular
ORD00673,10/10/2023,S007,P013,C0053,7,0.15,381.12,Koforidua Mart,Koforidua,Eastern,Club Beer (6-pack),Beverages,60,Akosua Frimpong,Female,Regular
ORD00674,09/05/2024,S003,P006,C0144,9,0.1,40.02,Takoradi Hub,Takoradi,Western,Plantain Chips,Snacks,5,Frimpong Owusu,Male,Regular
ORD00675,11/11/2023,S006,P013,C0181,7,0,452.86,Cape Coast Retail,Cape Coast,Central,Club Beer (6-pack),Beverages,60,Frimpong Boateng,Male,Regular
ORD00676,06/11/2024,S002,P012,C0059,8,0,138.97,Kumasi City Mart,Kumasi,Ashanti,Cassava Dough,Food,18,Kwasi Adomako,Male,VIP
ORD00677,04/06/2024,S007,P013,C0087,9,0.15,484.04,Koforidua Mart,Koforidua,Eastern,Club Beer (6-pack),Beverages,60,Abena Quaye,Female,New
ORD00678,24/12/2024,S001,P003,C0100,1,0,128.82,Accra Mall SuperMart,Accra,Greater Accra,Kente Print Shirt,Apparel,120,Kojo Frimpong,Male,VIP
ORD00679,27/04/2024,S007,P002,C0017,5,0,77.94,Koforidua Mart,Koforidua,Eastern,Shito Pepper Sauce,Food,15.5,Osei Boateng,Male,Regular
ORD00680,15/09/2024,S001,P012,C0099,7,0.15,112.29,Accra Mall SuperMart,Accra,Greater Accra,Cassava Dough,Food,18,Appiah Boateng,Male,Regular
ORD00681,21/10/2023,S001,P013,C0045,8,0.1,411.09,Accra Mall SuperMart,Accra,Greater Accra,Club Beer (6-pack),Beverages,60,Frimpong Adomako,Male,New
ORD00682,03/11/2024,S005,P004,C0009,10,0.15,392.97,Tamale Superstore,Tamale,Northern,Milo Cocoa Powder,Beverages,45,Kwame Acheampong,Male,Regular
ORD00683,26/08/2023,S003,P011,C0010,6,0,188.69,Takoradi Hub,Takoradi,Western,Palm Oil (1L),Food,30,Mensah Boakye,Male,New
ORD00684,11/06/2023,S002,P005,C0200,7,0.05,69.85,Kumasi City Mart,Kumasi,Ashanti,Gari (1kg),Food,10,Yaw Addy,Male,Regular
ORD00685,20/02/2024,S004,P009,C0004,2,0,41.3,Tema Central Market,Tema,Greater Accra,Shea Butter Lotion,Personal Care,20,Ama Boakye,Female,New
ORD00686,26/07/2024,S006,P006,C0071,4,0.15,18.61,Cape Coast Retail,Cape Coast,Central,Plantain Chips,Snacks,5,Appiah Boakye,Male,New
ORD00687,10/04/2024,S007,P010,C0002,5,0,60.66,Koforidua Mart,Koforidua,Eastern,African Black Soap,Personal Care,12,Mensah Owusu,Male,Regular
ORD00688,20/04/2023,S002,P009,C0076,6,0,128.45,Kumasi City Mart,Kumasi,Ashanti,Shea Butter Lotion,Personal Care,20,Akosua Danquah,Female,Regular
ORD00689,21/09/2023,S005,P012,C0114,7,0.15,109.51,Tamale Superstore,Tamale,Northern,Cassava Dough,Food,18,Kojo Danquah,Male,Regular
ORD00690,07/09/2023,S006,P013,C0118,8,0.15,440.36,Cape Coast Retail,Cape Coast,Central,Club Beer (6-pack),Beverages,60,Ama Mensah,Female,New
ORD00691,08/05/2024,S002,P005,C0018,7,0,73.61,Kumasi City Mart,Kumasi,Ashanti,Gari (1kg),Food,10,Ama Asare,Female,Regular
ORD00692,24/08/2023,S006,P007,C0091,9,0.15,254.75,Cape Coast Retail,Cape Coast,Central,Alomo Bitters,Beverages,35,Akosua Danquah,Female,New
ORD00693,27/09/2023,S004,P005,C0024,7,0.05,63.93,Tema Central Market,Tema,Greater Accra,Gari (1kg),Food,10,Appiah Boakye,Male,New
ORD00694,02/07/2023,S008,P006,C0091,4,0.15,16.84,Sunyani Grocers,Sunyani,Bono,Plantain Chips,Snacks,5,Akosua Danquah,Female,New
ORD00695,30/11/2024,S004,P008,C0189,4,0,33.93,Tema Central Market,Tema,Greater Accra,FanMilk Yoghurt,Beverages,8,Kofi Gyasi,Male,VIP
ORD00696,29/09/2023,S004,P004,C0052,4,0.15,153.52,Tema Central Market,Tema,Greater Accra,Milo Cocoa Powder,Beverages,45,Frimpong Adomako,Male,VIP
ORD00697,20/04/2023,S002,P015,C0021,8,0.15,97,Kumasi City Mart,Kumasi,Ashanti,Ideal Milk,Beverages,15,Mensah Danquah,Male,New
ORD00698,08/07/2024,S001,P014,C0124,6,0.15,20.35,Accra Mall SuperMart,Accra,Greater Accra,Voltic Water (1L),Beverages,4,Kwasi Mensah,Male,VIP
ORD00699,11/08/2024,S005,P008,C0047,9,0.05,69.06,Tamale Superstore,Tamale,Northern,FanMilk Yoghurt,Beverages,8,Yaa Asare,Female,New
ORD00700,13/08/2024,S003,P001,C0135,7,0.1,171.82,Takoradi Hub,Takoradi,Western,Ghana Jollof Mix,Food,25,Kofi Mensah,Male,New
ORD00701,03/02/2023,S006,P007,C0176,3,0.1,103.62,Cape Coast Retail,Cape Coast,Central,Alomo Bitters,Beverages,35,Frimpong Gyasi,Male,Regular
ORD00702,16/12/2024,S008,P006,C0177,1,0,5.26,Sunyani Grocers,Sunyani,Bono,Plantain Chips,Snacks,5,Kojo Mensah,Male,VIP
ORD00703,24/01/2024,S002,P006,C0093,10,0.05,46.46,Kumasi City Mart,Kumasi,Ashanti,Plantain Chips,Snacks,5,Abena Osei,Female,VIP
ORD00704,27/09/2023,S004,P005,C0121,10,0.05,95.46,Tema Central Market,Tema,Greater Accra,Gari (1kg),Food,10,Kofi Asare,Male,VIP
ORD00705,25/05/2024,S007,P004,C0108,6,0.05,276.55,Koforidua Mart,Koforidua,Eastern,Milo Cocoa Powder,Beverages,45,Kwasi Asare,Male,VIP
ORD00706,14/10/2023,S008,P003,C0147,3,0.15,322.19,Sunyani Grocers,Sunyani,Bono,Kente Print Shirt,Apparel,120,Kofi Boakye,Male,New
ORD00707,13/04/2023,S005,P013,C0061,9,0.1,524.12,Tamale Superstore,Tamale,Northern,Club Beer (6-pack),Beverages,60,Appiah Mensah,Male,New
ORD00708,20/07/2023,S003,P013,C0190,3,0.1,173.48,Takoradi Hub,Takoradi,Western,Club Beer (6-pack),Beverages,60,Osei Quaye,Male,VIP
ORD00709,30/06/2023,S007,P008,C0035,9,0.15,64.75,Koforidua Mart,Koforidua,Eastern,FanMilk Yoghurt,Beverages,8,Frimpong Boakye,Male,New
ORD00710,13/05/2024,S005,P005,C0144,10,0,100.98,Tamale Superstore,Tamale,Northern,Gari (1kg),Food,10,Frimpong Owusu,Male,Regular
ORD00711,08/12/2024,S003,P001,C0056,5,0.1,121.03,Takoradi Hub,Takoradi,Western,Ghana Jollof Mix,Food,25,Kofi Boakye,Male,Regular
ORD00712,09/04/2023,S008,P012,C0086,5,0.05,85.85,Sunyani Grocers,Sunyani,Bono,Cassava Dough,Food,18,Appiah Adomako,Male,VIP
ORD00713,24/07/2024,S005,P006,C0006,7,0,35.09,Tamale Superstore,Tamale,Northern,Plantain Chips,Snacks,5,Afia Asare,Female,Regular
ORD00714,26/11/2024,S004,P010,C0148,9,0,118.47,Tema Central Market,Tema,Greater Accra,African Black Soap,Personal Care,12,Yaw Danquah,Male,VIP
ORD00715,19/10/2023,S006,P006,C0173,9,0.1,43.18,Cape Coast Retail,Cape Coast,Central,Plantain Chips,Snacks,5,Mensah Danquah,Male,New
ORD00716,02/04/2024,S002,P007,C0158,5,0.1,164.55,Kumasi City Mart,Kumasi,Ashanti,Alomo Bitters,Beverages,35,Osei Boakye,Male,New
ORD00717,29/05/2023,S003,P011,C0087,7,0.15,184.88,Takoradi Hub,Takoradi,Western,Palm Oil (1L),Food,30,Abena Quaye,Female,New
ORD00718,15/03/2023,S002,P003,C0088,4,0.05,454.87,Kumasi City Mart,Kumasi,Ashanti,Kente Print Shirt,Apparel,120,Osei Gyasi,Male,New
ORD00719,26/10/2023,S005,P010,C0166,7,0.05,86.44,Tamale Superstore,Tamale,Northern,African Black Soap,Personal Care,12,Abena Boakye,Female,New
ORD00720,07/01/2024,S008,P007,C0043,3,0,101.72,Sunyani Grocers,Sunyani,Bono,Alomo Bitters,Beverages,35,Osei Boateng,Male,VIP
ORD00721,29/08/2023,S005,P012,C0180,2,0,35.1,Tamale Superstore,Tamale,Northern,Cassava Dough,Food,18,Yaw Boateng,Male,Regular
ORD00722,16/04/2023,S002,P002,C0122,9,0,133.08,Kumasi City Mart,Kumasi,Ashanti,Shito Pepper Sauce,Food,15.5,Yaa Frimpong,Female,VIP
ORD00723,11/02/2024,S002,P002,C0068,10,0,149.21,Kumasi City Mart,Kumasi,Ashanti,Shito Pepper Sauce,Food,15.5,Yaw Acheampong,Male,Regular
ORD00724,04/02/2024,S005,P004,C0064,5,0.1,211.4,Tamale Superstore,Tamale,Northern,Milo Cocoa Powder,Beverages,45,Osei Boakye,Male,VIP
ORD00725,15/05/2023,S003,P001,C0009,6,0.05,153.85,Takoradi Hub,Takoradi,Western,Ghana Jollof Mix,Food,25,Kwame Acheampong,Male,Regular
ORD00726,23/04/2024,S005,P009,C0114,3,0.15,49.8,Tamale Superstore,Tamale,Northern,Shea Butter Lotion,Personal Care,20,Kojo Danquah,Male,Regular
ORD00727,03/09/2024,S008,P011,C0192,10,0.1,277.7,Sunyani Grocers,Sunyani,Bono,Palm Oil (1L),Food,30,Osei Frimpong,Male,VIP
ORD00728,16/10/2024,S005,P015,C0089,8,0.15,100.38,Tamale Superstore,Tamale,Northern,Ideal Milk,Beverages,15,Abena Gyasi,Female,VIP
ORD00729,02/04/2023,S008,P005,C0094,7,0.05,64.73,Sunyani Grocers,Sunyani,Bono,Gari (1kg),Food,10,Kwame Adomako,Male,New
ORD00730,11/01/2023,S001,P009,C0195,3,0.05,56.6,Accra Mall SuperMart,Accra,Greater Accra,Shea Butter Lotion,Personal Care,20,Appiah Danquah,Male,Regular
ORD00731,01/07/2024,S001,P012,C0126,8,0.05,130.15,Accra Mall SuperMart,Accra,Greater Accra,Cassava Dough,Food,18,Yaw Asare,Male,New
ORD00732,16/03/2024,S005,P010,C0060,1,0.15,10.26,Tamale Superstore,Tamale,Northern,African Black Soap,Personal Care,12,Kojo Owusu,Male,New
ORD00733,26/02/2024,S007,P007,C0064,3,0.1,101.52,Koforidua Mart,Koforidua,Eastern,Alomo Bitters,Beverages,35,Osei Boakye,Male,VIP
ORD00734,14/08/2023,S005,P002,C0109,4,0.15,56.11,Tamale Superstore,Tamale,Northern,Shito Pepper Sauce,Food,15.5,Appiah Gyasi,Male,Regular
ORD00735,19/09/2024,S005,P005,C0167,9,0.05,86.52,Tamale Superstore,Tamale,Northern,Gari (1kg),Food,10,Appiah Owusu,Male,New
ORD00736,12/03/2023,S003,P003,C0075,2,0.1,225.21,Takoradi Hub,Takoradi,Western,Kente Print Shirt,Apparel,120,Frimpong Mensah,Male,New
ORD00737,06/10/2023,S008,P004,C0083,1,0,43.09,Sunyani Grocers,Sunyani,Bono,Milo Cocoa Powder,Beverages,45,Osei Appiah,Male,Regular
ORD00738,01/07/2024,S001,P003,C0027,5,0.05,552.19,Accra Mall SuperMart,Accra,Greater Accra,Kente Print Shirt,Apparel,120,Ama Mensah,Female,New
ORD00739,24/03/2024,S001,P004,C0024,3,0,138.24,Accra Mall SuperMart,Accra,Greater Accra,Milo Cocoa Powder,Beverages,45,Appiah Boakye,Male,New
ORD00740,17/12/2023,S007,P005,C0128,6,0.1,56.95,Koforidua Mart,Koforidua,Eastern,Gari (1kg),Food,10,Esi Gyasi,Female,VIP
ORD00741,02/02/2023,S006,P002,C0193,3,0,46.03,Cape Coast Retail,Cape Coast,Central,Shito Pepper Sauce,Food,15.5,Kofi Tetteh,Male,New
ORD00742,06/02/2024,S002,P009,C0121,3,0,65.06,Kumasi City Mart,Kumasi,Ashanti,Shea Butter Lotion,Personal Care,20,Kofi Asare,Male,VIP
ORD00743,14/09/2023,S007,P014,C0004,2,0,8.06,Koforidua Mart,Koforidua,Eastern,Voltic Water (1L),Beverages,4,Ama Boakye,Female,New
ORD00744,29/03/2024,S004,P012,C0009,4,0.1,68.71,Tema Central Market,Tema,Greater Accra,Cassava Dough,Food,18,Kwame Acheampong,Male,Regular
ORD00745,07/04/2023,S004,P008,C0100,5,0.05,37,Tema Central Market,Tema,Greater Accra,FanMilk Yoghurt,Beverages,8,Kojo Frimpong,Male,VIP
ORD00746,13/02/2023,S002,P005,C0124,5,0,50.2,Kumasi City Mart,Kumasi,Ashanti,Gari (1kg),Food,10,Kwasi Mensah,Male,VIP
ORD00747,23/02/2023,S004,P002,C0061,7,0.05,98.15,Tema Central Market,Tema,Greater Accra,Shito Pepper Sauce,Food,15.5,Appiah Mensah,Male,New
ORD00748,10/10/2023,S002,P007,C0063,1,0,36.3,Kumasi City Mart,Kumasi,Ashanti,Alomo Bitters,Beverages,35,Frimpong Acheampong,Male,VIP
ORD00749,08/12/2024,S008,P012,C0153,3,0.05,54.67,Sunyani Grocers,Sunyani,Bono,Cassava Dough,Food,18,Yaw Appiah,Male,VIP
ORD00750,12/09/2023,S003,P008,C0024,10,0.05,82.81,Takoradi Hub,Takoradi,Western,FanMilk Yoghurt,Beverages,8,Appiah Boakye,Male,New
ORD00751,02/10/2024,S001,P001,C0092,3,0.15,68.13,Accra Mall SuperMart,Accra,Greater Accra,Ghana Jollof Mix,Food,25,Yaa Osei,Female,Regular
ORD00752,09/05/2023,S008,P004,C0082,9,0.05,412,Sunyani Grocers,Sunyani,Bono,Milo Cocoa Powder,Beverages,45,Appiah Osei,Male,New
ORD00753,25/03/2024,S004,P001,C0177,7,0.05,176,Tema Central Market,Tema,Greater Accra,Ghana Jollof Mix,Food,25,Kojo Mensah,Male,VIP
ORD00754,14/09/2023,S001,P008,C0181,8,0.15,54.08,Accra Mall SuperMart,Accra,Greater Accra,FanMilk Yoghurt,Beverages,8,Frimpong Boateng,Male,Regular
ORD00755,14/12/2024,S008,P004,C0146,3,0.15,115,Sunyani Grocers,Sunyani,Bono,Milo Cocoa Powder,Beverages,45,Abena Owusu,Female,VIP
ORD00756,24/04/2024,S005,P014,C0154,9,0,34.57,Tamale Superstore,Tamale,Northern,Voltic Water (1L),Beverages,4,Frimpong Osei,Male,Regular
ORD00757,08/06/2023,S008,P005,C0068,9,0.05,87.05,Sunyani Grocers,Sunyani,Bono,Gari (1kg),Food,10,Yaw Acheampong,Male,Regular
ORD00758,15/10/2024,S007,P012,C0048,1,0.15,16.5,Koforidua Mart,Koforidua,Eastern,Cassava Dough,Food,18,Yaa Appiah,Female,VIP
ORD00759,27/09/2024,S004,P006,C0185,2,0.15,9.12,Tema Central Market,Tema,Greater Accra,Plantain Chips,Snacks,5,Afia Gyasi,Female,Regular
ORD00760,14/07/2023,S008,P013,C0142,3,0.15,151.85,Sunyani Grocers,Sunyani,Bono,Club Beer (6-pack),Beverages,60,Kwasi Boakye,Male,New
ORD00761,24/02/2024,S006,P002,C0025,9,0,133.44,Cape Coast Retail,Cape Coast,Central,Shito Pepper Sauce,Food,15.5,Frimpong Addy,Male,VIP
ORD00762,13/05/2023,S003,P014,C0009,4,0,16.36,Takoradi Hub,Takoradi,Western,Voltic Water (1L),Beverages,4,Kwame Acheampong,Male,Regular
ORD00763,12/04/2023,S001,P010,C0165,7,0.1,77.78,Accra Mall SuperMart,Accra,Greater Accra,African Black Soap,Personal Care,12,Abena Gyasi,Female,VIP
ORD00764,19/12/2024,S005,P001,C0094,4,0.15,89.9,Tamale Superstore,Tamale,Northern,Ghana Jollof Mix,Food,25,Kwame Adomako,Male,New
ORD00765,14/01/2023,S004,P011,C0126,2,0.1,57.79,Tema Central Market,Tema,Greater Accra,Palm Oil (1L),Food,30,Yaw Asare,Male,New
ORD00766,04/03/2023,S006,P009,C0191,7,0.05,142.2,Cape Coast Retail,Cape Coast,Central,Shea Butter Lotion,Personal Care,20,Osei Boakye,Male,New
ORD00767,01/03/2023,S005,P009,C0011,2,0.05,36.54,Tamale Superstore,Tamale,Northern,Shea Butter Lotion,Personal Care,20,Kojo Asare,Male,Regular
ORD00768,10/08/2023,S002,P002,C0186,4,0.15,53.11,Kumasi City Mart,Kumasi,Ashanti,Shito Pepper Sauce,Food,15.5,Frimpong Quaye,Male,Regular
ORD00769,17/07/2023,S004,P010,C0161,3,0.15,32.51,Tema Central Market,Tema,Greater Accra,African Black Soap,Personal Care,12,Ama Quaye,Female,Regular
ORD00770,01/03/2024,S002,P013,C0164,10,0.05,599.17,Kumasi City Mart,Kumasi,Ashanti,Club Beer (6-pack),Beverages,60,Yaw Owusu,Male,New
ORD00771,20/12/2024,S007,P015,C0027,3,0,46.46,Koforidua Mart,Koforidua,Eastern,Ideal Milk,Beverages,15,Ama Mensah,Female,New
ORD00772,31/05/2024,S006,P011,C0041,9,0.15,233.28,Cape Coast Retail,Cape Coast,Central,Palm Oil (1L),Food,30,Esi Boateng,Female,Regular
ORD00773,27/12/2023,S006,P009,C0084,6,0.1,114.98,Cape Coast Retail,Cape Coast,Central,Shea Butter Lotion,Personal Care,20,Esi Danquah,Female,New
ORD00774,16/03/2024,S006,P010,C0062,10,0.15,100.17,Cape Coast Retail,Cape Coast,Central,African Black Soap,Personal Care,12,Mensah Osei,Male,New
ORD00775,17/07/2024,S005,P006,C0116,8,0.1,34.2,Tamale Superstore,Tamale,Northern,Plantain Chips,Snacks,5,Yaa Frimpong,Female,Regular
ORD00776,05/02/2023,S005,P010,C0005,9,0,118.69,Tamale Superstore,Tamale,Northern,African Black Soap,Personal Care,12,Frimpong Acheampong,Male,Regular
ORD00777,06/11/2023,S001,P005,C0057,4,0.05,36.22,Accra Mall SuperMart,Accra,Greater Accra,Gari (1kg),Food,10,Osei Boakye,Male,VIP
ORD00778,07/12/2024,S005,P015,C0142,9,0.15,118.84,Tamale Superstore,Tamale,Northern,Ideal Milk,Beverages,15,Kwasi Boakye,Male,New
ORD00779,08/08/2024,S003,P002,C0010,8,0.05,114.67,Takoradi Hub,Takoradi,Western,Shito Pepper Sauce,Food,15.5,Mensah Boakye,Male,New
ORD00780,29/09/2023,S006,P015,C0150,4,0,59.31,Cape Coast Retail,Cape Coast,Central,Ideal Milk,Beverages,15,Kwame Danquah,Male,New
ORD00781,04/11/2023,S002,P010,C0103,10,0,127.22,Kumasi City Mart,Kumasi,Ashanti,African Black Soap,Personal Care,12,Frimpong Quaye,Male,New
ORD00782,29/11/2023,S008,P003,C0125,10,0,1247.14,Sunyani Grocers,Sunyani,Bono,Kente Print Shirt,Apparel,120,Yaw Quaye,Male,VIP
ORD00783,04/11/2023,S001,P012,C0148,7,0,134.44,Accra Mall SuperMart,Accra,Greater Accra,Cassava Dough,Food,18,Yaw Danquah,Male,VIP
ORD00784,09/12/2023,S006,P015,C0112,7,0,113.45,Cape Coast Retail,Cape Coast,Central,Ideal Milk,Beverages,15,Mensah Boateng,Male,Regular
ORD00785,21/08/2023,S001,P011,C0200,7,0,209.1,Accra Mall SuperMart,Accra,Greater Accra,Palm Oil (1L),Food,30,Yaw Addy,Male,Regular
ORD00786,12/02/2023,S006,P009,C0145,3,0.05,58.45,Cape Coast Retail,Cape Coast,Central,Shea Butter Lotion,Personal Care,20,Esi Gyasi,Female,VIP
ORD00787,15/08/2023,S003,P001,C0173,7,0.1,167.41,Takoradi Hub,Takoradi,Western,Ghana Jollof Mix,Food,25,Mensah Danquah,Male,New
ORD00788,12/08/2024,S002,P004,C0111,5,0.1,196.87,Kumasi City Mart,Kumasi,Ashanti,Milo Cocoa Powder,Beverages,45,Ama Mensah,Female,VIP
ORD00789,11/12/2023,S002,P008,C0147,1,0.15,6.87,Kumasi City Mart,Kumasi,Ashanti,FanMilk Yoghurt,Beverages,8,Kofi Boakye,Male,New
ORD00790,29/03/2023,S007,P009,C0112,3,0,61.33,Koforidua Mart,Koforidua,Eastern,Shea Butter Lotion,Personal Care,20,Mensah Boateng,Male,Regular
ORD00791,22/07/2023,S008,P007,C0167,10,0,361.96,Sunyani Grocers,Sunyani,Bono,Alomo Bitters,Beverages,35,Appiah Owusu,Male,New
ORD00792,20/06/2024,S004,P004,C0019,5,0.1,202.2,Tema Central Market,Tema,Greater Accra,Milo Cocoa Powder,Beverages,45,Akosua Addy,Female,VIP
ORD00793,12/08/2024,S002,P002,C0172,7,0.1,98.12,Kumasi City Mart,Kumasi,Ashanti,Shito Pepper Sauce,Food,15.5,Esi Owusu,Female,Regular
ORD00794,15/07/2023,S006,P006,C0153,1,0.05,4.63,Cape Coast Retail,Cape Coast,Central,Plantain Chips,Snacks,5,Yaw Appiah,Male,VIP
ORD00795,25/12/2023,S008,P010,C0038,8,0,104.51,Sunyani Grocers,Sunyani,Bono,African Black Soap,Personal Care,12,Abena Appiah,Female,VIP
ORD00796,28/08/2023,S004,P011,C0096,3,0,87.02,Tema Central Market,Tema,Greater Accra,Palm Oil (1L),Food,30,Kwame Osei,Male,New
ORD00797,25/02/2023,S004,P010,C0038,5,0,60.09,Tema Central Market,Tema,Greater Accra,African Black Soap,Personal Care,12,Abena Appiah,Female,VIP
ORD00798,24/04/2023,S005,P008,C0121,1,0.05,7.46,Tamale Superstore,Tamale,Northern,FanMilk Yoghurt,Beverages,8,Kofi Asare,Male,VIP
ORD00799,04/07/2024,S004,P004,C0140,9,0.05,397.19,Tema Central Market,Tema,Greater Accra,Milo Cocoa Powder,Beverages,45,Abena Adomako,Female,New
ORD00800,29/09/2024,S003,P012,C0179,1,0.1,16.81,Takoradi Hub,Takoradi,Western,Cassava Dough,Food,18,Kwasi Appiah,Male,Regular
ORD00801,10/11/2024,S001,P005,C0044,1,0.05,9.31,Accra Mall SuperMart,Accra,Greater Accra,Gari (1kg),Food,10,Yaw Osei,Male,Regular
ORD00802,14/12/2024,S005,P001,C0120,1,0,25.21,Tamale Superstore,Tamale,Northern,Ghana Jollof Mix,Food,25,Ama Quaye,Female,Regular
ORD00803,05/10/2023,S006,P014,C0028,1,0.05,4.1,Cape Coast Retail,Cape Coast,Central,Voltic Water (1L),Beverages,4,Abena Tetteh,Female,VIP
ORD00804,26/10/2024,S007,P004,C0098,9,0,439.66,Koforidua Mart,Koforidua,Eastern,Milo Cocoa Powder,Beverages,45,Ama Quaye,Female,Regular
ORD00805,11/05/2024,S002,P003,C0051,9,0.1,1005.15,Kumasi City Mart,Kumasi,Ashanti,Kente Print Shirt,Apparel,120,Mensah Adomako,Male,VIP
ORD00806,30/12/2024,S001,P001,C0064,9,0.05,213.76,Accra Mall SuperMart,Accra,Greater Accra,Ghana Jollof Mix,Food,25,Osei Boakye,Male,VIP
ORD00807,07/02/2024,S003,P001,C0089,6,0.05,148.74,Takoradi Hub,Takoradi,Western,Ghana Jollof Mix,Food,25,Abena Gyasi,Female,VIP
ORD00808,30/08/2023,S005,P013,C0016,5,0.1,292.56,Tamale Superstore,Tamale,Northern,Club Beer (6-pack),Beverages,60,Yaw Appiah,Male,Regular
ORD00809,31/01/2023,S005,P004,C0039,6,0.1,254.8,Tamale Superstore,Tamale,Northern,Milo Cocoa Powder,Beverages,45,Kwasi Owusu,Male,New
ORD00810,31/03/2023,S007,P009,C0174,10,0,202.52,Koforidua Mart,Koforidua,Eastern,Shea Butter Lotion,Personal Care,20,Mensah Asare,Male,New
ORD00811,09/08/2024,S003,P007,C0080,10,0.05,338.28,Takoradi Hub,Takoradi,Western,Alomo Bitters,Beverages,35,Frimpong Adomako,Male,Regular
ORD00812,15/05/2023,S004,P011,C0036,10,0.15,268.41,Tema Central Market,Tema,Greater Accra,Palm Oil (1L),Food,30,Ama Adomako,Female,New
ORD00813,27/07/2023,S003,P005,C0177,9,0,91.31,Takoradi Hub,Takoradi,Western,Gari (1kg),Food,10,Kojo Mensah,Male,VIP
ORD00814,29/05/2023,S003,P006,C0018,9,0.15,41.78,Takoradi Hub,Takoradi,Western,Plantain Chips,Snacks,5,Ama Asare,Female,Regular
ORD00815,02/05/2023,S003,P006,C0038,1,0.05,5.14,Takoradi Hub,Takoradi,Western,Plantain Chips,Snacks,5,Abena Appiah,Female,VIP
ORD00816,28/02/2024,S007,P005,C0114,5,0,53.34,Koforidua Mart,Koforidua,Eastern,Gari (1kg),Food,10,Kojo Danquah,Male,Regular
ORD00817,20/04/2023,S003,P003,C0007,10,0.15,1009.83,Takoradi Hub,Takoradi,Western,Kente Print Shirt,Apparel,120,Kwame Osei,Male,Regular
ORD00818,03/08/2024,S004,P010,C0060,4,0,48.19,Tema Central Market,Tema,Greater Accra,African Black Soap,Personal Care,12,Kojo Owusu,Male,New
ORD00819,05/12/2024,S008,P003,C0129,10,0.1,1141.35,Sunyani Grocers,Sunyani,Bono,Kente Print Shirt,Apparel,120,Kofi Frimpong,Male,VIP
ORD00820,18/01/2024,S003,P014,C0100,8,0.1,27.95,Takoradi Hub,Takoradi,Western,Voltic Water (1L),Beverages,4,Kojo Frimpong,Male,VIP
ORD00821,17/07/2023,S004,P001,C0105,1,0.05,25.95,Tema Central Market,Tema,Greater Accra,Ghana Jollof Mix,Food,25,Osei Danquah,Male,VIP
ORD00822,16/08/2023,S004,P013,C0053,2,0,130.69,Tema Central Market,Tema,Greater Accra,Club Beer (6-pack),Beverages,60,Akosua Frimpong,Female,Regular
ORD00823,25/03/2024,S008,P012,C0084,8,0,146.04,Sunyani Grocers,Sunyani,Bono,Cassava Dough,Food,18,Esi Danquah,Female,New
ORD00824,12/02/2023,S007,P012,C0081,7,0.15,116.83,Koforidua Mart,Koforidua,Eastern,Cassava Dough,Food,18,Ama Gyasi,Female,VIP
ORD00825,08/08/2024,S001,P009,C0028,8,0.1,154.66,Accra Mall SuperMart,Accra,Greater Accra,Shea Butter Lotion,Personal Care,20,Abena Tetteh,Female,VIP
ORD00826,13/02/2023,S004,P009,C0138,7,0,144.71,Tema Central Market,Tema,Greater Accra,Shea Butter Lotion,Personal Care,20,Esi Addy,Female,Regular
ORD00827,12/06/2024,S001,P004,C0075,8,0.1,350.78,Accra Mall SuperMart,Accra,Greater Accra,Milo Cocoa Powder,Beverages,45,Frimpong Mensah,Male,New
ORD00828,20/10/2023,S008,P003,C0109,5,0.15,554.81,Sunyani Grocers,Sunyani,Bono,Kente Print Shirt,Apparel,120,Appiah Gyasi,Male,Regular
ORD00829,07/12/2024,S003,P008,C0166,8,0,67.74,Takoradi Hub,Takoradi,Western,FanMilk Yoghurt,Beverages,8,Abena Boakye,Female,New
ORD00830,26/04/2023,S003,P013,C0150,9,0,544.84,Takoradi Hub,Takoradi,Western,Club Beer (6-pack),Beverages,60,Kwame Danquah,Male,New
ORD00831,28/11/2023,S008,P001,C0046,8,0.15,184.36,Sunyani Grocers,Sunyani,Bono,Ghana Jollof Mix,Food,25,Akosua Frimpong,Female,New
ORD00832,26/07/2023,S008,P002,C0065,6,0,98.37,Sunyani Grocers,Sunyani,Bono,Shito Pepper Sauce,Food,15.5,Ama Owusu,Female,VIP
ORD00833,07/05/2023,S002,P002,C0181,8,0.05,113.42,Kumasi City Mart,Kumasi,Ashanti,Shito Pepper Sauce,Food,15.5,Frimpong Boateng,Male,Regular
ORD00834,25/12/2024,S007,P012,C0131,10,0,181.22,Koforidua Mart,Koforidua,Eastern,Cassava Dough,Food,18,Mensah Acheampong,Male,Regular
ORD00835,25/01/2024,S001,P013,C0044,6,0.15,330.69,Accra Mall SuperMart,Accra,Greater Accra,Club Beer (6-pack),Beverages,60,Yaw Osei,Male,Regular
ORD00836,03/06/2023,S003,P014,C0038,3,0,12.16,Takoradi Hub,Takoradi,Western,Voltic Water (1L),Beverages,4,Abena Appiah,Female,VIP
ORD00837,13/11/2023,S008,P005,C0161,3,0,32.54,Sunyani Grocers,Sunyani,Bono,Gari (1kg),Food,10,Ama Quaye,Female,Regular
ORD00838,27/07/2023,S001,P010,C0196,5,0,61.13,Accra Mall SuperMart,Accra,Greater Accra,African Black Soap,Personal Care,12,Abena Addy,Female,VIP
ORD00839,25/05/2024,S001,P010,C0127,4,0,49.84,Accra Mall SuperMart,Accra,Greater Accra,African Black Soap,Personal Care,12,Mensah Tetteh,Male,New
ORD00840,02/05/2024,S008,P007,C0114,2,0.15,61.88,Sunyani Grocers,Sunyani,Bono,Alomo Bitters,Beverages,35,Kojo Danquah,Male,Regular
ORD00841,08/09/2023,S005,P010,C0161,9,0,103.39,Tamale Superstore,Tamale,Northern,African Black Soap,Personal Care,12,Ama Quaye,Female,Regular
ORD00842,01/06/2023,S001,P011,C0090,1,0,32.34,Accra Mall SuperMart,Accra,Greater Accra,Palm Oil (1L),Food,30,Kwasi Boakye,Male,New
ORD00843,14/11/2024,S005,P006,C0023,1,0,5.06,Tamale Superstore,Tamale,Northern,Plantain Chips,Snacks,5,Ama Acheampong,Female,VIP
ORD00844,02/07/2023,S003,P011,C0073,10,0.15,264.14,Takoradi Hub,Takoradi,Western,Palm Oil (1L),Food,30,Akosua Tetteh,Female,Regular
ORD00845,29/07/2024,S003,P008,C0192,10,0.05,82.82,Takoradi Hub,Takoradi,Western,FanMilk Yoghurt,Beverages,8,Osei Frimpong,Male,VIP
ORD00846,06/04/2023,S005,P006,C0095,7,0,37.23,Tamale Superstore,Tamale,Northern,Plantain Chips,Snacks,5,Abena Adomako,Female,Regular
ORD00847,17/07/2024,S002,P005,C0121,3,0,31.63,Kumasi City Mart,Kumasi,Ashanti,Gari (1kg),Food,10,Kofi Asare,Male,VIP
ORD00848,09/10/2023,S006,P009,C0106,9,0,189.79,Cape Coast Retail,Cape Coast,Central,Shea Butter Lotion,Personal Care,20,Abena Osei,Female,Regular
ORD00849,18/09/2024,S001,P002,C0147,9,0,142.65,Accra Mall SuperMart,Accra,Greater Accra,Shito Pepper Sauce,Food,15.5,Kofi Boakye,Male,New
ORD00850,06/12/2024,S005,P007,C0156,6,0.05,205.25,Tamale Superstore,Tamale,Northern,Alomo Bitters,Beverages,35,Yaa Addy,Female,New
ORD00851,30/09/2024,S006,P015,C0034,10,0.15,130.62,Cape Coast Retail,Cape Coast,Central,Ideal Milk,Beverages,15,Esi Owusu,Female,New
ORD00852,09/10/2024,S008,P008,C0047,10,0,84.5,Sunyani Grocers,Sunyani,Bono,FanMilk Yoghurt,Beverages,8,Yaa Asare,Female,New
ORD00853,18/07/2023,S001,P002,C0007,8,0,131.52,Accra Mall SuperMart,Accra,Greater Accra,Shito Pepper Sauce,Food,15.5,Kwame Osei,Male,Regular
ORD00854,01/08/2023,S007,P007,C0012,6,0.05,206.3,Koforidua Mart,Koforidua,Eastern,Alomo Bitters,Beverages,35,Yaa Adomako,Female,VIP
ORD00855,14/10/2024,S004,P001,C0164,4,0.05,93.88,Tema Central Market,Tema,Greater Accra,Ghana Jollof Mix,Food,25,Yaw Owusu,Male,New
ORD00856,11/03/2023,S005,P005,C0130,9,0.05,91.06,Tamale Superstore,Tamale,Northern,Gari (1kg),Food,10,Abena Mensah,Female,New
ORD00857,27/04/2023,S006,P006,C0102,10,0.15,46.5,Cape Coast Retail,Cape Coast,Central,Plantain Chips,Snacks,5,Kojo Appiah,Male,New
ORD00858,29/06/2023,S004,P006,C0087,8,0.1,38.51,Tema Central Market,Tema,Greater Accra,Plantain Chips,Snacks,5,Abena Quaye,Female,New
ORD00859,23/10/2024,S003,P008,C0040,8,0.15,58.99,Takoradi Hub,Takoradi,Western,FanMilk Yoghurt,Beverages,8,Mensah Acheampong,Male,Regular
ORD00860,18/04/2024,S007,P015,C0191,1,0.15,12.68,Koforidua Mart,Koforidua,Eastern,Ideal Milk,Beverages,15,Osei Boakye,Male,New
ORD00861,25/11/2024,S006,P009,C0138,1,0,20.73,Cape Coast Retail,Cape Coast,Central,Shea Butter Lotion,Personal Care,20,Esi Addy,Female,Regular
ORD00862,06/12/2023,S006,P002,C0039,5,0,77.57,Cape Coast Retail,Cape Coast,Central,Shito Pepper Sauce,Food,15.5,Kwasi Owusu,Male,New
ORD00863,20/01/2024,S003,P010,C0156,7,0,87.3,Takoradi Hub,Takoradi,Western,African Black Soap,Personal Care,12,Yaa Addy,Female,New
ORD00864,12/11/2023,S006,P012,C0009,5,0.1,78,Cape Coast Retail,Cape Coast,Central,Cassava Dough,Food,18,Kwame Acheampong,Male,Regular
ORD00865,01/09/2023,S006,P008,C0078,4,0.15,27.07,Cape Coast Retail,Cape Coast,Central,FanMilk Yoghurt,Beverages,8,Frimpong Addy,Male,VIP
ORD00866,25/04/2023,S006,P013,C0010,4,0,243.98,Cape Coast Retail,Cape Coast,Central,Club Beer (6-pack),Beverages,60,Mensah Boakye,Male,New
ORD00867,26/01/2023,S008,P015,C0129,3,0,45.05,Sunyani Grocers,Sunyani,Bono,Ideal Milk,Beverages,15,Kofi Frimpong,Male,VIP
ORD00868,10/05/2024,S005,P013,C0084,3,0,193.2,Tamale Superstore,Tamale,Northern,Club Beer (6-pack),Beverages,60,Esi Danquah,Female,New
ORD00869,12/06/2024,S003,P004,C0186,1,0.1,40.83,Takoradi Hub,Takoradi,Western,Milo Cocoa Powder,Beverages,45,Frimpong Quaye,Male,Regular
ORD00870,18/06/2024,S002,P001,C0080,1,0.15,22.97,Kumasi City Mart,Kumasi,Ashanti,Ghana Jollof Mix,Food,25,Frimpong Adomako,Male,Regular
ORD00871,08/12/2023,S008,P015,C0012,2,0.15,27.16,Sunyani Grocers,Sunyani,Bono,Ideal Milk,Beverages,15,Yaa Adomako,Female,VIP
ORD00872,16/11/2023,S001,P010,C0195,5,0,59.89,Accra Mall SuperMart,Accra,Greater Accra,African Black Soap,Personal Care,12,Appiah Danquah,Male,Regular
ORD00873,17/07/2023,S005,P005,C0137,6,0.1,56.74,Tamale Superstore,Tamale,Northern,Gari (1kg),Food,10,Ama Adomako,Female,Regular
ORD00874,07/10/2023,S003,P003,C0071,2,0,262.5,Takoradi Hub,Takoradi,Western,Kente Print Shirt,Apparel,120,Appiah Boakye,Male,New
ORD00875,27/07/2024,S002,P004,C0139,6,0.15,228.99,Kumasi City Mart,Kumasi,Ashanti,Milo Cocoa Powder,Beverages,45,Kwasi Osei,Male,New
ORD00876,25/05/2023,S005,P010,C0063,3,0,35.88,Tamale Superstore,Tamale,Northern,African Black Soap,Personal Care,12,Frimpong Acheampong,Male,VIP
ORD00877,13/12/2023,S008,P001,C0034,1,0.1,24.42,Sunyani Grocers,Sunyani,Bono,Ghana Jollof Mix,Food,25,Esi Owusu,Female,New
ORD00878,21/02/2023,S002,P007,C0014,2,0.1,63.55,Kumasi City Mart,Kumasi,Ashanti,Alomo Bitters,Beverages,35,Osei Tetteh,Male,Regular
ORD00879,22/12/2024,S008,P010,C0092,5,0.05,61.14,Sunyani Grocers,Sunyani,Bono,African Black Soap,Personal Care,12,Yaa Osei,Female,Regular
ORD00880,31/12/2024,S002,P015,C0194,8,0.15,98.92,Kumasi City Mart,Kumasi,Ashanti,Ideal Milk,Beverages,15,Ama Asare,Female,Regular
ORD00881,16/12/2024,S008,P002,C0117,5,0.1,71.19,Sunyani Grocers,Sunyani,Bono,Shito Pepper Sauce,Food,15.5,Yaa Tetteh,Female,New
ORD00882,18/08/2023,S003,P014,C0158,5,0.05,19.17,Takoradi Hub,Takoradi,Western,Voltic Water (1L),Beverages,4,Osei Boakye,Male,New
ORD00883,17/12/2024,S006,P013,C0084,8,0.1,412.36,Cape Coast Retail,Cape Coast,Central,Club Beer (6-pack),Beverages,60,Esi Danquah,Female,New
ORD00884,01/05/2024,S002,P006,C0123,8,0,39.69,Kumasi City Mart,Kumasi,Ashanti,Plantain Chips,Snacks,5,Frimpong Mensah,Male,Regular
ORD00885,23/12/2023,S003,P009,C0027,7,0,139.84,Takoradi Hub,Takoradi,Western,Shea Butter Lotion,Personal Care,20,Ama Mensah,Female,New
ORD00886,27/10/2024,S002,P013,C0078,9,0.1,490.92,Kumasi City Mart,Kumasi,Ashanti,Club Beer (6-pack),Beverages,60,Frimpong Addy,Male,VIP
ORD00887,28/02/2024,S004,P010,C0063,9,0,118.38,Tema Central Market,Tema,Greater Accra,African Black Soap,Personal Care,12,Frimpong Acheampong,Male,VIP
ORD00888,29/01/2024,S002,P006,C0054,10,0.1,48.04,Kumasi City Mart,Kumasi,Ashanti,Plantain Chips,Snacks,5,Kojo Danquah,Male,Regular
ORD00889,21/03/2024,S006,P009,C0178,4,0,83.95,Cape Coast Retail,Cape Coast,Central,Shea Butter Lotion,Personal Care,20,Afia Acheampong,Female,Regular
ORD00890,21/03/2023,S008,P002,C0152,10,0.1,139.33,Sunyani Grocers,Sunyani,Bono,Shito Pepper Sauce,Food,15.5,Kojo Frimpong,Male,New
ORD00891,10/04/2023,S008,P003,C0079,7,0,873.38,Sunyani Grocers,Sunyani,Bono,Kente Print Shirt,Apparel,120,Abena Mensah,Female,Regular
ORD00892,02/12/2024,S007,P006,C0127,1,0,4.91,Koforidua Mart,Koforidua,Eastern,Plantain Chips,Snacks,5,Mensah Tetteh,Male,New
ORD00893,23/05/2023,S001,P013,C0038,3,0.1,166.81,Accra Mall SuperMart,Accra,Greater Accra,Club Beer (6-pack),Beverages,60,Abena Appiah,Female,VIP
ORD00894,04/02/2024,S008,P004,C0053,6,0.05,265.62,Sunyani Grocers,Sunyani,Bono,Milo Cocoa Powder,Beverages,45,Akosua Frimpong,Female,Regular
ORD00895,26/11/2024,S005,P015,C0112,6,0,93.37,Tamale Superstore,Tamale,Northern,Ideal Milk,Beverages,15,Mensah Boateng,Male,Regular
ORD00896,18/09/2024,S007,P014,C0033,5,0,20.11,Koforidua Mart,Koforidua,Eastern,Voltic Water (1L),Beverages,4,Akosua Boateng,Female,Regular
ORD00897,16/07/2024,S001,P001,C0181,9,0.05,206.58,Accra Mall SuperMart,Accra,Greater Accra,Ghana Jollof Mix,Food,25,Frimpong Boateng,Male,Regular
ORD00898,16/10/2023,S001,P004,C0111,10,0.1,422.73,Accra Mall SuperMart,Accra,Greater Accra,Milo Cocoa Powder,Beverages,45,Ama Mensah,Female,VIP
ORD00899,29/12/2024,S007,P007,C0098,7,0.15,204.44,Koforidua Mart,Koforidua,Eastern,Alomo Bitters,Beverages,35,Ama Quaye,Female,Regular
ORD00900,27/06/2023,S008,P003,C0049,9,0.1,1046.36,Sunyani Grocers,Sunyani,Bono,Kente Print Shirt,Apparel,120,Kofi Frimpong,Male,New
ORD00901,04/01/2024,S007,P003,C0074,3,0,342.63,Koforidua Mart,Koforidua,Eastern,Kente Print Shirt,Apparel,120,Kojo Tetteh,Male,New
ORD00902,25/10/2024,S001,P003,C0185,8,0.1,947.16,Accra Mall SuperMart,Accra,Greater Accra,Kente Print Shirt,Apparel,120,Afia Gyasi,Female,Regular
ORD00903,20/05/2023,S002,P003,C0165,7,0.1,819.53,Kumasi City Mart,Kumasi,Ashanti,Kente Print Shirt,Apparel,120,Abena Gyasi,Female,VIP
ORD00904,13/12/2024,S007,P010,C0047,8,0.15,82.71,Koforidua Mart,Koforidua,Eastern,African Black Soap,Personal Care,12,Yaa Asare,Female,New
ORD00905,05/04/2024,S007,P006,C0058,3,0.1,14.05,Koforidua Mart,Koforidua,Eastern,Plantain Chips,Snacks,5,Afia Osei,Female,VIP
ORD00906,14/08/2024,S008,P014,C0188,4,0.15,13.47,Sunyani Grocers,Sunyani,Bono,Voltic Water (1L),Beverages,4,Frimpong Asare,Male,Regular
ORD00907,13/07/2024,S006,P001,C0010,10,0.1,237.54,Cape Coast Retail,Cape Coast,Central,Ghana Jollof Mix,Food,25,Mensah Boakye,Male,New
ORD00908,26/04/2023,S008,P012,C0021,3,0.15,50.38,Sunyani Grocers,Sunyani,Bono,Cassava Dough,Food,18,Mensah Danquah,Male,New
ORD00909,14/10/2023,S008,P009,C0021,9,0.15,147.38,Sunyani Grocers,Sunyani,Bono,Shea Butter Lotion,Personal Care,20,Mensah Danquah,Male,New
ORD00910,28/04/2024,S002,P011,C0163,9,0.15,228.78,Kumasi City Mart,Kumasi,Ashanti,Palm Oil (1L),Food,30,Mensah Acheampong,Male,Regular
ORD00911,24/02/2023,S006,P009,C0200,1,0.1,18.33,Cape Coast Retail,Cape Coast,Central,Shea Butter Lotion,Personal Care,20,Yaw Addy,Male,Regular
ORD00912,25/04/2024,S006,P007,C0091,5,0.05,162.11,Cape Coast Retail,Cape Coast,Central,Alomo Bitters,Beverages,35,Akosua Danquah,Female,New
ORD00913,12/12/2024,S005,P012,C0145,5,0,94,Tamale Superstore,Tamale,Northern,Cassava Dough,Food,18,Esi Gyasi,Female,VIP
ORD00914,15/08/2024,S003,P010,C0014,5,0.15,48.66,Takoradi Hub,Takoradi,Western,African Black Soap,Personal Care,12,Osei Tetteh,Male,Regular
ORD00915,11/05/2024,S002,P003,C0130,2,0.05,225.22,Kumasi City Mart,Kumasi,Ashanti,Kente Print Shirt,Apparel,120,Abena Mensah,Female,New
ORD00916,22/09/2024,S005,P005,C0066,1,0,10.41,Tamale Superstore,Tamale,Northern,Gari (1kg),Food,10,Kofi Danquah,Male,Regular
ORD00917,28/08/2024,S003,P011,C0115,6,0,178.05,Takoradi Hub,Takoradi,Western,Palm Oil (1L),Food,30,Kwasi Appiah,Male,VIP
ORD00918,18/12/2024,S004,P008,C0047,9,0,72.1,Tema Central Market,Tema,Greater Accra,FanMilk Yoghurt,Beverages,8,Yaa Asare,Female,New
ORD00919,28/03/2023,S003,P010,C0040,8,0.1,92.06,Takoradi Hub,Takoradi,Western,African Black Soap,Personal Care,12,Mensah Acheampong,Male,Regular
ORD00920,01/09/2023,S008,P012,C0164,3,0,55.98,Sunyani Grocers,Sunyani,Bono,Cassava Dough,Food,18,Yaw Owusu,Male,New
ORD00921,20/12/2023,S001,P011,C0068,2,0,58.51,Accra Mall SuperMart,Accra,Greater Accra,Palm Oil (1L),Food,30,Yaw Acheampong,Male,Regular
ORD00922,13/02/2024,S008,P005,C0122,9,0,90.63,Sunyani Grocers,Sunyani,Bono,Gari (1kg),Food,10,Yaa Frimpong,Female,VIP
ORD00923,23/12/2024,S007,P008,C0068,3,0.15,22.04,Koforidua Mart,Koforidua,Eastern,FanMilk Yoghurt,Beverages,8,Yaw Acheampong,Male,Regular
ORD00924,13/01/2023,S005,P015,C0115,7,0.05,109.15,Tamale Superstore,Tamale,Northern,Ideal Milk,Beverages,15,Kwasi Appiah,Male,VIP
ORD00925,30/11/2024,S001,P002,C0137,6,0.1,87.18,Accra Mall SuperMart,Accra,Greater Accra,Shito Pepper Sauce,Food,15.5,Ama Adomako,Female,Regular
ORD00926,29/10/2024,S005,P006,C0070,5,0,24.71,Tamale Superstore,Tamale,Northern,Plantain Chips,Snacks,5,Appiah Boakye,Male,VIP
ORD00927,21/08/2024,S007,P008,C0198,4,0.15,28.98,Koforidua Mart,Koforidua,Eastern,FanMilk Yoghurt,Beverages,8,Abena Mensah,Female,New
ORD00928,16/06/2024,S006,P011,C0177,3,0.05,88.25,Cape Coast Retail,Cape Coast,Central,Palm Oil (1L),Food,30,Kojo Mensah,Male,VIP
ORD00929,19/11/2024,S001,P014,C0018,1,0.1,3.47,Accra Mall SuperMart,Accra,Greater Accra,Voltic Water (1L),Beverages,4,Ama Asare,Female,Regular
ORD00930,17/04/2023,S008,P006,C0057,5,0.05,23.25,Sunyani Grocers,Sunyani,Bono,Plantain Chips,Snacks,5,Osei Boakye,Male,VIP
ORD00931,25/01/2023,S002,P001,C0153,4,0.15,88.89,Kumasi City Mart,Kumasi,Ashanti,Ghana Jollof Mix,Food,25,Yaw Appiah,Male,VIP
ORD00932,26/12/2024,S002,P002,C0155,3,0.1,43.88,Kumasi City Mart,Kumasi,Ashanti,Shito Pepper Sauce,Food,15.5,Akosua Owusu,Female,Regular
ORD00933,25/10/2024,S003,P015,C0029,3,0.05,42.5,Takoradi Hub,Takoradi,Western,Ideal Milk,Beverages,15,Ama Addy,Female,Regular
ORD00934,07/11/2024,S002,P011,C0117,5,0.1,142.27,Kumasi City Mart,Kumasi,Ashanti,Palm Oil (1L),Food,30,Yaa Tetteh,Female,New
ORD00935,14/11/2024,S006,P005,C0042,2,0.05,20.26,Cape Coast Retail,Cape Coast,Central,Gari (1kg),Food,10,Abena Addy,Female,Regular
ORD00936,27/01/2024,S007,P006,C0016,5,0.05,23.2,Koforidua Mart,Koforidua,Eastern,Plantain Chips,Snacks,5,Yaw Appiah,Male,Regular
ORD00937,13/03/2023,S008,P015,C0052,10,0.1,131.86,Sunyani Grocers,Sunyani,Bono,Ideal Milk,Beverages,15,Frimpong Adomako,Male,VIP
ORD00938,18/05/2024,S002,P003,C0139,7,0,875.36,Kumasi City Mart,Kumasi,Ashanti,Kente Print Shirt,Apparel,120,Kwasi Osei,Male,New
ORD00939,19/04/2023,S008,P012,C0067,2,0,34.59,Sunyani Grocers,Sunyani,Bono,Cassava Dough,Food,18,Mensah Quaye,Male,New
ORD00940,08/08/2024,S005,P013,C0115,1,0.1,52.51,Tamale Superstore,Tamale,Northern,Club Beer (6-pack),Beverages,60,Kwasi Appiah,Male,VIP
ORD00941,17/10/2024,S001,P015,C0010,7,0.05,97.03,Accra Mall SuperMart,Accra,Greater Accra,Ideal Milk,Beverages,15,Mensah Boakye,Male,New
ORD00942,04/12/2023,S007,P010,C0001,9,0.1,99.31,Koforidua Mart,Koforidua,Eastern,African Black Soap,Personal Care,12,Esi Osei,Female,Regular
ORD00943,18/02/2024,S002,P009,C0058,1,0.1,19.68,Kumasi City Mart,Kumasi,Ashanti,Shea Butter Lotion,Personal Care,20,Afia Osei,Female,VIP
ORD00944,08/05/2024,S002,P010,C0138,6,0.05,71.98,Kumasi City Mart,Kumasi,Ashanti,African Black Soap,Personal Care,12,Esi Addy,Female,Regular
ORD00945,15/02/2024,S001,P011,C0166,2,0.05,58.72,Accra Mall SuperMart,Accra,Greater Accra,Palm Oil (1L),Food,30,Abena Boakye,Female,New
ORD00946,15/12/2023,S002,P014,C0118,5,0,19.53,Kumasi City Mart,Kumasi,Ashanti,Voltic Water (1L),Beverages,4,Ama Mensah,Female,New
ORD00947,10/02/2023,S007,P011,C0049,5,0.1,146.4,Koforidua Mart,Koforidua,Eastern,Palm Oil (1L),Food,30,Kofi Frimpong,Male,New
ORD00948,07/10/2024,S006,P008,C0022,8,0,62.14,Cape Coast Retail,Cape Coast,Central,FanMilk Yoghurt,Beverages,8,Ama Quaye,Female,VIP
ORD00949,17/07/2023,S001,P012,C0152,4,0.1,65.34,Accra Mall SuperMart,Accra,Greater Accra,Cassava Dough,Food,18,Kojo Frimpong,Male,New
ORD00950,07/07/2024,S005,P008,C0137,8,0,61.16,Tamale Superstore,Tamale,Northern,FanMilk Yoghurt,Beverages,8,Ama Adomako,Female,Regular
ORD00951,27/02/2023,S006,P013,C0185,1,0.1,52.26,Cape Coast Retail,Cape Coast,Central,Club Beer (6-pack),Beverages,60,Afia Gyasi,Female,Regular
ORD00952,31/10/2024,S008,P011,C0138,3,0.15,75.35,Sunyani Grocers,Sunyani,Bono,Palm Oil (1L),Food,30,Esi Addy,Female,Regular
ORD00953,15/03/2023,S001,P012,C0037,8,0,146.98,Accra Mall SuperMart,Accra,Greater Accra,Cassava Dough,Food,18,Kofi Acheampong,Male,New
ORD00954,25/09/2024,S001,P004,C0180,3,0,131.74,Accra Mall SuperMart,Accra,Greater Accra,Milo Cocoa Powder,Beverages,45,Yaw Boateng,Male,Regular
ORD00955,21/02/2023,S005,P014,C0025,8,0.15,26.54,Tamale Superstore,Tamale,Northern,Voltic Water (1L),Beverages,4,Frimpong Addy,Male,VIP
ORD00956,28/08/2024,S002,P014,C0028,2,0.1,7.48,Kumasi City Mart,Kumasi,Ashanti,Voltic Water (1L),Beverages,4,Abena Tetteh,Female,VIP
ORD00957,22/09/2024,S004,P002,C0052,7,0.05,110.47,Tema Central Market,Tema,Greater Accra,Shito Pepper Sauce,Food,15.5,Frimpong Adomako,Male,VIP
ORD00958,25/11/2024,S007,P006,C0031,10,0.15,41.25,Koforidua Mart,Koforidua,Eastern,Plantain Chips,Snacks,5,Yaw Danquah,Male,New
ORD00959,07/08/2023,S001,P010,C0045,6,0,69.7,Accra Mall SuperMart,Accra,Greater Accra,African Black Soap,Personal Care,12,Frimpong Adomako,Male,New
ORD00960,25/05/2023,S007,P003,C0179,6,0.15,596.55,Koforidua Mart,Koforidua,Eastern,Kente Print Shirt,Apparel,120,Kwasi Appiah,Male,Regular
ORD00961,07/09/2023,S001,P003,C0026,10,0.1,1151.98,Accra Mall SuperMart,Accra,Greater Accra,Kente Print Shirt,Apparel,120,Afia Frimpong,Female,New
ORD00962,17/01/2023,S008,P002,C0002,1,0,16.88,Sunyani Grocers,Sunyani,Bono,Shito Pepper Sauce,Food,15.5,Mensah Owusu,Male,Regular
ORD00963,24/12/2024,S005,P007,C0178,8,0,274.66,Tamale Superstore,Tamale,Northern,Alomo Bitters,Beverages,35,Afia Acheampong,Female,Regular
ORD00964,17/10/2024,S005,P009,C0116,7,0,152.7,Tamale Superstore,Tamale,Northern,Shea Butter Lotion,Personal Care,20,Yaa Frimpong,Female,Regular
ORD00965,17/09/2024,S001,P010,C0047,8,0.15,89.15,Accra Mall SuperMart,Accra,Greater Accra,African Black Soap,Personal Care,12,Yaa Asare,Female,New
ORD00966,04/10/2024,S005,P006,C0108,1,0.15,4.19,Tamale Superstore,Tamale,Northern,Plantain Chips,Snacks,5,Kwasi Asare,Male,VIP
ORD00967,01/05/2023,S002,P010,C0093,9,0.15,90.23,Kumasi City Mart,Kumasi,Ashanti,African Black Soap,Personal Care,12,Abena Osei,Female,VIP
ORD00968,03/10/2024,S004,P005,C0014,4,0,42.78,Tema Central Market,Tema,Greater Accra,Gari (1kg),Food,10,Osei Tetteh,Male,Regular
ORD00969,02/12/2024,S008,P008,C0046,3,0,22.99,Sunyani Grocers,Sunyani,Bono,FanMilk Yoghurt,Beverages,8,Akosua Frimpong,Female,New
ORD00970,08/01/2024,S005,P004,C0112,5,0.05,222.84,Tamale Superstore,Tamale,Northern,Milo Cocoa Powder,Beverages,45,Mensah Boateng,Male,Regular
ORD00971,09/04/2024,S001,P002,C0190,1,0.15,12.86,Accra Mall SuperMart,Accra,Greater Accra,Shito Pepper Sauce,Food,15.5,Osei Quaye,Male,VIP
ORD00972,30/01/2023,S008,P009,C0030,2,0,42.33,Sunyani Grocers,Sunyani,Bono,Shea Butter Lotion,Personal Care,20,Appiah Osei,Male,VIP
ORD00973,29/08/2024,S006,P007,C0051,6,0,224.04,Cape Coast Retail,Cape Coast,Central,Alomo Bitters,Beverages,35,Mensah Adomako,Male,VIP
ORD00974,30/11/2023,S004,P002,C0061,7,0,109.19,Tema Central Market,Tema,Greater Accra,Shito Pepper Sauce,Food,15.5,Appiah Mensah,Male,New
ORD00975,14/08/2023,S002,P008,C0150,8,0,69.35,Kumasi City Mart,Kumasi,Ashanti,FanMilk Yoghurt,Beverages,8,Kwame Danquah,Male,New
ORD00976,29/05/2023,S004,P015,C0157,8,0,120.97,Tema Central Market,Tema,Greater Accra,Ideal Milk,Beverages,15,Mensah Owusu,Male,New
ORD00977,20/05/2023,S008,P012,C0050,6,0.05,100.58,Sunyani Grocers,Sunyani,Bono,Cassava Dough,Food,18,Kojo Acheampong,Male,VIP
ORD00978,11/05/2023,S001,P012,C0146,1,0.05,16.6,Accra Mall SuperMart,Accra,Greater Accra,Cassava Dough,Food,18,Abena Owusu,Female,VIP
ORD00979,21/04/2024,S008,P007,C0044,6,0,227.42,Sunyani Grocers,Sunyani,Bono,Alomo Bitters,Beverages,35,Yaw Osei,Male,Regular
ORD00980,10/09/2024,S003,P013,C0164,10,0,622.03,Takoradi Hub,Takoradi,Western,Club Beer (6-pack),Beverages,60,Yaw Owusu,Male,New
ORD00981,20/07/2024,S004,P002,C0106,9,0.1,135.51,Tema Central Market,Tema,Greater Accra,Shito Pepper Sauce,Food,15.5,Abena Osei,Female,Regular
ORD00982,10/08/2023,S008,P014,C0119,5,0,21.19,Sunyani Grocers,Sunyani,Bono,Voltic Water (1L),Beverages,4,Kojo Addy,Male,Regular
ORD00983,10/09/2023,S004,P006,C0112,10,0,54.19,Tema Central Market,Tema,Greater Accra,Plantain Chips,Snacks,5,Mensah Boateng,Male,Regular
ORD00984,28/08/2024,S003,P015,C0147,1,0.1,14.81,Takoradi Hub,Takoradi,Western,Ideal Milk,Beverages,15,Kofi Boakye,Male,New
ORD00985,11/02/2023,S008,P012,C0197,9,0,164.24,Sunyani Grocers,Sunyani,Bono,Cassava Dough,Food,18,Akosua Owusu,Female,Regular
ORD00986,08/02/2024,S008,P013,C0179,2,0.1,110.62,Sunyani Grocers,Sunyani,Bono,Club Beer (6-pack),Beverages,60,Kwasi Appiah,Male,Regular
ORD00987,27/03/2023,S001,P012,C0188,7,0,122.21,Accra Mall SuperMart,Accra,Greater Accra,Cassava Dough,Food,18,Frimpong Asare,Male,Regular
ORD00988,30/10/2023,S004,P011,C0024,1,0.1,28.36,Tema Central Market,Tema,Greater Accra,Palm Oil (1L),Food,30,Appiah Boakye,Male,New
ORD00989,15/06/2023,S008,P014,C0147,10,0,43.86,Sunyani Grocers,Sunyani,Bono,Voltic Water (1L),Beverages,4,Kofi Boakye,Male,New
ORD00990,19/04/2024,S003,P014,C0181,7,0,29.92,Takoradi Hub,Takoradi,Western,Voltic Water (1L),Beverages,4,Frimpong Boateng,Male,Regular
ORD00991,15/01/2024,S008,P012,C0163,1,0,18.14,Sunyani Grocers,Sunyani,Bono,Cassava Dough,Food,18,Mensah Acheampong,Male,Regular
ORD00992,08/12/2024,S006,P009,C0009,5,0.1,95.66,Cape Coast Retail,Cape Coast,Central,Shea Butter Lotion,Personal Care,20,Kwame Acheampong,Male,Regular
ORD00993,15/12/2024,S004,P013,C0176,2,0.15,110.38,Tema Central Market,Tema,Greater Accra,Club Beer (6-pack),Beverages,60,Frimpong Gyasi,Male,Regular
ORD00994,26/02/2023,S006,P015,C0014,2,0.1,27.13,Cape Coast Retail,Cape Coast,Central,Ideal Milk,Beverages,15,Osei Tetteh,Male,Regular
ORD00995,25/09/2024,S001,P006,C0094,3,0.15,13.46,Accra Mall SuperMart,Accra,Greater Accra,Plantain Chips,Snacks,5,Kwame Adomako,Male,New
ORD00996,28/07/2024,S004,P003,C0086,4,0.15,394.55,Tema Central Market,Tema,Greater Accra,Kente Print Shirt,Apparel,120,Appiah Adomako,Male,VIP
ORD00997,04/05/2024,S004,P013,C0191,4,0.05,228.66,Tema Central Market,Tema,Greater Accra,Club Beer (6-pack),Beverages,60,Osei Boakye,Male,New
ORD00998,01/10/2023,S007,P005,C0014,2,0.05,19.03,Koforidua Mart,Koforidua,Eastern,Gari (1kg),Food,10,Osei Tetteh,Male,Regular
ORD00999,12/05/2024,S002,P008,C0182,9,0.15,66.4,Kumasi City Mart,Kumasi,Ashanti,FanMilk Yoghurt,Beverages,8,Esi Frimpong,Female,New
ORD01000,07/04/2024,S006,P013,C0173,2,0,130.05,Cape Coast Retail,Cape Coast,Central,Club Beer (6-pack),Beverages,60,Mensah Danquah,Male,New
ORD01001,13/04/2024,S002,P002,C0101,3,0.05,48.32,Kumasi City Mart,Kumasi,Ashanti,Shito Pepper Sauce,Food,15.5,Esi Danquah,Female,Regular
ORD01002,20/03/2023,S002,P003,C0071,2,0,245.87,Kumasi City Mart,Kumasi,Ashanti,Kente Print Shirt,Apparel,120,Appiah Boakye,Male,New
ORD01003,29/07/2023,S001,P005,C0107,9,0,91.9,Accra Mall SuperMart,Accra,Greater Accra,Gari (1kg),Food,10,Esi Asare,Female,VIP
ORD01004,06/03/2024,S008,P012,C0166,1,0.05,16.73,Sunyani Grocers,Sunyani,Bono,Cassava Dough,Food,18,Abena Boakye,Female,New
ORD01005,23/01/2023,S004,P014,C0134,6,0.1,22.4,Tema Central Market,Tema,Greater Accra,Voltic Water (1L),Beverages,4,Kojo Quaye,Male,New
ORD01006,02/11/2024,S006,P008,C0152,9,0.15,62.23,Cape Coast Retail,Cape Coast,Central,FanMilk Yoghurt,Beverages,8,Kojo Frimpong,Male,New
ORD01007,08/11/2023,S003,P015,C0079,3,0.05,42.07,Takoradi Hub,Takoradi,Western,Ideal Milk,Beverages,15,Abena Mensah,Female,Regular
ORD01008,16/01/2024,S005,P013,C0013,3,0.05,169.74,Tamale Superstore,Tamale,Northern,Club Beer (6-pack),Beverages,60,Osei Addy,Male,Regular
ORD01009,20/06/2023,S003,P012,C0138,5,0,98.64,Takoradi Hub,Takoradi,Western,Cassava Dough,Food,18,Esi Addy,Female,Regular
ORD01010,26/12/2024,S003,P003,C0061,2,0,263.78,Takoradi Hub,Takoradi,Western,Kente Print Shirt,Apparel,120,Appiah Mensah,Male,New
ORD01011,11/08/2024,S003,P008,C0067,6,0,47.08,Takoradi Hub,Takoradi,Western,FanMilk Yoghurt,Beverages,8,Mensah Quaye,Male,New
ORD01012,25/12/2024,S001,P011,C0082,6,0,181.07,Accra Mall SuperMart,Accra,Greater Accra,Palm Oil (1L),Food,30,Appiah Osei,Male,New
ORD01013,06/07/2024,S003,P009,C0078,2,0,40.43,Takoradi Hub,Takoradi,Western,Shea Butter Lotion,Personal Care,20,Frimpong Addy,Male,VIP
ORD01014,26/05/2024,S003,P008,C0082,3,0,26.29,Takoradi Hub,Takoradi,Western,FanMilk Yoghurt,Beverages,8,Appiah Osei,Male,New
ORD01015,13/07/2024,S006,P011,C0181,5,0.1,146.39,Cape Coast Retail,Cape Coast,Central,Palm Oil (1L),Food,30,Frimpong Boateng,Male,Regular
ORD01016,10/08/2024,S003,P013,C0145,8,0.05,480.34,Takoradi Hub,Takoradi,Western,Club Beer (6-pack),Beverages,60,Esi Gyasi,Female,VIP
ORD01017,05/05/2024,S001,P003,C0174,9,0,1075.91,Accra Mall SuperMart,Accra,Greater Accra,Kente Print Shirt,Apparel,120,Mensah Asare,Male,New
ORD01018,16/02/2024,S004,P008,C0092,2,0.05,14.57,Tema Central Market,Tema,Greater Accra,FanMilk Yoghurt,Beverages,8,Yaa Osei,Female,Regular
ORD01019,18/10/2024,S004,P010,C0135,4,0.05,44.66,Tema Central Market,Tema,Greater Accra,African Black Soap,Personal Care,12,Kofi Mensah,Male,New
ORD01020,27/03/2023,S008,P011,C0172,2,0.15,51.47,Sunyani Grocers,Sunyani,Bono,Palm Oil (1L),Food,30,Esi Owusu,Female,Regular
ORD01021,17/05/2024,S006,P010,C0155,9,0,117.32,Cape Coast Retail,Cape Coast,Central,African Black Soap,Personal Care,12,Akosua Owusu,Female,Regular
ORD01022,05/01/2024,S007,P003,C0184,7,0.05,804.32,Koforidua Mart,Koforidua,Eastern,Kente Print Shirt,Apparel,120,Frimpong Addy,Male,VIP
ORD01023,13/01/2023,S005,P006,C0090,5,0.1,24.33,Tamale Superstore,Tamale,Northern,Plantain Chips,Snacks,5,Kwasi Boakye,Male,New
ORD01024,31/03/2023,S004,P012,C0114,7,0.1,112.64,Tema Central Market,Tema,Greater Accra,Cassava Dough,Food,18,Kojo Danquah,Male,Regular
ORD01025,10/03/2024,S007,P003,C0151,10,0,1165.86,Koforidua Mart,Koforidua,Eastern,Kente Print Shirt,Apparel,120,Afia Osei,Female,Regular
ORD01026,07/11/2023,S008,P014,C0135,6,0,26.16,Sunyani Grocers,Sunyani,Bono,Voltic Water (1L),Beverages,4,Kofi Mensah,Male,New
ORD01027,27/08/2024,S007,P002,C0002,7,0.05,104.33,Koforidua Mart,Koforidua,Eastern,Shito Pepper Sauce,Food,15.5,Mensah Owusu,Male,Regular
ORD01028,23/07/2024,S008,P012,C0146,3,0,52.81,Sunyani Grocers,Sunyani,Bono,Cassava Dough,Food,18,Abena Owusu,Female,VIP
ORD01029,26/01/2024,S005,P009,C0126,1,0.05,20.43,Tamale Superstore,Tamale,Northern,Shea Butter Lotion,Personal Care,20,Yaw Asare,Male,New
ORD01030,08/11/2023,S008,P009,C0190,8,0,152.64,Sunyani Grocers,Sunyani,Bono,Shea Butter Lotion,Personal Care,20,Osei Quaye,Male,VIP
ORD01031,03/01/2023,S003,P005,C0077,8,0,83.85,Takoradi Hub,Takoradi,Western,Gari (1kg),Food,10,Ama Quaye,Female,VIP
ORD01032,22/10/2023,S007,P003,C0126,4,0,464.59,Koforidua Mart,Koforidua,Eastern,Kente Print Shirt,Apparel,120,Yaw Asare,Male,New
ORD01033,11/10/2023,S008,P002,C0154,6,0.15,80.79,Sunyani Grocers,Sunyani,Bono,Shito Pepper Sauce,Food,15.5,Frimpong Osei,Male,Regular
ORD01034,22/03/2024,S005,P011,C0176,8,0,241.44,Tamale Superstore,Tamale,Northern,Palm Oil (1L),Food,30,Frimpong Gyasi,Male,Regular
ORD01035,12/08/2024,S001,P014,C0067,3,0.15,9.78,Accra Mall SuperMart,Accra,Greater Accra,Voltic Water (1L),Beverages,4,Mensah Quaye,Male,New
ORD01036,24/11/2023,S008,P015,C0178,3,0.05,41.66,Sunyani Grocers,Sunyani,Bono,Ideal Milk,Beverages,15,Afia Acheampong,Female,Regular
ORD01037,07/10/2023,S006,P007,C0163,6,0,208.63,Cape Coast Retail,Cape Coast,Central,Alomo Bitters,Beverages,35,Mensah Acheampong,Male,Regular
ORD01038,26/06/2024,S002,P009,C0050,3,0,62.39,Kumasi City Mart,Kumasi,Ashanti,Shea Butter Lotion,Personal Care,20,Kojo Acheampong,Male,VIP
ORD01039,21/06/2023,S006,P014,C0081,5,0.05,20,Cape Coast Retail,Cape Coast,Central,Voltic Water (1L),Beverages,4,Ama Gyasi,Female,VIP
ORD01040,05/12/2024,S006,P002,C0137,10,0.05,158.07,Cape Coast Retail,Cape Coast,Central,Shito Pepper Sauce,Food,15.5,Ama Adomako,Female,Regular
ORD01041,14/01/2023,S003,P009,C0073,6,0.1,109.27,Takoradi Hub,Takoradi,Western,Shea Butter Lotion,Personal Care,20,Akosua Tetteh,Female,Regular
ORD01042,16/06/2023,S002,P004,C0040,9,0,435.27,Kumasi City Mart,Kumasi,Ashanti,Milo Cocoa Powder,Beverages,45,Mensah Acheampong,Male,Regular
ORD01043,26/07/2024,S002,P007,C0118,2,0,75.1,Kumasi City Mart,Kumasi,Ashanti,Alomo Bitters,Beverages,35,Ama Mensah,Female,New
ORD01044,18/01/2023,S008,P006,C0080,6,0,32.18,Sunyani Grocers,Sunyani,Bono,Plantain Chips,Snacks,5,Frimpong Adomako,Male,Regular
ORD01045,03/09/2024,S006,P003,C0182,5,0,637,Cape Coast Retail,Cape Coast,Central,Kente Print Shirt,Apparel,120,Esi Frimpong,Female,New
ORD01046,02/05/2023,S004,P003,C0178,3,0,358.6,Tema Central Market,Tema,Greater Accra,Kente Print Shirt,Apparel,120,Afia Acheampong,Female,Regular
ORD01047,03/08/2023,S003,P002,C0109,2,0,29.54,Takoradi Hub,Takoradi,Western,Shito Pepper Sauce,Food,15.5,Appiah Gyasi,Male,Regular
ORD01048,10/05/2024,S007,P001,C0051,2,0,53.45,Koforidua Mart,Koforidua,Eastern,Ghana Jollof Mix,Food,25,Mensah Adomako,Male,VIP
ORD01049,09/06/2024,S001,P008,C0031,5,0,38.4,Accra Mall SuperMart,Accra,Greater Accra,FanMilk Yoghurt,Beverages,8,Yaw Danquah,Male,New
ORD01050,14/11/2024,S001,P013,C0025,2,0.15,100.04,Accra Mall SuperMart,Accra,Greater Accra,Club Beer (6-pack),Beverages,60,Frimpong Addy,Male,VIP
ORD01051,24/07/2023,S003,P011,C0090,1,0,29.16,Takoradi Hub,Takoradi,Western,Palm Oil (1L),Food,30,Kwasi Boakye,Male,New
ORD01052,12/10/2023,S006,P006,C0042,9,0.15,37.72,Cape Coast Retail,Cape Coast,Central,Plantain Chips,Snacks,5,Abena Addy,Female,Regular
ORD01053,06/08/2024,S002,P002,C0149,1,0.15,12.95,Kumasi City Mart,Kumasi,Ashanti,Shito Pepper Sauce,Food,15.5,Frimpong Tetteh,Male,Regular
ORD01054,16/07/2023,S005,P003,C0194,9,0,1183.72,Tamale Superstore,Tamale,Northern,Kente Print Shirt,Apparel,120,Ama Asare,Female,Regular
ORD01055,12/04/2023,S004,P015,C0130,8,0.05,120.24,Tema Central Market,Tema,Greater Accra,Ideal Milk,Beverages,15,Abena Mensah,Female,New
ORD01056,09/07/2023,S008,P011,C0028,3,0.05,93.81,Sunyani Grocers,Sunyani,Bono,Palm Oil (1L),Food,30,Abena Tetteh,Female,VIP
ORD01057,10/03/2024,S004,P009,C0059,7,0,148.99,Tema Central Market,Tema,Greater Accra,Shea Butter Lotion,Personal Care,20,Kwasi Adomako,Male,VIP
ORD01058,18/11/2023,S002,P008,C0029,9,0,73.75,Kumasi City Mart,Kumasi,Ashanti,FanMilk Yoghurt,Beverages,8,Ama Addy,Female,Regular
ORD01059,05/01/2024,S005,P009,C0185,1,0,19.98,Tamale Superstore,Tamale,Northern,Shea Butter Lotion,Personal Care,20,Afia Gyasi,Female,Regular
ORD01060,29/04/2023,S007,P005,C0117,10,0.05,100.04,Koforidua Mart,Koforidua,Eastern,Gari (1kg),Food,10,Yaa Tetteh,Female,New
ORD01061,30/03/2024,S004,P009,C0105,5,0.1,88.05,Tema Central Market,Tema,Greater Accra,Shea Butter Lotion,Personal Care,20,Osei Danquah,Male,VIP
ORD01062,13/03/2023,S008,P011,C0095,3,0,98.98,Sunyani Grocers,Sunyani,Bono,Palm Oil (1L),Food,30,Abena Adomako,Female,Regular
ORD01063,18/05/2024,S002,P007,C0113,9,0,304.88,Kumasi City Mart,Kumasi,Ashanti,Alomo Bitters,Beverages,35,Abena Frimpong,Female,Regular
ORD01064,09/02/2024,S007,P012,C0152,2,0,34.55,Koforidua Mart,Koforidua,Eastern,Cassava Dough,Food,18,Kojo Frimpong,Male,New
ORD01065,23/07/2023,S006,P004,C0153,7,0,310.25,Cape Coast Retail,Cape Coast,Central,Milo Cocoa Powder,Beverages,45,Yaw Appiah,Male,VIP
ORD01066,10/03/2024,S008,P005,C0196,10,0.15,84.23,Sunyani Grocers,Sunyani,Bono,Gari (1kg),Food,10,Abena Addy,Female,VIP
ORD01067,21/10/2024,S007,P006,C0122,10,0.1,49.42,Koforidua Mart,Koforidua,Eastern,Plantain Chips,Snacks,5,Yaa Frimpong,Female,VIP
ORD01068,07/06/2024,S005,P003,C0197,8,0,929.6,Tamale Superstore,Tamale,Northern,Kente Print Shirt,Apparel,120,Akosua Owusu,Female,Regular
ORD01069,16/05/2024,S008,P004,C0161,3,0,130.27,Sunyani Grocers,Sunyani,Bono,Milo Cocoa Powder,Beverages,45,Ama Quaye,Female,Regular
ORD01070,24/02/2023,S002,P008,C0174,1,0,8.06,Kumasi City Mart,Kumasi,Ashanti,FanMilk Yoghurt,Beverages,8,Mensah Asare,Male,New
ORD01071,26/11/2024,S006,P003,C0078,10,0.15,983.74,Cape Coast Retail,Cape Coast,Central,Kente Print Shirt,Apparel,120,Frimpong Addy,Male,VIP
ORD01072,20/03/2023,S008,P013,C0120,4,0.05,239.24,Sunyani Grocers,Sunyani,Bono,Club Beer (6-pack),Beverages,60,Ama Quaye,Female,Regular
ORD01073,17/05/2024,S005,P009,C0088,9,0.15,145.76,Tamale Superstore,Tamale,Northern,Shea Butter Lotion,Personal Care,20,Osei Gyasi,Male,New
ORD01074,02/02/2023,S007,P015,C0031,7,0.1,94.23,Koforidua Mart,Koforidua,Eastern,Ideal Milk,Beverages,15,Yaw Danquah,Male,New
ORD01075,21/01/2024,S008,P008,C0010,1,0,8.27,Sunyani Grocers,Sunyani,Bono,FanMilk Yoghurt,Beverages,8,Mensah Boakye,Male,New
ORD01076,07/11/2023,S003,P008,C0111,3,0.05,24.11,Takoradi Hub,Takoradi,Western,FanMilk Yoghurt,Beverages,8,Ama Mensah,Female,VIP
ORD01077,14/05/2024,S002,P010,C0173,8,0.15,85.91,Kumasi City Mart,Kumasi,Ashanti,African Black Soap,Personal Care,12,Mensah Danquah,Male,New
ORD01078,08/08/2024,S008,P008,C0144,3,0.15,19.55,Sunyani Grocers,Sunyani,Bono,FanMilk Yoghurt,Beverages,8,Frimpong Owusu,Male,Regular
ORD01079,27/09/2023,S008,P010,C0097,10,0.05,121.41,Sunyani Grocers,Sunyani,Bono,African Black Soap,Personal Care,12,Esi Mensah,Female,Regular
ORD01080,19/10/2023,S006,P001,C0008,10,0,242.31,Cape Coast Retail,Cape Coast,Central,Ghana Jollof Mix,Food,25,Abena Acheampong,Female,New
ORD01081,11/01/2024,S006,P013,C0190,10,0,638.87,Cape Coast Retail,Cape Coast,Central,Club Beer (6-pack),Beverages,60,Osei Quaye,Male,VIP
ORD01082,02/10/2024,S006,P007,C0025,7,0.05,255.74,Cape Coast Retail,Cape Coast,Central,Alomo Bitters,Beverages,35,Frimpong Addy,Male,VIP
ORD01083,26/02/2024,S006,P001,C0170,4,0,98.52,Cape Coast Retail,Cape Coast,Central,Ghana Jollof Mix,Food,25,Appiah Owusu,Male,Regular
ORD01084,16/11/2023,S002,P015,C0177,2,0.05,27.56,Kumasi City Mart,Kumasi,Ashanti,Ideal Milk,Beverages,15,Kojo Mensah,Male,VIP
ORD01085,23/06/2023,S001,P009,C0084,1,0.1,18.88,Accra Mall SuperMart,Accra,Greater Accra,Shea Butter Lotion,Personal Care,20,Esi Danquah,Female,New
ORD01086,08/03/2024,S007,P005,C0006,8,0.15,64.83,Koforidua Mart,Koforidua,Eastern,Gari (1kg),Food,10,Afia Asare,Female,Regular
ORD01087,21/11/2023,S007,P010,C0100,6,0.15,59.04,Koforidua Mart,Koforidua,Eastern,African Black Soap,Personal Care,12,Kojo Frimpong,Male,VIP
ORD01088,15/05/2024,S002,P012,C0173,4,0.05,70.08,Kumasi City Mart,Kumasi,Ashanti,Cassava Dough,Food,18,Mensah Danquah,Male,New
ORD01089,14/11/2024,S006,P003,C0158,5,0.05,624.39,Cape Coast Retail,Cape Coast,Central,Kente Print Shirt,Apparel,120,Osei Boakye,Male,New
ORD01090,26/07/2023,S008,P011,C0020,9,0,268.14,Sunyani Grocers,Sunyani,Bono,Palm Oil (1L),Food,30,Afia Owusu,Female,Regular
ORD01091,18/02/2023,S005,P010,C0103,4,0.15,43.31,Tamale Superstore,Tamale,Northern,African Black Soap,Personal Care,12,Frimpong Quaye,Male,New
ORD01092,05/04/2023,S002,P010,C0087,5,0,62.1,Kumasi City Mart,Kumasi,Ashanti,African Black Soap,Personal Care,12,Abena Quaye,Female,New
ORD01093,27/06/2024,S008,P007,C0054,6,0,220.02,Sunyani Grocers,Sunyani,Bono,Alomo Bitters,Beverages,35,Kojo Danquah,Male,Regular
ORD01094,06/11/2023,S005,P007,C0170,9,0.05,293.27,Tamale Superstore,Tamale,Northern,Alomo Bitters,Beverages,35,Appiah Owusu,Male,Regular
ORD01095,16/02/2024,S005,P010,C0132,8,0.15,79.73,Tamale Superstore,Tamale,Northern,African Black Soap,Personal Care,12,Mensah Boateng,Male,Regular
ORD01096,20/01/2023,S003,P010,C0128,4,0.1,42.78,Takoradi Hub,Takoradi,Western,African Black Soap,Personal Care,12,Esi Gyasi,Female,VIP
ORD01097,15/10/2024,S007,P015,C0145,1,0.15,12.5,Koforidua Mart,Koforidua,Eastern,Ideal Milk,Beverages,15,Esi Gyasi,Female,VIP
ORD01098,18/04/2024,S003,P004,C0039,5,0.1,204.84,Takoradi Hub,Takoradi,Western,Milo Cocoa Powder,Beverages,45,Kwasi Owusu,Male,New
ORD01099,07/03/2023,S004,P014,C0106,5,0.05,19.89,Tema Central Market,Tema,Greater Accra,Voltic Water (1L),Beverages,4,Abena Osei,Female,Regular
ORD01100,20/09/2023,S004,P007,C0062,2,0,68.52,Tema Central Market,Tema,Greater Accra,Alomo Bitters,Beverages,35,Mensah Osei,Male,New
ORD01101,09/09/2023,S005,P008,C0125,9,0.1,65.66,Tamale Superstore,Tamale,Northern,FanMilk Yoghurt,Beverages,8,Yaw Quaye,Male,VIP
ORD01102,07/02/2023,S004,P003,C0070,3,0,355.95,Tema Central Market,Tema,Greater Accra,Kente Print Shirt,Apparel,120,Appiah Boakye,Male,VIP
ORD01103,12/10/2023,S003,P011,C0011,8,0,229.99,Takoradi Hub,Takoradi,Western,Palm Oil (1L),Food,30,Kojo Asare,Male,Regular
ORD01104,27/03/2023,S006,P010,C0077,2,0.1,23.43,Cape Coast Retail,Cape Coast,Central,African Black Soap,Personal Care,12,Ama Quaye,Female,VIP
ORD01105,18/11/2024,S002,P007,C0186,3,0,101.51,Kumasi City Mart,Kumasi,Ashanti,Alomo Bitters,Beverages,35,Frimpong Quaye,Male,Regular
ORD01106,27/05/2024,S002,P009,C0171,10,0.15,167.92,Kumasi City Mart,Kumasi,Ashanti,Shea Butter Lotion,Personal Care,20,Kwame Boateng,Male,Regular
ORD01107,03/04/2023,S004,P010,C0032,6,0.05,73.52,Tema Central Market,Tema,Greater Accra,African Black Soap,Personal Care,12,Appiah Boateng,Male,Regular
ORD01108,04/02/2024,S004,P015,C0109,4,0,57.96,Tema Central Market,Tema,Greater Accra,Ideal Milk,Beverages,15,Appiah Gyasi,Male,Regular
ORD01109,08/08/2023,S005,P008,C0105,5,0.15,32.59,Tamale Superstore,Tamale,Northern,FanMilk Yoghurt,Beverages,8,Osei Danquah,Male,VIP
ORD01110,30/06/2024,S006,P012,C0029,6,0.15,93.05,Cape Coast Retail,Cape Coast,Central,Cassava Dough,Food,18,Ama Addy,Female,Regular
ORD01111,30/11/2024,S004,P005,C0038,6,0.1,57.1,Tema Central Market,Tema,Greater Accra,Gari (1kg),Food,10,Abena Appiah,Female,VIP
ORD01112,12/11/2023,S001,P011,C0156,1,0,31.61,Accra Mall SuperMart,Accra,Greater Accra,Palm Oil (1L),Food,30,Yaa Addy,Female,New
ORD01113,18/11/2024,S004,P005,C0142,7,0.05,69.55,Tema Central Market,Tema,Greater Accra,Gari (1kg),Food,10,Kwasi Boakye,Male,New
ORD01114,18/12/2024,S006,P015,C0176,2,0.15,27.54,Cape Coast Retail,Cape Coast,Central,Ideal Milk,Beverages,15,Frimpong Gyasi,Male,Regular
ORD01115,29/03/2024,S007,P001,C0101,5,0.05,114.42,Koforidua Mart,Koforidua,Eastern,Ghana Jollof Mix,Food,25,Esi Danquah,Female,Regular
ORD01116,30/08/2023,S005,P004,C0042,8,0.05,370.02,Tamale Superstore,Tamale,Northern,Milo Cocoa Powder,Beverages,45,Abena Addy,Female,Regular
ORD01117,21/10/2024,S007,P013,C0009,5,0,322.04,Koforidua Mart,Koforidua,Eastern,Club Beer (6-pack),Beverages,60,Kwame Acheampong,Male,Regular
ORD01118,18/05/2024,S008,P012,C0106,6,0.1,105.12,Sunyani Grocers,Sunyani,Bono,Cassava Dough,Food,18,Abena Osei,Female,Regular
ORD01119,13/04/2023,S003,P012,C0067,9,0,162.45,Takoradi Hub,Takoradi,Western,Cassava Dough,Food,18,Mensah Quaye,Male,New
ORD01120,08/09/2024,S006,P008,C0178,1,0,8.37,Cape Coast Retail,Cape Coast,Central,FanMilk Yoghurt,Beverages,8,Afia Acheampong,Female,Regular
ORD01121,08/07/2023,S008,P013,C0165,3,0,181.82,Sunyani Grocers,Sunyani,Bono,Club Beer (6-pack),Beverages,60,Abena Gyasi,Female,VIP
ORD01122,05/10/2024,S005,P006,C0148,2,0,9.74,Tamale Superstore,Tamale,Northern,Plantain Chips,Snacks,5,Yaw Danquah,Male,VIP
ORD01123,12/06/2024,S003,P014,C0153,7,0.05,27.07,Takoradi Hub,Takoradi,Western,Voltic Water (1L),Beverages,4,Yaw Appiah,Male,VIP
ORD01124,17/05/2023,S005,P003,C0176,10,0.05,1219.72,Tamale Superstore,Tamale,Northern,Kente Print Shirt,Apparel,120,Frimpong Gyasi,Male,Regular
ORD01125,23/07/2023,S002,P007,C0095,3,0.1,102.2,Kumasi City Mart,Kumasi,Ashanti,Alomo Bitters,Beverages,35,Abena Adomako,Female,Regular
ORD01126,07/08/2024,S004,P001,C0006,9,0.15,199.66,Tema Central Market,Tema,Greater Accra,Ghana Jollof Mix,Food,25,Afia Asare,Female,Regular
ORD01127,02/04/2023,S008,P004,C0068,3,0,136.37,Sunyani Grocers,Sunyani,Bono,Milo Cocoa Powder,Beverages,45,Yaw Acheampong,Male,Regular
ORD01128,15/03/2024,S005,P003,C0023,6,0,786.3,Tamale Superstore,Tamale,Northern,Kente Print Shirt,Apparel,120,Ama Acheampong,Female,VIP
ORD01129,01/05/2023,S001,P012,C0135,7,0.1,121.8,Accra Mall SuperMart,Accra,Greater Accra,Cassava Dough,Food,18,Kofi Mensah,Male,New
ORD01130,21/05/2024,S002,P004,C0183,4,0,196.54,Kumasi City Mart,Kumasi,Ashanti,Milo Cocoa Powder,Beverages,45,Ama Boateng,Female,New
ORD01131,30/09/2023,S005,P012,C0127,7,0,127.85,Tamale Superstore,Tamale,Northern,Cassava Dough,Food,18,Mensah Tetteh,Male,New
ORD01132,31/07/2023,S004,P014,C0073,4,0.1,14.07,Tema Central Market,Tema,Greater Accra,Voltic Water (1L),Beverages,4,Akosua Tetteh,Female,Regular
ORD01133,30/05/2023,S001,P005,C0068,4,0.15,34.6,Accra Mall SuperMart,Accra,Greater Accra,Gari (1kg),Food,10,Yaw Acheampong,Male,Regular
ORD01134,12/09/2023,S006,P010,C0176,8,0,91.35,Cape Coast Retail,Cape Coast,Central,African Black Soap,Personal Care,12,Frimpong Gyasi,Male,Regular
ORD01135,17/05/2023,S006,P012,C0102,4,0.1,68.45,Cape Coast Retail,Cape Coast,Central,Cassava Dough,Food,18,Kojo Appiah,Male,New
ORD01136,03/09/2024,S005,P002,C0025,9,0,133.62,Tamale Superstore,Tamale,Northern,Shito Pepper Sauce,Food,15.5,Frimpong Addy,Male,VIP
ORD01137,29/08/2023,S008,P015,C0091,10,0.15,134.7,Sunyani Grocers,Sunyani,Bono,Ideal Milk,Beverages,15,Akosua Danquah,Female,New
ORD01138,16/02/2023,S001,P005,C0130,10,0.1,89.58,Accra Mall SuperMart,Accra,Greater Accra,Gari (1kg),Food,10,Abena Mensah,Female,New
ORD01139,09/02/2024,S006,P003,C0144,1,0.15,99.64,Cape Coast Retail,Cape Coast,Central,Kente Print Shirt,Apparel,120,Frimpong Owusu,Male,Regular
ORD01140,23/06/2023,S008,P015,C0087,8,0,115.61,Sunyani Grocers,Sunyani,Bono,Ideal Milk,Beverages,15,Abena Quaye,Female,New
ORD01141,28/12/2024,S007,P003,C0067,2,0.05,218.11,Koforidua Mart,Koforidua,Eastern,Kente Print Shirt,Apparel,120,Mensah Quaye,Male,New
ORD01142,11/05/2023,S008,P014,C0072,6,0.1,21.44,Sunyani Grocers,Sunyani,Bono,Voltic Water (1L),Beverages,4,Afia Frimpong,Female,Regular
ORD01143,27/09/2023,S005,P009,C0081,7,0,139.63,Tamale Superstore,Tamale,Northern,Shea Butter Lotion,Personal Care,20,Ama Gyasi,Female,VIP
ORD01144,18/05/2024,S003,P009,C0169,8,0,156.53,Takoradi Hub,Takoradi,Western,Shea Butter Lotion,Personal Care,20,Ama Boakye,Female,VIP
ORD01145,25/02/2023,S004,P003,C0010,8,0.05,888.77,Tema Central Market,Tema,Greater Accra,Kente Print Shirt,Apparel,120,Mensah Boakye,Male,New
ORD01146,23/04/2024,S007,P002,C0127,1,0.1,14,Koforidua Mart,Koforidua,Eastern,Shito Pepper Sauce,Food,15.5,Mensah Tetteh,Male,New
ORD01147,27/12/2024,S008,P008,C0127,2,0,15.5,Sunyani Grocers,Sunyani,Bono,FanMilk Yoghurt,Beverages,8,Mensah Tetteh,Male,New
ORD01148,06/04/2023,S004,P014,C0073,3,0,12.75,Tema Central Market,Tema,Greater Accra,Voltic Water (1L),Beverages,4,Akosua Tetteh,Female,Regular
ORD01149,07/10/2023,S004,P010,C0002,9,0.15,89.7,Tema Central Market,Tema,Greater Accra,African Black Soap,Personal Care,12,Mensah Owusu,Male,Regular
ORD01150,20/03/2023,S004,P013,C0128,2,0.05,108.74,Tema Central Market,Tema,Greater Accra,Club Beer (6-pack),Beverages,60,Esi Gyasi,Female,VIP
ORD01151,28/11/2024,S002,P007,C0096,10,0,376.44,Kumasi City Mart,Kumasi,Ashanti,Alomo Bitters,Beverages,35,Kwame Osei,Male,New
ORD01152,07/06/2023,S001,P002,C0118,8,0.1,116.54,Accra Mall SuperMart,Accra,Greater Accra,Shito Pepper Sauce,Food,15.5,Ama Mensah,Female,New
ORD01153,03/10/2023,S001,P006,C0012,10,0.1,44.94,Accra Mall SuperMart,Accra,Greater Accra,Plantain Chips,Snacks,5,Yaa Adomako,Female,VIP
ORD01154,05/08/2024,S003,P004,C0013,5,0.05,228.65,Takoradi Hub,Takoradi,Western,Milo Cocoa Powder,Beverages,45,Osei Addy,Male,Regular
ORD01155,14/03/2023,S007,P002,C0103,5,0,76.42,Koforidua Mart,Koforidua,Eastern,Shito Pepper Sauce,Food,15.5,Frimpong Quaye,Male,New
ORD01156,13/02/2024,S002,P001,C0054,3,0.1,72.02,Kumasi City Mart,Kumasi,Ashanti,Ghana Jollof Mix,Food,25,Kojo Danquah,Male,Regular
ORD01157,19/10/2023,S003,P002,C0077,8,0.1,118.34,Takoradi Hub,Takoradi,Western,Shito Pepper Sauce,Food,15.5,Ama Quaye,Female,VIP
ORD01158,14/11/2023,S003,P006,C0171,2,0.05,9.76,Takoradi Hub,Takoradi,Western,Plantain Chips,Snacks,5,Kwame Boateng,Male,Regular
ORD01159,16/05/2024,S008,P015,C0100,8,0.05,117.93,Sunyani Grocers,Sunyani,Bono,Ideal Milk,Beverages,15,Kojo Frimpong,Male,VIP
ORD01160,09/03/2024,S002,P013,C0109,6,0.15,299.25,Kumasi City Mart,Kumasi,Ashanti,Club Beer (6-pack),Beverages,60,Appiah Gyasi,Male,Regular
ORD01161,07/10/2024,S007,P002,C0011,9,0.05,145.25,Koforidua Mart,Koforidua,Eastern,Shito Pepper Sauce,Food,15.5,Kojo Asare,Male,Regular
ORD01162,23/11/2024,S004,P011,C0176,3,0.1,83.36,Tema Central Market,Tema,Greater Accra,Palm Oil (1L),Food,30,Frimpong Gyasi,Male,Regular
ORD01163,24/10/2024,S002,P005,C0120,7,0,76.03,Kumasi City Mart,Kumasi,Ashanti,Gari (1kg),Food,10,Ama Quaye,Female,Regular
ORD01164,04/05/2024,S005,P003,C0033,5,0,617.08,Tamale Superstore,Tamale,Northern,Kente Print Shirt,Apparel,120,Akosua Boateng,Female,Regular
ORD01165,30/10/2023,S001,P009,C0020,1,0.15,16.42,Accra Mall SuperMart,Accra,Greater Accra,Shea Butter Lotion,Personal Care,20,Afia Owusu,Female,Regular
ORD01166,11/03/2024,S007,P002,C0119,10,0.05,147.74,Koforidua Mart,Koforidua,Eastern,Shito Pepper Sauce,Food,15.5,Kojo Addy,Male,Regular
ORD01167,22/08/2024,S002,P013,C0129,1,0,63.66,Kumasi City Mart,Kumasi,Ashanti,Club Beer (6-pack),Beverages,60,Kofi Frimpong,Male,VIP
ORD01168,18/04/2024,S003,P013,C0047,7,0,404.25,Takoradi Hub,Takoradi,Western,Club Beer (6-pack),Beverages,60,Yaa Asare,Female,New
ORD01169,22/12/2024,S005,P006,C0151,8,0.1,37.57,Tamale Superstore,Tamale,Northern,Plantain Chips,Snacks,5,Afia Osei,Female,Regular
ORD01170,29/09/2023,S006,P015,C0048,4,0,57.7,Cape Coast Retail,Cape Coast,Central,Ideal Milk,Beverages,15,Yaa Appiah,Female,VIP
ORD01171,10/09/2024,S005,P014,C0173,2,0.1,7.42,Tamale Superstore,Tamale,Northern,Voltic Water (1L),Beverages,4,Mensah Danquah,Male,New
ORD01172,06/01/2023,S007,P002,C0004,3,0.1,42.65,Koforidua Mart,Koforidua,Eastern,Shito Pepper Sauce,Food,15.5,Ama Boakye,Female,New
ORD01173,19/02/2024,S008,P005,C0159,10,0.05,100.09,Sunyani Grocers,Sunyani,Bono,Gari (1kg),Food,10,Kwame Boakye,Male,New
ORD01174,07/12/2024,S007,P013,C0078,2,0,116.43,Koforidua Mart,Koforidua,Eastern,Club Beer (6-pack),Beverages,60,Frimpong Addy,Male,VIP
ORD01175,15/07/2023,S002,P014,C0005,4,0,15.7,Kumasi City Mart,Kumasi,Ashanti,Voltic Water (1L),Beverages,4,Frimpong Acheampong,Male,Regular
ORD01176,26/10/2024,S003,P011,C0062,7,0.15,174.69,Takoradi Hub,Takoradi,Western,Palm Oil (1L),Food,30,Mensah Osei,Male,New
ORD01177,05/11/2023,S008,P003,C0122,7,0,812.67,Sunyani Grocers,Sunyani,Bono,Kente Print Shirt,Apparel,120,Yaa Frimpong,Female,VIP
ORD01178,06/06/2023,S008,P008,C0121,1,0.1,7.47,Sunyani Grocers,Sunyani,Bono,FanMilk Yoghurt,Beverages,8,Kofi Asare,Male,VIP
ORD01179,26/07/2023,S005,P010,C0101,1,0.05,10.84,Tamale Superstore,Tamale,Northern,African Black Soap,Personal Care,12,Esi Danquah,Female,Regular
ORD01180,07/10/2024,S007,P007,C0127,10,0.15,315.25,Koforidua Mart,Koforidua,Eastern,Alomo Bitters,Beverages,35,Mensah Tetteh,Male,New
ORD01181,25/10/2023,S001,P008,C0103,8,0.15,56.5,Accra Mall SuperMart,Accra,Greater Accra,FanMilk Yoghurt,Beverages,8,Frimpong Quaye,Male,New
ORD01182,18/09/2024,S008,P004,C0183,1,0.15,36.45,Sunyani Grocers,Sunyani,Bono,Milo Cocoa Powder,Beverages,45,Ama Boateng,Female,New
ORD01183,13/08/2024,S006,P009,C0017,5,0.1,97.5,Cape Coast Retail,Cape Coast,Central,Shea Butter Lotion,Personal Care,20,Osei Boateng,Male,Regular
ORD01184,30/04/2023,S008,P010,C0166,6,0.1,68.34,Sunyani Grocers,Sunyani,Bono,African Black Soap,Personal Care,12,Abena Boakye,Female,New
ORD01185,22/01/2023,S003,P005,C0186,4,0.1,36.06,Takoradi Hub,Takoradi,Western,Gari (1kg),Food,10,Frimpong Quaye,Male,Regular
ORD01186,26/08/2023,S004,P010,C0176,6,0.15,65.97,Tema Central Market,Tema,Greater Accra,African Black Soap,Personal Care,12,Frimpong Gyasi,Male,Regular
ORD01187,03/11/2024,S008,P003,C0076,7,0.1,812.67,Sunyani Grocers,Sunyani,Bono,Kente Print Shirt,Apparel,120,Akosua Danquah,Female,Regular
ORD01188,20/11/2024,S006,P013,C0121,3,0.15,150.11,Cape Coast Retail,Cape Coast,Central,Club Beer (6-pack),Beverages,60,Kofi Asare,Male,VIP
ORD01189,08/12/2024,S002,P011,C0124,3,0,88.19,Kumasi City Mart,Kumasi,Ashanti,Palm Oil (1L),Food,30,Kwasi Mensah,Male,VIP
ORD01190,12/09/2024,S008,P002,C0107,8,0.05,116.06,Sunyani Grocers,Sunyani,Bono,Shito Pepper Sauce,Food,15.5,Esi Asare,Female,VIP
ORD01191,24/07/2024,S001,P001,C0092,5,0.05,124.87,Accra Mall SuperMart,Accra,Greater Accra,Ghana Jollof Mix,Food,25,Yaa Osei,Female,Regular
ORD01192,28/06/2023,S001,P013,C0017,6,0.1,313.34,Accra Mall SuperMart,Accra,Greater Accra,Club Beer (6-pack),Beverages,60,Osei Boateng,Male,Regular
ORD01193,21/08/2023,S002,P009,C0058,8,0.05,167.06,Kumasi City Mart,Kumasi,Ashanti,Shea Butter Lotion,Personal Care,20,Afia Osei,Female,VIP
ORD01194,30/12/2023,S001,P013,C0143,5,0,323.4,Accra Mall SuperMart,Accra,Greater Accra,Club Beer (6-pack),Beverages,60,Afia Acheampong,Female,VIP
ORD01195,11/06/2024,S002,P012,C0013,8,0.1,141.83,Kumasi City Mart,Kumasi,Ashanti,Cassava Dough,Food,18,Osei Addy,Male,Regular
ORD01196,24/04/2023,S002,P013,C0157,10,0,644.12,Kumasi City Mart,Kumasi,Ashanti,Club Beer (6-pack),Beverages,60,Mensah Owusu,Male,New
ORD01197,12/02/2023,S002,P003,C0162,2,0,260.8,Kumasi City Mart,Kumasi,Ashanti,Kente Print Shirt,Apparel,120,Yaw Osei,Male,Regular
ORD01198,10/06/2023,S005,P012,C0114,9,0.1,154.53,Tamale Superstore,Tamale,Northern,Cassava Dough,Food,18,Kojo Danquah,Male,Regular
ORD01199,12/04/2023,S003,P011,C0094,6,0,174.32,Takoradi Hub,Takoradi,Western,Palm Oil (1L),Food,30,Kwame Adomako,Male,New
ORD01200,26/07/2023,S008,P007,C0197,1,0,37.63,Sunyani Grocers,Sunyani,Bono,Alomo Bitters,Beverages,35,Akosua Owusu,Female,Regular
ORD01201,30/04/2024,S006,P005,C0130,3,0,29.7,Cape Coast Retail,Cape Coast,Central,Gari (1kg),Food,10,Abena Mensah,Female,New
ORD01202,29/02/2024,S006,P011,C0171,4,0,127.56,Cape Coast Retail,Cape Coast,Central,Palm Oil (1L),Food,30,Kwame Boateng,Male,Regular
ORD01203,26/06/2024,S007,P013,C0059,3,0.1,163.95,Koforidua Mart,Koforidua,Eastern,Club Beer (6-pack),Beverages,60,Kwasi Adomako,Male,VIP
ORD01204,24/02/2024,S008,P014,C0133,6,0,24.39,Sunyani Grocers,Sunyani,Bono,Voltic Water (1L),Beverages,4,Kwame Adomako,Male,VIP
ORD01205,11/01/2023,S002,P002,C0087,6,0.1,91.84,Kumasi City Mart,Kumasi,Ashanti,Shito Pepper Sauce,Food,15.5,Abena Quaye,Female,New
ORD01206,18/06/2023,S007,P001,C0101,1,0,27.13,Koforidua Mart,Koforidua,Eastern,Ghana Jollof Mix,Food,25,Esi Danquah,Female,Regular
ORD01207,01/03/2023,S005,P007,C0103,9,0.05,316.68,Tamale Superstore,Tamale,Northern,Alomo Bitters,Beverages,35,Frimpong Quaye,Male,New
ORD01208,18/11/2023,S006,P001,C0072,9,0.15,208.09,Cape Coast Retail,Cape Coast,Central,Ghana Jollof Mix,Food,25,Afia Frimpong,Female,Regular
ORD01209,18/12/2024,S007,P008,C0165,4,0.15,28.39,Koforidua Mart,Koforidua,Eastern,FanMilk Yoghurt,Beverages,8,Abena Gyasi,Female,VIP
ORD01210,25/09/2024,S008,P012,C0089,7,0,136.35,Sunyani Grocers,Sunyani,Bono,Cassava Dough,Food,18,Abena Gyasi,Female,VIP
ORD01211,28/03/2023,S001,P009,C0086,7,0,143.93,Accra Mall SuperMart,Accra,Greater Accra,Shea Butter Lotion,Personal Care,20,Appiah Adomako,Male,VIP
ORD01212,07/07/2024,S005,P004,C0024,9,0.15,343.16,Tamale Superstore,Tamale,Northern,Milo Cocoa Powder,Beverages,45,Appiah Boakye,Male,New
ORD01213,15/12/2023,S003,P001,C0008,9,0.15,189.11,Takoradi Hub,Takoradi,Western,Ghana Jollof Mix,Food,25,Abena Acheampong,Female,New
ORD01214,08/11/2023,S007,P009,C0029,1,0.05,18.79,Koforidua Mart,Koforidua,Eastern,Shea Butter Lotion,Personal Care,20,Ama Addy,Female,Regular
ORD01215,03/06/2024,S006,P002,C0013,2,0.1,27.75,Cape Coast Retail,Cape Coast,Central,Shito Pepper Sauce,Food,15.5,Osei Addy,Male,Regular
ORD01216,06/01/2023,S008,P006,C0061,10,0.15,44.93,Sunyani Grocers,Sunyani,Bono,Plantain Chips,Snacks,5,Appiah Mensah,Male,New
ORD01217,04/10/2024,S004,P006,C0077,5,0.15,22.33,Tema Central Market,Tema,Greater Accra,Plantain Chips,Snacks,5,Ama Quaye,Female,VIP
ORD01218,22/01/2024,S004,P002,C0084,9,0.15,116.07,Tema Central Market,Tema,Greater Accra,Shito Pepper Sauce,Food,15.5,Esi Danquah,Female,New
ORD01219,05/01/2024,S008,P002,C0038,7,0.1,93.97,Sunyani Grocers,Sunyani,Bono,Shito Pepper Sauce,Food,15.5,Abena Appiah,Female,VIP
ORD01220,05/03/2023,S007,P015,C0034,8,0,122.03,Koforidua Mart,Koforidua,Eastern,Ideal Milk,Beverages,15,Esi Owusu,Female,New
ORD01221,14/01/2024,S007,P010,C0144,9,0.1,105.05,Koforidua Mart,Koforidua,Eastern,African Black Soap,Personal Care,12,Frimpong Owusu,Male,Regular
ORD01222,21/08/2024,S008,P011,C0109,8,0.1,228.91,Sunyani Grocers,Sunyani,Bono,Palm Oil (1L),Food,30,Appiah Gyasi,Male,Regular
ORD01223,02/03/2024,S003,P003,C0130,3,0.1,342.36,Takoradi Hub,Takoradi,Western,Kente Print Shirt,Apparel,120,Abena Mensah,Female,New
ORD01224,13/05/2023,S002,P012,C0055,8,0.1,123.75,Kumasi City Mart,Kumasi,Ashanti,Cassava Dough,Food,18,Osei Mensah,Male,Regular
ORD01225,10/06/2023,S006,P015,C0031,10,0.1,130.48,Cape Coast Retail,Cape Coast,Central,Ideal Milk,Beverages,15,Yaw Danquah,Male,New
ORD01226,14/01/2024,S005,P001,C0134,3,0,75.43,Tamale Superstore,Tamale,Northern,Ghana Jollof Mix,Food,25,Kojo Quaye,Male,New
ORD01227,19/01/2024,S005,P005,C0125,1,0,9.71,Tamale Superstore,Tamale,Northern,Gari (1kg),Food,10,Yaw Quaye,Male,VIP
ORD01228,26/08/2024,S007,P001,C0079,5,0,122.18,Koforidua Mart,Koforidua,Eastern,Ghana Jollof Mix,Food,25,Abena Mensah,Female,Regular
ORD01229,15/05/2024,S001,P002,C0141,6,0,100.49,Accra Mall SuperMart,Accra,Greater Accra,Shito Pepper Sauce,Food,15.5,Kwame Adomako,Male,Regular
ORD01230,03/03/2024,S008,P010,C0080,10,0.1,117.18,Sunyani Grocers,Sunyani,Bono,African Black Soap,Personal Care,12,Frimpong Adomako,Male,Regular
ORD01231,22/01/2024,S008,P014,C0185,10,0,42.57,Sunyani Grocers,Sunyani,Bono,Voltic Water (1L),Beverages,4,Afia Gyasi,Female,Regular
ORD01232,31/05/2024,S008,P013,C0116,8,0,518.38,Sunyani Grocers,Sunyani,Bono,Club Beer (6-pack),Beverages,60,Yaa Frimpong,Female,Regular
ORD01233,30/11/2023,S002,P013,C0160,10,0.1,544.37,Kumasi City Mart,Kumasi,Ashanti,Club Beer (6-pack),Beverages,60,Yaw Quaye,Male,New
ORD01234,09/02/2024,S006,P009,C0012,8,0.05,159.13,Cape Coast Retail,Cape Coast,Central,Shea Butter Lotion,Personal Care,20,Yaa Adomako,Female,VIP
ORD01235,19/06/2023,S001,P010,C0162,5,0.15,53.39,Accra Mall SuperMart,Accra,Greater Accra,African Black Soap,Personal Care,12,Yaw Osei,Male,Regular
ORD01236,21/10/2024,S002,P004,C0159,9,0.15,366.16,Kumasi City Mart,Kumasi,Ashanti,Milo Cocoa Powder,Beverages,45,Kwame Boakye,Male,New
ORD01237,06/08/2024,S004,P013,C0122,9,0,522.74,Tema Central Market,Tema,Greater Accra,Club Beer (6-pack),Beverages,60,Yaa Frimpong,Female,VIP
ORD01238,28/06/2024,S003,P001,C0071,4,0,107.45,Takoradi Hub,Takoradi,Western,Ghana Jollof Mix,Food,25,Appiah Boakye,Male,New
ORD01239,16/08/2024,S008,P002,C0137,10,0.05,148.76,Sunyani Grocers,Sunyani,Bono,Shito Pepper Sauce,Food,15.5,Ama Adomako,Female,Regular
ORD01240,16/02/2023,S008,P014,C0006,6,0.1,21.1,Sunyani Grocers,Sunyani,Bono,Voltic Water (1L),Beverages,4,Afia Asare,Female,Regular
ORD01241,25/01/2023,S006,P007,C0066,2,0,76.79,Cape Coast Retail,Cape Coast,Central,Alomo Bitters,Beverages,35,Kofi Danquah,Male,Regular
ORD01242,08/07/2024,S003,P005,C0037,3,0.05,30.36,Takoradi Hub,Takoradi,Western,Gari (1kg),Food,10,Kofi Acheampong,Male,New
ORD01243,07/06/2023,S005,P007,C0174,3,0,109.43,Tamale Superstore,Tamale,Northern,Alomo Bitters,Beverages,35,Mensah Asare,Male,New
ORD01244,30/11/2023,S003,P001,C0183,1,0.05,23.95,Takoradi Hub,Takoradi,Western,Ghana Jollof Mix,Food,25,Ama Boateng,Female,New
ORD01245,24/11/2023,S003,P007,C0083,5,0.1,171.87,Takoradi Hub,Takoradi,Western,Alomo Bitters,Beverages,35,Osei Appiah,Male,Regular
ORD01246,04/05/2023,S001,P004,C0062,10,0.15,376.94,Accra Mall SuperMart,Accra,Greater Accra,Milo Cocoa Powder,Beverages,45,Mensah Osei,Male,New
ORD01247,04/06/2024,S007,P002,C0069,1,0.05,15.02,Koforidua Mart,Koforidua,Eastern,Shito Pepper Sauce,Food,15.5,Kojo Quaye,Male,Regular
ORD01248,21/02/2024,S002,P008,C0008,7,0,60.88,Kumasi City Mart,Kumasi,Ashanti,FanMilk Yoghurt,Beverages,8,Abena Acheampong,Female,New
ORD01249,20/01/2023,S005,P009,C0151,2,0,42.58,Tamale Superstore,Tamale,Northern,Shea Butter Lotion,Personal Care,20,Afia Osei,Female,Regular
ORD01250,29/10/2024,S003,P005,C0146,7,0.1,60.64,Takoradi Hub,Takoradi,Western,Gari (1kg),Food,10,Abena Owusu,Female,VIP
ORD01251,13/10/2024,S004,P013,C0037,6,0.15,335.93,Tema Central Market,Tema,Greater Accra,Club Beer (6-pack),Beverages,60,Kofi Acheampong,Male,New
ORD01252,09/09/2023,S007,P015,C0143,8,0,114.02,Koforidua Mart,Koforidua,Eastern,Ideal Milk,Beverages,15,Afia Acheampong,Female,VIP
ORD01253,20/04/2024,S005,P011,C0043,1,0,32.7,Tamale Superstore,Tamale,Northern,Palm Oil (1L),Food,30,Osei Boateng,Male,VIP
ORD01254,08/05/2024,S005,P010,C0065,7,0.05,85.89,Tamale Superstore,Tamale,Northern,African Black Soap,Personal Care,12,Ama Owusu,Female,VIP
ORD01255,06/08/2023,S005,P001,C0042,9,0.15,183.69,Tamale Superstore,Tamale,Northern,Ghana Jollof Mix,Food,25,Abena Addy,Female,Regular
ORD01256,02/04/2023,S007,P012,C0032,3,0.15,50.48,Koforidua Mart,Koforidua,Eastern,Cassava Dough,Food,18,Appiah Boateng,Male,Regular
ORD01257,18/03/2024,S004,P010,C0130,6,0.05,71.5,Tema Central Market,Tema,Greater Accra,African Black Soap,Personal Care,12,Abena Mensah,Female,New
ORD01258,25/12/2024,S008,P005,C0063,6,0.05,55.95,Sunyani Grocers,Sunyani,Bono,Gari (1kg),Food,10,Frimpong Acheampong,Male,VIP
ORD01259,05/09/2024,S006,P001,C0178,3,0,78.1,Cape Coast Retail,Cape Coast,Central,Ghana Jollof Mix,Food,25,Afia Acheampong,Female,Regular
ORD01260,05/01/2023,S001,P011,C0045,7,0.15,193.55,Accra Mall SuperMart,Accra,Greater Accra,Palm Oil (1L),Food,30,Frimpong Adomako,Male,New
ORD01261,21/12/2024,S008,P013,C0101,9,0,576.77,Sunyani Grocers,Sunyani,Bono,Club Beer (6-pack),Beverages,60,Esi Danquah,Female,Regular
ORD01262,26/10/2024,S002,P009,C0008,8,0,160.47,Kumasi City Mart,Kumasi,Ashanti,Shea Butter Lotion,Personal Care,20,Abena Acheampong,Female,New
ORD01263,21/01/2024,S006,P007,C0046,1,0,35.68,Cape Coast Retail,Cape Coast,Central,Alomo Bitters,Beverages,35,Akosua Frimpong,Female,New
ORD01264,17/07/2023,S008,P001,C0057,1,0.05,24.99,Sunyani Grocers,Sunyani,Bono,Ghana Jollof Mix,Food,25,Osei Boakye,Male,VIP
ORD01265,27/12/2024,S006,P004,C0024,10,0.05,457.96,Cape Coast Retail,Cape Coast,Central,Milo Cocoa Powder,Beverages,45,Appiah Boakye,Male,New
ORD01266,15/08/2023,S004,P008,C0093,1,0.05,7.78,Tema Central Market,Tema,Greater Accra,FanMilk Yoghurt,Beverages,8,Abena Osei,Female,VIP
ORD01267,21/12/2024,S004,P001,C0051,7,0,189.09,Tema Central Market,Tema,Greater Accra,Ghana Jollof Mix,Food,25,Mensah Adomako,Male,VIP
ORD01268,05/08/2024,S008,P003,C0142,4,0.15,428.74,Sunyani Grocers,Sunyani,Bono,Kente Print Shirt,Apparel,120,Kwasi Boakye,Male,New
ORD01269,09/09/2024,S003,P002,C0151,3,0,45.06,Takoradi Hub,Takoradi,Western,Shito Pepper Sauce,Food,15.5,Afia Osei,Female,Regular
ORD01270,06/08/2024,S004,P015,C0134,5,0,80.79,Tema Central Market,Tema,Greater Accra,Ideal Milk,Beverages,15,Kojo Quaye,Male,New
ORD01271,24/01/2023,S005,P011,C0144,8,0,261.76,Tamale Superstore,Tamale,Northern,Palm Oil (1L),Food,30,Frimpong Owusu,Male,Regular
ORD01272,18/10/2024,S001,P014,C0083,7,0.1,24.98,Accra Mall SuperMart,Accra,Greater Accra,Voltic Water (1L),Beverages,4,Osei Appiah,Male,Regular
ORD01273,27/11/2024,S008,P008,C0093,9,0,77.95,Sunyani Grocers,Sunyani,Bono,FanMilk Yoghurt,Beverages,8,Abena Osei,Female,VIP
ORD01274,18/08/2023,S001,P005,C0108,9,0.1,80.79,Accra Mall SuperMart,Accra,Greater Accra,Gari (1kg),Food,10,Kwasi Asare,Male,VIP
ORD01275,06/02/2024,S004,P006,C0021,10,0,54.93,Tema Central Market,Tema,Greater Accra,Plantain Chips,Snacks,5,Mensah Danquah,Male,New
ORD01276,20/08/2023,S007,P002,C0064,4,0,61.96,Koforidua Mart,Koforidua,Eastern,Shito Pepper Sauce,Food,15.5,Osei Boakye,Male,VIP
ORD01277,06/03/2023,S002,P001,C0123,7,0,181.8,Kumasi City Mart,Kumasi,Ashanti,Ghana Jollof Mix,Food,25,Frimpong Mensah,Male,Regular
ORD01278,03/10/2024,S006,P014,C0065,4,0,16.34,Cape Coast Retail,Cape Coast,Central,Voltic Water (1L),Beverages,4,Ama Owusu,Female,VIP
ORD01279,15/12/2023,S001,P014,C0086,9,0,39.3,Accra Mall SuperMart,Accra,Greater Accra,Voltic Water (1L),Beverages,4,Appiah Adomako,Male,VIP
ORD01280,06/09/2024,S008,P013,C0025,8,0.15,395.24,Sunyani Grocers,Sunyani,Bono,Club Beer (6-pack),Beverages,60,Frimpong Addy,Male,VIP
ORD01281,04/03/2023,S001,P007,C0081,2,0,67.15,Accra Mall SuperMart,Accra,Greater Accra,Alomo Bitters,Beverages,35,Ama Gyasi,Female,VIP
ORD01282,28/03/2024,S001,P005,C0157,7,0,67.57,Accra Mall SuperMart,Accra,Greater Accra,Gari (1kg),Food,10,Mensah Owusu,Male,New
ORD01283,27/02/2023,S001,P005,C0098,7,0,72.98,Accra Mall SuperMart,Accra,Greater Accra,Gari (1kg),Food,10,Ama Quaye,Female,Regular
ORD01284,25/02/2024,S004,P014,C0154,10,0,40.72,Tema Central Market,Tema,Greater Accra,Voltic Water (1L),Beverages,4,Frimpong Osei,Male,Regular
ORD01285,20/04/2024,S007,P015,C0159,10,0,150.14,Koforidua Mart,Koforidua,Eastern,Ideal Milk,Beverages,15,Kwame Boakye,Male,New
ORD01286,22/11/2024,S001,P008,C0133,6,0.15,39.94,Accra Mall SuperMart,Accra,Greater Accra,FanMilk Yoghurt,Beverages,8,Kwame Adomako,Male,VIP
ORD01287,16/04/2023,S001,P010,C0183,2,0.15,21.8,Accra Mall SuperMart,Accra,Greater Accra,African Black Soap,Personal Care,12,Ama Boateng,Female,New
ORD01288,18/07/2023,S003,P011,C0131,5,0.05,144.37,Takoradi Hub,Takoradi,Western,Palm Oil (1L),Food,30,Mensah Acheampong,Male,Regular
ORD01289,27/09/2024,S008,P003,C0063,3,0,345.27,Sunyani Grocers,Sunyani,Bono,Kente Print Shirt,Apparel,120,Frimpong Acheampong,Male,VIP
ORD01290,16/11/2023,S007,P009,C0167,6,0.05,118.28,Koforidua Mart,Koforidua,Eastern,Shea Butter Lotion,Personal Care,20,Appiah Owusu,Male,New
ORD01291,08/07/2024,S003,P003,C0121,5,0.15,510.73,Takoradi Hub,Takoradi,Western,Kente Print Shirt,Apparel,120,Kofi Asare,Male,VIP
ORD01292,13/01/2024,S001,P009,C0151,3,0,59.14,Accra Mall SuperMart,Accra,Greater Accra,Shea Butter Lotion,Personal Care,20,Afia Osei,Female,Regular
ORD01293,26/07/2024,S001,P007,C0089,4,0,146.45,Accra Mall SuperMart,Accra,Greater Accra,Alomo Bitters,Beverages,35,Abena Gyasi,Female,VIP
ORD01294,26/07/2023,S002,P006,C0049,8,0.1,37.44,Kumasi City Mart,Kumasi,Ashanti,Plantain Chips,Snacks,5,Kofi Frimpong,Male,New
ORD01295,06/12/2023,S006,P010,C0077,7,0.05,77.75,Cape Coast Retail,Cape Coast,Central,African Black Soap,Personal Care,12,Ama Quaye,Female,VIP
ORD01296,10/04/2024,S001,P008,C0057,1,0,8.43,Accra Mall SuperMart,Accra,Greater Accra,FanMilk Yoghurt,Beverages,8,Osei Boakye,Male,VIP
ORD01297,22/04/2024,S004,P004,C0124,6,0.1,238.33,Tema Central Market,Tema,Greater Accra,Milo Cocoa Powder,Beverages,45,Kwasi Mensah,Male,VIP
ORD01298,08/07/2023,S001,P006,C0003,2,0.05,9.07,Accra Mall SuperMart,Accra,Greater Accra,Plantain Chips,Snacks,5,Abena Appiah,Female,New
ORD01299,28/04/2023,S003,P005,C0113,4,0.15,36.95,Takoradi Hub,Takoradi,Western,Gari (1kg),Food,10,Abena Frimpong,Female,Regular
ORD01300,04/01/2024,S001,P001,C0051,4,0.05,92.73,Accra Mall SuperMart,Accra,Greater Accra,Ghana Jollof Mix,Food,25,Mensah Adomako,Male,VIP
ORD01301,26/09/2023,S003,P006,C0142,4,0,19.59,Takoradi Hub,Takoradi,Western,Plantain Chips,Snacks,5,Kwasi Boakye,Male,New
ORD01302,30/06/2023,S005,P015,C0026,1,0,15.1,Tamale Superstore,Tamale,Northern,Ideal Milk,Beverages,15,Afia Frimpong,Female,New
ORD01303,24/04/2023,S006,P015,C0054,5,0.1,66.56,Cape Coast Retail,Cape Coast,Central,Ideal Milk,Beverages,15,Kojo Danquah,Male,Regular
ORD01304,17/01/2024,S003,P009,C0160,7,0,135.49,Takoradi Hub,Takoradi,Western,Shea Butter Lotion,Personal Care,20,Yaw Quaye,Male,New
ORD01305,14/05/2023,S004,P004,C0137,7,0.05,298.56,Tema Central Market,Tema,Greater Accra,Milo Cocoa Powder,Beverages,45,Ama Adomako,Female,Regular
ORD01306,15/03/2024,S004,P015,C0012,10,0.15,124.74,Tema Central Market,Tema,Greater Accra,Ideal Milk,Beverages,15,Yaa Adomako,Female,VIP
ORD01307,02/07/2024,S005,P013,C0039,6,0,344.88,Tamale Superstore,Tamale,Northern,Club Beer (6-pack),Beverages,60,Kwasi Owusu,Male,New
ORD01308,14/10/2023,S003,P014,C0131,10,0.1,35.33,Takoradi Hub,Takoradi,Western,Voltic Water (1L),Beverages,4,Mensah Acheampong,Male,Regular
ORD01309,25/03/2023,S008,P013,C0170,10,0,585.07,Sunyani Grocers,Sunyani,Bono,Club Beer (6-pack),Beverages,60,Appiah Owusu,Male,Regular
ORD01310,02/02/2024,S006,P008,C0133,8,0,63.89,Cape Coast Retail,Cape Coast,Central,FanMilk Yoghurt,Beverages,8,Kwame Adomako,Male,VIP
ORD01311,18/01/2024,S008,P012,C0127,8,0.05,141.89,Sunyani Grocers,Sunyani,Bono,Cassava Dough,Food,18,Mensah Tetteh,Male,New
ORD01312,15/10/2024,S001,P004,C0057,4,0.1,174.87,Accra Mall SuperMart,Accra,Greater Accra,Milo Cocoa Powder,Beverages,45,Osei Boakye,Male,VIP
ORD01313,10/02/2024,S004,P005,C0109,7,0.15,57.93,Tema Central Market,Tema,Greater Accra,Gari (1kg),Food,10,Appiah Gyasi,Male,Regular
ORD01314,19/01/2024,S005,P009,C0022,3,0,59.66,Tamale Superstore,Tamale,Northern,Shea Butter Lotion,Personal Care,20,Ama Quaye,Female,VIP
ORD01315,15/06/2024,S006,P004,C0150,1,0.1,41.59,Cape Coast Retail,Cape Coast,Central,Milo Cocoa Powder,Beverages,45,Kwame Danquah,Male,New
ORD01316,11/12/2023,S007,P008,C0120,7,0.1,50.66,Koforidua Mart,Koforidua,Eastern,FanMilk Yoghurt,Beverages,8,Ama Quaye,Female,Regular
ORD01317,24/05/2024,S006,P005,C0098,1,0,10.16,Cape Coast Retail,Cape Coast,Central,Gari (1kg),Food,10,Ama Quaye,Female,Regular
ORD01318,29/09/2023,S002,P006,C0022,5,0.15,21.82,Kumasi City Mart,Kumasi,Ashanti,Plantain Chips,Snacks,5,Ama Quaye,Female,VIP
ORD01319,21/10/2024,S002,P013,C0071,4,0,232.27,Kumasi City Mart,Kumasi,Ashanti,Club Beer (6-pack),Beverages,60,Appiah Boakye,Male,New
ORD01320,04/01/2024,S001,P009,C0052,6,0,126.15,Accra Mall SuperMart,Accra,Greater Accra,Shea Butter Lotion,Personal Care,20,Frimpong Adomako,Male,VIP
ORD01321,14/09/2023,S005,P012,C0197,5,0,95.03,Tamale Superstore,Tamale,Northern,Cassava Dough,Food,18,Akosua Owusu,Female,Regular
ORD01322,22/05/2023,S005,P001,C0198,5,0.05,127.46,Tamale Superstore,Tamale,Northern,Ghana Jollof Mix,Food,25,Abena Mensah,Female,New
ORD01323,18/02/2024,S007,P014,C0149,1,0.1,3.77,Koforidua Mart,Koforidua,Eastern,Voltic Water (1L),Beverages,4,Frimpong Tetteh,Male,Regular
ORD01324,02/06/2023,S007,P004,C0059,4,0.1,159.58,Koforidua Mart,Koforidua,Eastern,Milo Cocoa Powder,Beverages,45,Kwasi Adomako,Male,VIP
ORD01325,24/08/2024,S008,P012,C0119,6,0,107.67,Sunyani Grocers,Sunyani,Bono,Cassava Dough,Food,18,Kojo Addy,Male,Regular
ORD01326,12/07/2023,S007,P013,C0179,7,0,426.64,Koforidua Mart,Koforidua,Eastern,Club Beer (6-pack),Beverages,60,Kwasi Appiah,Male,Regular
ORD01327,25/07/2024,S001,P006,C0036,10,0,49.79,Accra Mall SuperMart,Accra,Greater Accra,Plantain Chips,Snacks,5,Ama Adomako,Female,New
ORD01328,10/01/2023,S008,P013,C0169,6,0.05,336.47,Sunyani Grocers,Sunyani,Bono,Club Beer (6-pack),Beverages,60,Ama Boakye,Female,VIP
ORD01329,11/03/2024,S007,P013,C0200,9,0.05,512.44,Koforidua Mart,Koforidua,Eastern,Club Beer (6-pack),Beverages,60,Yaw Addy,Male,Regular
ORD01330,24/01/2023,S001,P015,C0036,3,0.05,44.26,Accra Mall SuperMart,Accra,Greater Accra,Ideal Milk,Beverages,15,Ama Adomako,Female,New
ORD01331,09/09/2024,S007,P007,C0053,7,0,252.39,Koforidua Mart,Koforidua,Eastern,Alomo Bitters,Beverages,35,Akosua Frimpong,Female,Regular
ORD01332,12/07/2023,S008,P002,C0085,10,0.1,145.9,Sunyani Grocers,Sunyani,Bono,Shito Pepper Sauce,Food,15.5,Kofi Owusu,Male,New
ORD01333,08/11/2023,S002,P003,C0027,9,0,1031.19,Kumasi City Mart,Kumasi,Ashanti,Kente Print Shirt,Apparel,120,Ama Mensah,Female,New
ORD01334,06/12/2024,S008,P001,C0048,4,0,108.67,Sunyani Grocers,Sunyani,Bono,Ghana Jollof Mix,Food,25,Yaa Appiah,Female,VIP
ORD01335,31/01/2024,S005,P004,C0060,5,0.15,183.7,Tamale Superstore,Tamale,Northern,Milo Cocoa Powder,Beverages,45,Kojo Owusu,Male,New
ORD01336,28/02/2023,S006,P009,C0003,3,0.05,61.5,Cape Coast Retail,Cape Coast,Central,Shea Butter Lotion,Personal Care,20,Abena Appiah,Female,New
ORD01337,25/02/2024,S007,P003,C0029,3,0.15,309.91,Koforidua Mart,Koforidua,Eastern,Kente Print Shirt,Apparel,120,Ama Addy,Female,Regular
ORD01338,12/03/2023,S007,P015,C0053,3,0,44.84,Koforidua Mart,Koforidua,Eastern,Ideal Milk,Beverages,15,Akosua Frimpong,Female,Regular
ORD01339,27/12/2024,S008,P003,C0155,10,0.05,1183.46,Sunyani Grocers,Sunyani,Bono,Kente Print Shirt,Apparel,120,Akosua Owusu,Female,Regular
ORD01340,29/05/2024,S008,P005,C0052,1,0,10.17,Sunyani Grocers,Sunyani,Bono,Gari (1kg),Food,10,Frimpong Adomako,Male,VIP
ORD01341,13/02/2024,S004,P009,C0085,10,0.1,183.43,Tema Central Market,Tema,Greater Accra,Shea Butter Lotion,Personal Care,20,Kofi Owusu,Male,New
ORD01342,12/08/2024,S001,P012,C0024,5,0.1,81.16,Accra Mall SuperMart,Accra,Greater Accra,Cassava Dough,Food,18,Appiah Boakye,Male,New
ORD01343,29/12/2024,S005,P007,C0157,3,0.1,93.31,Tamale Superstore,Tamale,Northern,Alomo Bitters,Beverages,35,Mensah Owusu,Male,New
ORD01344,24/09/2024,S007,P008,C0099,3,0.15,19.67,Koforidua Mart,Koforidua,Eastern,FanMilk Yoghurt,Beverages,8,Appiah Boateng,Male,Regular
ORD01345,16/12/2024,S001,P004,C0041,5,0.15,190.06,Accra Mall SuperMart,Accra,Greater Accra,Milo Cocoa Powder,Beverages,45,Esi Boateng,Female,Regular
ORD01346,10/03/2023,S004,P015,C0127,7,0.15,86.41,Tema Central Market,Tema,Greater Accra,Ideal Milk,Beverages,15,Mensah Tetteh,Male,New
ORD01347,13/01/2024,S002,P013,C0027,9,0.05,518.91,Kumasi City Mart,Kumasi,Ashanti,Club Beer (6-pack),Beverages,60,Ama Mensah,Female,New
ORD01348,18/06/2023,S005,P004,C0130,1,0.1,38.64,Tamale Superstore,Tamale,Northern,Milo Cocoa Powder,Beverages,45,Abena Mensah,Female,New
ORD01349,16/10/2024,S008,P007,C0088,7,0,247.33,Sunyani Grocers,Sunyani,Bono,Alomo Bitters,Beverages,35,Osei Gyasi,Male,New
ORD01350,11/01/2023,S005,P002,C0182,3,0.05,46.41,Tamale Superstore,Tamale,Northern,Shito Pepper Sauce,Food,15.5,Esi Frimpong,Female,New
ORD01351,20/04/2024,S008,P008,C0018,2,0.15,14.26,Sunyani Grocers,Sunyani,Bono,FanMilk Yoghurt,Beverages,8,Ama Asare,Female,Regular
ORD01352,31/12/2024,S008,P003,C0121,5,0,585.35,Sunyani Grocers,Sunyani,Bono,Kente Print Shirt,Apparel,120,Kofi Asare,Male,VIP
ORD01353,19/01/2023,S002,P003,C0076,2,0.15,216.49,Kumasi City Mart,Kumasi,Ashanti,Kente Print Shirt,Apparel,120,Akosua Danquah,Female,Regular
ORD01354,22/06/2023,S002,P011,C0196,1,0.05,27.73,Kumasi City Mart,Kumasi,Ashanti,Palm Oil (1L),Food,30,Abena Addy,Female,VIP
ORD01355,02/01/2024,S003,P004,C0183,1,0.15,37.58,Takoradi Hub,Takoradi,Western,Milo Cocoa Powder,Beverages,45,Ama Boateng,Female,New
ORD01356,14/12/2024,S001,P014,C0163,9,0,36.31,Accra Mall SuperMart,Accra,Greater Accra,Voltic Water (1L),Beverages,4,Mensah Acheampong,Male,Regular
ORD01357,12/11/2023,S008,P001,C0154,1,0,26.65,Sunyani Grocers,Sunyani,Bono,Ghana Jollof Mix,Food,25,Frimpong Osei,Male,Regular
ORD01358,26/07/2023,S004,P006,C0062,4,0,19.05,Tema Central Market,Tema,Greater Accra,Plantain Chips,Snacks,5,Mensah Osei,Male,New
ORD01359,29/01/2023,S001,P006,C0050,2,0,10.94,Accra Mall SuperMart,Accra,Greater Accra,Plantain Chips,Snacks,5,Kojo Acheampong,Male,VIP
ORD01360,09/04/2023,S003,P012,C0043,1,0.1,16.64,Takoradi Hub,Takoradi,Western,Cassava Dough,Food,18,Osei Boateng,Male,VIP
ORD01361,01/12/2023,S006,P009,C0161,4,0.15,66.71,Cape Coast Retail,Cape Coast,Central,Shea Butter Lotion,Personal Care,20,Ama Quaye,Female,Regular
ORD01362,08/07/2024,S007,P007,C0031,4,0,135.22,Koforidua Mart,Koforidua,Eastern,Alomo Bitters,Beverages,35,Yaw Danquah,Male,New
ORD01363,28/11/2023,S003,P001,C0103,6,0,151.26,Takoradi Hub,Takoradi,Western,Ghana Jollof Mix,Food,25,Frimpong Quaye,Male,New
ORD01364,14/04/2024,S004,P002,C0169,5,0.15,66.23,Tema Central Market,Tema,Greater Accra,Shito Pepper Sauce,Food,15.5,Ama Boakye,Female,VIP
ORD01365,10/03/2023,S004,P007,C0078,10,0.1,345.7,Tema Central Market,Tema,Greater Accra,Alomo Bitters,Beverages,35,Frimpong Addy,Male,VIP
ORD01366,15/04/2023,S003,P005,C0025,10,0.05,104.24,Takoradi Hub,Takoradi,Western,Gari (1kg),Food,10,Frimpong Addy,Male,VIP
ORD01367,14/12/2024,S007,P011,C0198,3,0.05,83.47,Koforidua Mart,Koforidua,Eastern,Palm Oil (1L),Food,30,Abena Mensah,Female,New
ORD01368,05/12/2024,S006,P014,C0171,8,0,32.01,Cape Coast Retail,Cape Coast,Central,Voltic Water (1L),Beverages,4,Kwame Boateng,Male,Regular
ORD01369,15/09/2024,S008,P007,C0131,4,0.15,123.54,Sunyani Grocers,Sunyani,Bono,Alomo Bitters,Beverages,35,Mensah Acheampong,Male,Regular
ORD01370,14/01/2023,S004,P001,C0158,2,0.05,46.81,Tema Central Market,Tema,Greater Accra,Ghana Jollof Mix,Food,25,Osei Boakye,Male,New
ORD01371,14/03/2024,S004,P010,C0021,1,0,12.07,Tema Central Market,Tema,Greater Accra,African Black Soap,Personal Care,12,Mensah Danquah,Male,New
ORD01372,31/10/2023,S004,P003,C0097,4,0,473.14,Tema Central Market,Tema,Greater Accra,Kente Print Shirt,Apparel,120,Esi Mensah,Female,Regular
ORD01373,04/09/2024,S008,P012,C0085,3,0.05,51.18,Sunyani Grocers,Sunyani,Bono,Cassava Dough,Food,18,Kofi Owusu,Male,New
ORD01374,10/02/2023,S007,P011,C0074,1,0,32.31,Koforidua Mart,Koforidua,Eastern,Palm Oil (1L),Food,30,Kojo Tetteh,Male,New
ORD01375,06/12/2023,S006,P004,C0053,9,0,439.83,Cape Coast Retail,Cape Coast,Central,Milo Cocoa Powder,Beverages,45,Akosua Frimpong,Female,Regular
ORD01376,11/11/2024,S004,P013,C0176,4,0.15,220.5,Tema Central Market,Tema,Greater Accra,Club Beer (6-pack),Beverages,60,Frimpong Gyasi,Male,Regular
ORD01377,17/06/2024,S006,P003,C0114,1,0,129.66,Cape Coast Retail,Cape Coast,Central,Kente Print Shirt,Apparel,120,Kojo Danquah,Male,Regular
ORD01378,13/03/2023,S004,P001,C0163,3,0,72.66,Tema Central Market,Tema,Greater Accra,Ghana Jollof Mix,Food,25,Mensah Acheampong,Male,Regular
ORD01379,27/06/2023,S004,P004,C0130,2,0.1,85.76,Tema Central Market,Tema,Greater Accra,Milo Cocoa Powder,Beverages,45,Abena Mensah,Female,New
ORD01380,15/11/2023,S003,P012,C0051,4,0.1,63.27,Takoradi Hub,Takoradi,Western,Cassava Dough,Food,18,Mensah Adomako,Male,VIP
ORD01381,12/09/2023,S005,P005,C0148,8,0,79.26,Tamale Superstore,Tamale,Northern,Gari (1kg),Food,10,Yaw Danquah,Male,VIP
ORD01382,07/05/2024,S002,P006,C0102,7,0,35.72,Kumasi City Mart,Kumasi,Ashanti,Plantain Chips,Snacks,5,Kojo Appiah,Male,New
ORD01383,08/03/2024,S007,P013,C0040,8,0,510.86,Koforidua Mart,Koforidua,Eastern,Club Beer (6-pack),Beverages,60,Mensah Acheampong,Male,Regular
ORD01384,13/03/2024,S002,P013,C0077,10,0.15,496.19,Kumasi City Mart,Kumasi,Ashanti,Club Beer (6-pack),Beverages,60,Ama Quaye,Female,VIP
ORD01385,29/06/2023,S005,P007,C0119,5,0.1,156.32,Tamale Superstore,Tamale,Northern,Alomo Bitters,Beverages,35,Kojo Addy,Male,Regular
ORD01386,29/07/2024,S008,P002,C0086,3,0.1,40.99,Sunyani Grocers,Sunyani,Bono,Shito Pepper Sauce,Food,15.5,Appiah Adomako,Male,VIP
ORD01387,14/07/2023,S001,P001,C0129,6,0.1,136.44,Accra Mall SuperMart,Accra,Greater Accra,Ghana Jollof Mix,Food,25,Kofi Frimpong,Male,VIP
ORD01388,01/03/2024,S007,P012,C0096,7,0.1,112.97,Koforidua Mart,Koforidua,Eastern,Cassava Dough,Food,18,Kwame Osei,Male,New
ORD01389,25/08/2024,S002,P007,C0010,2,0.1,68.66,Kumasi City Mart,Kumasi,Ashanti,Alomo Bitters,Beverages,35,Mensah Boakye,Male,New
ORD01390,16/06/2023,S004,P013,C0112,5,0.05,292.54,Tema Central Market,Tema,Greater Accra,Club Beer (6-pack),Beverages,60,Mensah Boateng,Male,Regular
ORD01391,15/05/2024,S006,P012,C0015,7,0.1,120.24,Cape Coast Retail,Cape Coast,Central,Cassava Dough,Food,18,Mensah Asare,Male,VIP
ORD01392,06/09/2023,S008,P001,C0093,1,0,24.73,Sunyani Grocers,Sunyani,Bono,Ghana Jollof Mix,Food,25,Abena Osei,Female,VIP
ORD01393,11/04/2024,S003,P005,C0064,10,0.15,92.89,Takoradi Hub,Takoradi,Western,Gari (1kg),Food,10,Osei Boakye,Male,VIP
ORD01394,15/06/2023,S001,P002,C0198,2,0.1,28.17,Accra Mall SuperMart,Accra,Greater Accra,Shito Pepper Sauce,Food,15.5,Abena Mensah,Female,New
ORD01395,23/08/2024,S002,P009,C0049,7,0,150.42,Kumasi City Mart,Kumasi,Ashanti,Shea Butter Lotion,Personal Care,20,Kofi Frimpong,Male,New
ORD01396,16/09/2023,S005,P009,C0137,7,0.15,118.55,Tamale Superstore,Tamale,Northern,Shea Butter Lotion,Personal Care,20,Ama Adomako,Female,Regular
ORD01397,26/02/2024,S002,P002,C0163,10,0.05,157.87,Kumasi City Mart,Kumasi,Ashanti,Shito Pepper Sauce,Food,15.5,Mensah Acheampong,Male,Regular
ORD01398,03/10/2023,S004,P015,C0192,7,0.05,94.86,Tema Central Market,Tema,Greater Accra,Ideal Milk,Beverages,15,Osei Frimpong,Male,VIP
ORD01399,22/06/2023,S008,P001,C0025,2,0.1,46.29,Sunyani Grocers,Sunyani,Bono,Ghana Jollof Mix,Food,25,Frimpong Addy,Male,VIP
ORD01400,01/11/2024,S005,P012,C0111,3,0,54.33,Tamale Superstore,Tamale,Northern,Cassava Dough,Food,18,Ama Mensah,Female,VIP
ORD01401,21/12/2024,S003,P004,C0125,3,0.15,125.34,Takoradi Hub,Takoradi,Western,Milo Cocoa Powder,Beverages,45,Yaw Quaye,Male,VIP
ORD01402,06/04/2024,S004,P003,C0052,1,0,128.57,Tema Central Market,Tema,Greater Accra,Kente Print Shirt,Apparel,120,Frimpong Adomako,Male,VIP
ORD01403,16/07/2023,S005,P015,C0105,8,0.15,98.57,Tamale Superstore,Tamale,Northern,Ideal Milk,Beverages,15,Osei Danquah,Male,VIP
ORD01404,13/10/2024,S003,P002,C0076,2,0.1,27.03,Takoradi Hub,Takoradi,Western,Shito Pepper Sauce,Food,15.5,Akosua Danquah,Female,Regular
ORD01405,07/03/2023,S006,P001,C0150,4,0.1,92.05,Cape Coast Retail,Cape Coast,Central,Ghana Jollof Mix,Food,25,Kwame Danquah,Male,New
ORD01406,14/04/2023,S001,P001,C0069,1,0.15,22.7,Accra Mall SuperMart,Accra,Greater Accra,Ghana Jollof Mix,Food,25,Kojo Quaye,Male,Regular
ORD01407,12/02/2023,S002,P004,C0134,1,0.1,42.14,Kumasi City Mart,Kumasi,Ashanti,Milo Cocoa Powder,Beverages,45,Kojo Quaye,Male,New
ORD01408,30/09/2023,S008,P008,C0194,6,0.15,41.39,Sunyani Grocers,Sunyani,Bono,FanMilk Yoghurt,Beverages,8,Ama Asare,Female,Regular
ORD01409,15/01/2024,S006,P006,C0062,6,0.1,27.18,Cape Coast Retail,Cape Coast,Central,Plantain Chips,Snacks,5,Mensah Osei,Male,New
ORD01410,28/02/2023,S006,P014,C0085,2,0,8.15,Cape Coast Retail,Cape Coast,Central,Voltic Water (1L),Beverages,4,Kofi Owusu,Male,New
ORD01411,16/12/2024,S007,P012,C0036,1,0.15,14.82,Koforidua Mart,Koforidua,Eastern,Cassava Dough,Food,18,Ama Adomako,Female,New
ORD01412,27/06/2024,S005,P012,C0193,4,0.05,69.62,Tamale Superstore,Tamale,Northern,Cassava Dough,Food,18,Kofi Tetteh,Male,New
ORD01413,03/12/2024,S008,P009,C0106,4,0,87.83,Sunyani Grocers,Sunyani,Bono,Shea Butter Lotion,Personal Care,20,Abena Osei,Female,Regular
ORD01414,26/11/2023,S001,P011,C0093,1,0.05,29.97,Accra Mall SuperMart,Accra,Greater Accra,Palm Oil (1L),Food,30,Abena Osei,Female,VIP
ORD01415,28/08/2023,S008,P007,C0190,10,0,350.79,Sunyani Grocers,Sunyani,Bono,Alomo Bitters,Beverages,35,Osei Quaye,Male,VIP
ORD01416,02/05/2024,S002,P012,C0099,5,0.15,74.91,Kumasi City Mart,Kumasi,Ashanti,Cassava Dough,Food,18,Appiah Boateng,Male,Regular
ORD01417,27/05/2023,S001,P003,C0128,2,0.05,245.07,Accra Mall SuperMart,Accra,Greater Accra,Kente Print Shirt,Apparel,120,Esi Gyasi,Female,VIP
ORD01418,15/07/2024,S008,P003,C0115,2,0.1,226.67,Sunyani Grocers,Sunyani,Bono,Kente Print Shirt,Apparel,120,Kwasi Appiah,Male,VIP
ORD01419,04/09/2023,S004,P004,C0044,2,0,91.37,Tema Central Market,Tema,Greater Accra,Milo Cocoa Powder,Beverages,45,Yaw Osei,Male,Regular
ORD01420,30/01/2023,S003,P015,C0084,7,0.05,98.06,Takoradi Hub,Takoradi,Western,Ideal Milk,Beverages,15,Esi Danquah,Female,New
ORD01421,21/09/2023,S008,P015,C0172,2,0,32.65,Sunyani Grocers,Sunyani,Bono,Ideal Milk,Beverages,15,Esi Owusu,Female,Regular
ORD01422,10/10/2024,S008,P002,C0178,6,0,101.35,Sunyani Grocers,Sunyani,Bono,Shito Pepper Sauce,Food,15.5,Afia Acheampong,Female,Regular
ORD01423,07/09/2024,S002,P011,C0088,7,0.1,198.09,Kumasi City Mart,Kumasi,Ashanti,Palm Oil (1L),Food,30,Osei Gyasi,Male,New
ORD01424,29/07/2024,S007,P013,C0060,4,0.05,220.56,Koforidua Mart,Koforidua,Eastern,Club Beer (6-pack),Beverages,60,Kojo Owusu,Male,New
ORD01425,31/03/2023,S002,P002,C0088,10,0,164.56,Kumasi City Mart,Kumasi,Ashanti,Shito Pepper Sauce,Food,15.5,Osei Gyasi,Male,New
ORD01426,29/04/2023,S006,P003,C0081,7,0.15,757.22,Cape Coast Retail,Cape Coast,Central,Kente Print Shirt,Apparel,120,Ama Gyasi,Female,VIP
ORD01427,15/11/2023,S001,P010,C0138,4,0.1,47.39,Accra Mall SuperMart,Accra,Greater Accra,African Black Soap,Personal Care,12,Esi Addy,Female,Regular
ORD01428,24/11/2023,S006,P013,C0174,3,0.15,160.58,Cape Coast Retail,Cape Coast,Central,Club Beer (6-pack),Beverages,60,Mensah Asare,Male,New
ORD01429,27/08/2024,S004,P002,C0102,1,0.15,14.2,Tema Central Market,Tema,Greater Accra,Shito Pepper Sauce,Food,15.5,Kojo Appiah,Male,New
ORD01430,20/11/2023,S003,P014,C0076,4,0.1,15.15,Takoradi Hub,Takoradi,Western,Voltic Water (1L),Beverages,4,Akosua Danquah,Female,Regular
ORD01431,31/05/2023,S005,P003,C0192,1,0.15,101.8,Tamale Superstore,Tamale,Northern,Kente Print Shirt,Apparel,120,Osei Frimpong,Male,VIP
ORD01432,29/05/2024,S002,P005,C0181,10,0.1,94.02,Kumasi City Mart,Kumasi,Ashanti,Gari (1kg),Food,10,Frimpong Boateng,Male,Regular
ORD01433,09/08/2023,S008,P005,C0181,7,0,76.8,Sunyani Grocers,Sunyani,Bono,Gari (1kg),Food,10,Frimpong Boateng,Male,Regular
ORD01434,08/12/2023,S003,P014,C0184,4,0,16.88,Takoradi Hub,Takoradi,Western,Voltic Water (1L),Beverages,4,Frimpong Addy,Male,VIP
ORD01435,23/02/2023,S003,P014,C0125,7,0.05,29.2,Takoradi Hub,Takoradi,Western,Voltic Water (1L),Beverages,4,Yaw Quaye,Male,VIP
ORD01436,06/11/2024,S003,P001,C0141,7,0.05,168.47,Takoradi Hub,Takoradi,Western,Ghana Jollof Mix,Food,25,Kwame Adomako,Male,Regular
ORD01437,29/04/2024,S006,P013,C0101,7,0,432.25,Cape Coast Retail,Cape Coast,Central,Club Beer (6-pack),Beverages,60,Esi Danquah,Female,Regular
ORD01438,17/10/2023,S005,P012,C0050,9,0.1,140.64,Tamale Superstore,Tamale,Northern,Cassava Dough,Food,18,Kojo Acheampong,Male,VIP
ORD01439,28/11/2023,S001,P014,C0182,5,0.1,18.87,Accra Mall SuperMart,Accra,Greater Accra,Voltic Water (1L),Beverages,4,Esi Frimpong,Female,New
ORD01440,14/08/2024,S003,P008,C0179,8,0.05,65.94,Takoradi Hub,Takoradi,Western,FanMilk Yoghurt,Beverages,8,Kwasi Appiah,Male,Regular
ORD01441,03/08/2023,S004,P013,C0192,4,0,241.04,Tema Central Market,Tema,Greater Accra,Club Beer (6-pack),Beverages,60,Osei Frimpong,Male,VIP
ORD01442,12/08/2024,S002,P011,C0038,7,0.1,198.81,Kumasi City Mart,Kumasi,Ashanti,Palm Oil (1L),Food,30,Abena Appiah,Female,VIP
ORD01443,22/06/2023,S001,P002,C0092,8,0,135.38,Accra Mall SuperMart,Accra,Greater Accra,Shito Pepper Sauce,Food,15.5,Yaa Osei,Female,Regular
ORD01444,01/05/2023,S006,P010,C0112,3,0.1,31.97,Cape Coast Retail,Cape Coast,Central,African Black Soap,Personal Care,12,Mensah Boateng,Male,Regular
ORD01445,02/05/2023,S004,P007,C0126,5,0.15,162.61,Tema Central Market,Tema,Greater Accra,Alomo Bitters,Beverages,35,Yaw Asare,Male,New
ORD01446,30/10/2024,S007,P013,C0178,2,0.1,116.61,Koforidua Mart,Koforidua,Eastern,Club Beer (6-pack),Beverages,60,Afia Acheampong,Female,Regular
ORD01447,27/10/2024,S007,P005,C0162,8,0.05,72.33,Koforidua Mart,Koforidua,Eastern,Gari (1kg),Food,10,Yaw Osei,Male,Regular
ORD01448,30/04/2023,S002,P002,C0126,9,0,133.01,Kumasi City Mart,Kumasi,Ashanti,Shito Pepper Sauce,Food,15.5,Yaw Asare,Male,New
ORD01449,09/08/2024,S008,P005,C0178,2,0.15,16.61,Sunyani Grocers,Sunyani,Bono,Gari (1kg),Food,10,Afia Acheampong,Female,Regular
ORD01450,10/05/2024,S007,P005,C0147,3,0,29.96,Koforidua Mart,Koforidua,Eastern,Gari (1kg),Food,10,Kofi Boakye,Male,New
ORD01451,31/12/2024,S003,P007,C0180,1,0.1,32.55,Takoradi Hub,Takoradi,Western,Alomo Bitters,Beverages,35,Yaw Boateng,Male,Regular
ORD01452,03/07/2024,S008,P002,C0133,10,0.15,139.27,Sunyani Grocers,Sunyani,Bono,Shito Pepper Sauce,Food,15.5,Kwame Adomako,Male,VIP
ORD01453,29/10/2024,S002,P013,C0193,4,0,234.5,Kumasi City Mart,Kumasi,Ashanti,Club Beer (6-pack),Beverages,60,Kofi Tetteh,Male,New
ORD01454,05/09/2024,S003,P001,C0143,8,0.05,184.01,Takoradi Hub,Takoradi,Western,Ghana Jollof Mix,Food,25,Afia Acheampong,Female,VIP
ORD01455,12/05/2023,S004,P011,C0042,2,0.15,50.41,Tema Central Market,Tema,Greater Accra,Palm Oil (1L),Food,30,Abena Addy,Female,Regular
ORD01456,05/02/2023,S002,P002,C0130,5,0.05,80.62,Kumasi City Mart,Kumasi,Ashanti,Shito Pepper Sauce,Food,15.5,Abena Mensah,Female,New
ORD01457,25/06/2023,S007,P011,C0001,4,0.05,109.09,Koforidua Mart,Koforidua,Eastern,Palm Oil (1L),Food,30,Esi Osei,Female,Regular
ORD01458,15/06/2024,S005,P011,C0137,8,0,248.77,Tamale Superstore,Tamale,Northern,Palm Oil (1L),Food,30,Ama Adomako,Female,Regular
ORD01459,12/12/2024,S006,P009,C0091,10,0.15,174.52,Cape Coast Retail,Cape Coast,Central,Shea Butter Lotion,Personal Care,20,Akosua Danquah,Female,New
ORD01460,05/12/2024,S002,P011,C0012,4,0,117.39,Kumasi City Mart,Kumasi,Ashanti,Palm Oil (1L),Food,30,Yaa Adomako,Female,VIP
ORD01461,03/11/2023,S004,P003,C0155,9,0,1121.87,Tema Central Market,Tema,Greater Accra,Kente Print Shirt,Apparel,120,Akosua Owusu,Female,Regular
ORD01462,12/10/2023,S003,P012,C0160,7,0,130.09,Takoradi Hub,Takoradi,Western,Cassava Dough,Food,18,Yaw Quaye,Male,New
ORD01463,24/09/2023,S007,P011,C0042,7,0.1,181.91,Koforidua Mart,Koforidua,Eastern,Palm Oil (1L),Food,30,Abena Addy,Female,Regular
ORD01464,18/09/2023,S007,P012,C0037,9,0,155.61,Koforidua Mart,Koforidua,Eastern,Cassava Dough,Food,18,Kofi Acheampong,Male,New
ORD01465,03/10/2023,S004,P012,C0096,10,0.15,159.23,Tema Central Market,Tema,Greater Accra,Cassava Dough,Food,18,Kwame Osei,Male,New
ORD01466,05/03/2024,S003,P006,C0112,7,0,38.31,Takoradi Hub,Takoradi,Western,Plantain Chips,Snacks,5,Mensah Boateng,Male,Regular
ORD01467,11/09/2023,S002,P005,C0032,9,0,94.73,Kumasi City Mart,Kumasi,Ashanti,Gari (1kg),Food,10,Appiah Boateng,Male,Regular
ORD01468,21/02/2024,S002,P006,C0164,2,0.05,10.32,Kumasi City Mart,Kumasi,Ashanti,Plantain Chips,Snacks,5,Yaw Owusu,Male,New
ORD01469,07/10/2023,S003,P014,C0058,5,0,19.29,Takoradi Hub,Takoradi,Western,Voltic Water (1L),Beverages,4,Afia Osei,Female,VIP
ORD01470,16/08/2023,S007,P002,C0032,3,0.15,41.87,Koforidua Mart,Koforidua,Eastern,Shito Pepper Sauce,Food,15.5,Appiah Boateng,Male,Regular
ORD01471,10/11/2023,S008,P002,C0136,6,0.15,85.36,Sunyani Grocers,Sunyani,Bono,Shito Pepper Sauce,Food,15.5,Ama Addy,Female,Regular
ORD01472,18/07/2024,S005,P010,C0026,1,0,11.97,Tamale Superstore,Tamale,Northern,African Black Soap,Personal Care,12,Afia Frimpong,Female,New
ORD01473,03/02/2024,S003,P006,C0190,9,0.15,39.75,Takoradi Hub,Takoradi,Western,Plantain Chips,Snacks,5,Osei Quaye,Male,VIP
ORD01474,17/02/2024,S008,P010,C0033,5,0,63.18,Sunyani Grocers,Sunyani,Bono,African Black Soap,Personal Care,12,Akosua Boateng,Female,Regular
ORD01475,31/12/2024,S003,P011,C0033,3,0.1,83.85,Takoradi Hub,Takoradi,Western,Palm Oil (1L),Food,30,Akosua Boateng,Female,Regular
ORD01476,01/10/2023,S001,P015,C0186,6,0,94.66,Accra Mall SuperMart,Accra,Greater Accra,Ideal Milk,Beverages,15,Frimpong Quaye,Male,Regular
ORD01477,04/03/2024,S008,P003,C0113,6,0.1,664.42,Sunyani Grocers,Sunyani,Bono,Kente Print Shirt,Apparel,120,Abena Frimpong,Female,Regular
ORD01478,10/10/2023,S007,P009,C0184,4,0.05,79.45,Koforidua Mart,Koforidua,Eastern,Shea Butter Lotion,Personal Care,20,Frimpong Addy,Male,VIP
ORD01479,31/03/2023,S005,P007,C0198,6,0,219.49,Tamale Superstore,Tamale,Northern,Alomo Bitters,Beverages,35,Abena Mensah,Female,New
ORD01480,20/03/2023,S004,P002,C0043,10,0,149.22,Tema Central Market,Tema,Greater Accra,Shito Pepper Sauce,Food,15.5,Osei Boateng,Male,VIP
ORD01481,20/10/2023,S008,P013,C0003,7,0.15,389.08,Sunyani Grocers,Sunyani,Bono,Club Beer (6-pack),Beverages,60,Abena Appiah,Female,New
ORD01482,20/05/2023,S008,P008,C0132,9,0,72.78,Sunyani Grocers,Sunyani,Bono,FanMilk Yoghurt,Beverages,8,Mensah Boateng,Male,Regular
ORD01483,23/09/2024,S004,P015,C0191,1,0.1,14.25,Tema Central Market,Tema,Greater Accra,Ideal Milk,Beverages,15,Osei Boakye,Male,New
ORD01484,20/12/2023,S004,P012,C0170,9,0.15,131.69,Tema Central Market,Tema,Greater Accra,Cassava Dough,Food,18,Appiah Owusu,Male,Regular
ORD01485,04/04/2024,S003,P011,C0196,9,0,263.58,Takoradi Hub,Takoradi,Western,Palm Oil (1L),Food,30,Abena Addy,Female,VIP
ORD01486,11/01/2024,S003,P009,C0091,1,0.1,18.44,Takoradi Hub,Takoradi,Western,Shea Butter Lotion,Personal Care,20,Akosua Danquah,Female,New
ORD01487,24/06/2023,S006,P002,C0087,4,0.15,56.79,Cape Coast Retail,Cape Coast,Central,Shito Pepper Sauce,Food,15.5,Abena Quaye,Female,New
ORD01488,01/05/2023,S005,P005,C0124,5,0.05,46.64,Tamale Superstore,Tamale,Northern,Gari (1kg),Food,10,Kwasi Mensah,Male,VIP
ORD01489,08/10/2024,S007,P004,C0079,9,0,441.58,Koforidua Mart,Koforidua,Eastern,Milo Cocoa Powder,Beverages,45,Abena Mensah,Female,Regular
ORD01490,24/09/2024,S008,P001,C0092,1,0.15,21.65,Sunyani Grocers,Sunyani,Bono,Ghana Jollof Mix,Food,25,Yaa Osei,Female,Regular
ORD01491,02/11/2023,S006,P002,C0002,6,0,93.96,Cape Coast Retail,Cape Coast,Central,Shito Pepper Sauce,Food,15.5,Mensah Owusu,Male,Regular
ORD01492,10/01/2023,S002,P007,C0126,4,0,144.11,Kumasi City Mart,Kumasi,Ashanti,Alomo Bitters,Beverages,35,Yaw Asare,Male,New
ORD01493,07/06/2023,S007,P002,C0125,1,0,16.51,Koforidua Mart,Koforidua,Eastern,Shito Pepper Sauce,Food,15.5,Yaw Quaye,Male,VIP
ORD01494,14/09/2023,S004,P008,C0102,6,0.05,45.81,Tema Central Market,Tema,Greater Accra,FanMilk Yoghurt,Beverages,8,Kojo Appiah,Male,New
ORD01495,06/07/2023,S005,P002,C0113,8,0,120.4,Tamale Superstore,Tamale,Northern,Shito Pepper Sauce,Food,15.5,Abena Frimpong,Female,Regular
ORD01496,20/03/2024,S001,P006,C0182,4,0,19.57,Accra Mall SuperMart,Accra,Greater Accra,Plantain Chips,Snacks,5,Esi Frimpong,Female,New
ORD01497,11/02/2023,S003,P007,C0108,6,0,204.55,Takoradi Hub,Takoradi,Western,Alomo Bitters,Beverages,35,Kwasi Asare,Male,VIP
ORD01498,23/07/2023,S008,P011,C0069,2,0.1,55.26,Sunyani Grocers,Sunyani,Bono,Palm Oil (1L),Food,30,Kojo Quaye,Male,Regular
ORD01499,22/05/2024,S003,P006,C0193,7,0.15,31.5,Takoradi Hub,Takoradi,Western,Plantain Chips,Snacks,5,Kofi Tetteh,Male,New
ORD01500,03/02/2024,S003,P002,C0028,1,0,15.09,Takoradi Hub,Takoradi,Western,Shito Pepper Sauce,Food,15.5,Abena Tetteh,Female,VIP
ORD01501,27/05/2024,S001,P013,C0176,4,0,252.42,Accra Mall SuperMart,Accra,Greater Accra,Club Beer (6-pack),Beverages,60,Frimpong Gyasi,Male,Regular
ORD01502,17/12/2023,S007,P010,C0189,1,0.1,11.04,Koforidua Mart,Koforidua,Eastern,African Black Soap,Personal Care,12,Kofi Gyasi,Male,VIP
ORD01503,16/10/2023,S008,P002,C0195,7,0,113.13,Sunyani Grocers,Sunyani,Bono,Shito Pepper Sauce,Food,15.5,Appiah Danquah,Male,Regular
ORD01504,07/06/2024,S003,P004,C0072,2,0.05,93.98,Takoradi Hub,Takoradi,Western,Milo Cocoa Powder,Beverages,45,Afia Frimpong,Female,Regular
ORD01505,11/09/2023,S007,P004,C0122,2,0.15,79.69,Koforidua Mart,Koforidua,Eastern,Milo Cocoa Powder,Beverages,45,Yaa Frimpong,Female,VIP
ORD01506,13/07/2023,S003,P004,C0031,3,0.1,116.12,Takoradi Hub,Takoradi,Western,Milo Cocoa Powder,Beverages,45,Yaw Danquah,Male,New
ORD01507,16/07/2023,S003,P007,C0005,10,0,337.27,Takoradi Hub,Takoradi,Western,Alomo Bitters,Beverages,35,Frimpong Acheampong,Male,Regular
ORD01508,22/02/2023,S007,P007,C0135,5,0,172.07,Koforidua Mart,Koforidua,Eastern,Alomo Bitters,Beverages,35,Kofi Mensah,Male,New
ORD01509,12/03/2024,S008,P001,C0131,7,0,174.24,Sunyani Grocers,Sunyani,Bono,Ghana Jollof Mix,Food,25,Mensah Acheampong,Male,Regular
ORD01510,03/10/2023,S006,P005,C0090,7,0,69.86,Cape Coast Retail,Cape Coast,Central,Gari (1kg),Food,10,Kwasi Boakye,Male,New
ORD01511,18/02/2023,S003,P001,C0001,1,0.05,23.32,Takoradi Hub,Takoradi,Western,Ghana Jollof Mix,Food,25,Esi Osei,Female,Regular
ORD01512,28/04/2024,S005,P015,C0156,2,0.1,26.4,Tamale Superstore,Tamale,Northern,Ideal Milk,Beverages,15,Yaa Addy,Female,New
ORD01513,18/05/2024,S006,P006,C0078,2,0,10.5,Cape Coast Retail,Cape Coast,Central,Plantain Chips,Snacks,5,Frimpong Addy,Male,VIP
ORD01514,30/11/2024,S003,P006,C0093,6,0.15,26.25,Takoradi Hub,Takoradi,Western,Plantain Chips,Snacks,5,Abena Osei,Female,VIP
ORD01515,16/01/2024,S004,P011,C0071,4,0.15,102.78,Tema Central Market,Tema,Greater Accra,Palm Oil (1L),Food,30,Appiah Boakye,Male,New
ORD01516,19/04/2023,S003,P011,C0191,10,0,286.85,Takoradi Hub,Takoradi,Western,Palm Oil (1L),Food,30,Osei Boakye,Male,New
ORD01517,01/11/2024,S004,P004,C0181,8,0,346.04,Tema Central Market,Tema,Greater Accra,Milo Cocoa Powder,Beverages,45,Frimpong Boateng,Male,Regular
ORD01518,13/07/2024,S006,P005,C0186,8,0,82.4,Cape Coast Retail,Cape Coast,Central,Gari (1kg),Food,10,Frimpong Quaye,Male,Regular
ORD01519,07/06/2023,S001,P003,C0050,7,0.15,754.51,Accra Mall SuperMart,Accra,Greater Accra,Kente Print Shirt,Apparel,120,Kojo Acheampong,Male,VIP
ORD01520,27/07/2024,S006,P015,C0094,8,0,130.4,Cape Coast Retail,Cape Coast,Central,Ideal Milk,Beverages,15,Kwame Adomako,Male,New
ORD01521,11/03/2023,S008,P007,C0135,9,0,307.14,Sunyani Grocers,Sunyani,Bono,Alomo Bitters,Beverages,35,Kofi Mensah,Male,New
ORD01522,08/10/2023,S003,P005,C0012,10,0,106.92,Takoradi Hub,Takoradi,Western,Gari (1kg),Food,10,Yaa Adomako,Female,VIP
ORD01523,11/12/2024,S004,P012,C0102,8,0.15,132.26,Tema Central Market,Tema,Greater Accra,Cassava Dough,Food,18,Kojo Appiah,Male,New
ORD01524,18/03/2023,S003,P008,C0193,9,0.1,67.03,Takoradi Hub,Takoradi,Western,FanMilk Yoghurt,Beverages,8,Kofi Tetteh,Male,New
ORD01525,04/02/2024,S007,P010,C0070,4,0,45.63,Koforidua Mart,Koforidua,Eastern,African Black Soap,Personal Care,12,Appiah Boakye,Male,VIP
ORD01526,08/08/2024,S004,P010,C0179,1,0.15,10.39,Tema Central Market,Tema,Greater Accra,African Black Soap,Personal Care,12,Kwasi Appiah,Male,Regular
ORD01527,25/12/2024,S005,P005,C0057,5,0.05,49.06,Tamale Superstore,Tamale,Northern,Gari (1kg),Food,10,Osei Boakye,Male,VIP
ORD01528,25/06/2023,S004,P001,C0137,4,0.05,90.81,Tema Central Market,Tema,Greater Accra,Ghana Jollof Mix,Food,25,Ama Adomako,Female,Regular
ORD01529,01/06/2023,S005,P015,C0035,5,0,78.48,Tamale Superstore,Tamale,Northern,Ideal Milk,Beverages,15,Frimpong Boakye,Male,New
ORD01530,12/09/2023,S004,P009,C0030,1,0.05,19.85,Tema Central Market,Tema,Greater Accra,Shea Butter Lotion,Personal Care,20,Appiah Osei,Male,VIP
ORD01531,13/01/2024,S006,P002,C0181,9,0.05,140.25,Cape Coast Retail,Cape Coast,Central,Shito Pepper Sauce,Food,15.5,Frimpong Boateng,Male,Regular
ORD01532,23/02/2024,S005,P006,C0015,1,0.05,4.67,Tamale Superstore,Tamale,Northern,Plantain Chips,Snacks,5,Mensah Asare,Male,VIP
ORD01533,14/10/2023,S003,P005,C0005,9,0.15,73.9,Takoradi Hub,Takoradi,Western,Gari (1kg),Food,10,Frimpong Acheampong,Male,Regular
ORD01534,05/12/2024,S007,P011,C0066,10,0.15,250.14,Koforidua Mart,Koforidua,Eastern,Palm Oil (1L),Food,30,Kofi Danquah,Male,Regular
ORD01535,28/03/2024,S004,P006,C0069,4,0.15,17.76,Tema Central Market,Tema,Greater Accra,Plantain Chips,Snacks,5,Kojo Quaye,Male,Regular
ORD01536,09/02/2024,S003,P008,C0060,7,0.05,51.72,Takoradi Hub,Takoradi,Western,FanMilk Yoghurt,Beverages,8,Kojo Owusu,Male,New
ORD01537,05/05/2024,S002,P008,C0047,8,0,68.63,Kumasi City Mart,Kumasi,Ashanti,FanMilk Yoghurt,Beverages,8,Yaa Asare,Female,New
ORD01538,30/06/2023,S004,P010,C0126,3,0.05,32.6,Tema Central Market,Tema,Greater Accra,African Black Soap,Personal Care,12,Yaw Asare,Male,New
ORD01539,16/06/2023,S003,P014,C0101,10,0,38.42,Takoradi Hub,Takoradi,Western,Voltic Water (1L),Beverages,4,Esi Danquah,Female,Regular
ORD01540,15/03/2023,S007,P004,C0117,7,0,333.47,Koforidua Mart,Koforidua,Eastern,Milo Cocoa Powder,Beverages,45,Yaa Tetteh,Female,New
ORD01541,21/05/2023,S001,P010,C0026,7,0.1,72.05,Accra Mall SuperMart,Accra,Greater Accra,African Black Soap,Personal Care,12,Afia Frimpong,Female,New
ORD01542,14/01/2023,S001,P003,C0064,2,0.05,221.48,Accra Mall SuperMart,Accra,Greater Accra,Kente Print Shirt,Apparel,120,Osei Boakye,Male,VIP
ORD01543,04/10/2024,S001,P013,C0003,2,0.15,108.16,Accra Mall SuperMart,Accra,Greater Accra,Club Beer (6-pack),Beverages,60,Abena Appiah,Female,New
ORD01544,13/12/2023,S002,P004,C0036,8,0.15,331.66,Kumasi City Mart,Kumasi,Ashanti,Milo Cocoa Powder,Beverages,45,Ama Adomako,Female,New
ORD01545,17/06/2023,S005,P006,C0123,3,0,14.38,Tamale Superstore,Tamale,Northern,Plantain Chips,Snacks,5,Frimpong Mensah,Male,Regular
ORD01546,09/12/2024,S005,P011,C0140,2,0,64.42,Tamale Superstore,Tamale,Northern,Palm Oil (1L),Food,30,Abena Adomako,Female,New
ORD01547,16/04/2023,S005,P002,C0131,7,0,103.09,Tamale Superstore,Tamale,Northern,Shito Pepper Sauce,Food,15.5,Mensah Acheampong,Male,Regular
ORD01548,18/08/2023,S001,P004,C0110,7,0,315.94,Accra Mall SuperMart,Accra,Greater Accra,Milo Cocoa Powder,Beverages,45,Esi Boakye,Female,New
ORD01549,21/10/2023,S004,P015,C0176,7,0,107.5,Tema Central Market,Tema,Greater Accra,Ideal Milk,Beverages,15,Frimpong Gyasi,Male,Regular
ORD01550,23/04/2023,S004,P002,C0073,6,0,96.94,Tema Central Market,Tema,Greater Accra,Shito Pepper Sauce,Food,15.5,Akosua Tetteh,Female,Regular
ORD01551,02/05/2023,S006,P015,C0022,1,0.15,12.4,Cape Coast Retail,Cape Coast,Central,Ideal Milk,Beverages,15,Ama Quaye,Female,VIP
ORD01552,14/03/2024,S006,P010,C0047,7,0,91.05,Cape Coast Retail,Cape Coast,Central,African Black Soap,Personal Care,12,Yaa Asare,Female,New
ORD01553,04/12/2024,S005,P010,C0074,6,0,71.33,Tamale Superstore,Tamale,Northern,African Black Soap,Personal Care,12,Kojo Tetteh,Male,New
ORD01554,26/05/2024,S006,P015,C0068,2,0,32.38,Cape Coast Retail,Cape Coast,Central,Ideal Milk,Beverages,15,Yaw Acheampong,Male,Regular
ORD01555,02/06/2023,S003,P006,C0038,7,0.1,33.33,Takoradi Hub,Takoradi,Western,Plantain Chips,Snacks,5,Abena Appiah,Female,VIP
ORD01556,04/05/2024,S002,P002,C0148,7,0.05,100.16,Kumasi City Mart,Kumasi,Ashanti,Shito Pepper Sauce,Food,15.5,Yaw Danquah,Male,VIP
ORD01557,27/11/2023,S003,P003,C0197,7,0.05,796.32,Takoradi Hub,Takoradi,Western,Kente Print Shirt,Apparel,120,Akosua Owusu,Female,Regular
ORD01558,10/03/2024,S008,P012,C0106,10,0.05,166,Sunyani Grocers,Sunyani,Bono,Cassava Dough,Food,18,Abena Osei,Female,Regular
ORD01559,31/10/2024,S004,P007,C0108,9,0.1,292.24,Tema Central Market,Tema,Greater Accra,Alomo Bitters,Beverages,35,Kwasi Asare,Male,VIP
ORD01560,19/05/2024,S004,P007,C0022,10,0.1,324.15,Tema Central Market,Tema,Greater Accra,Alomo Bitters,Beverages,35,Ama Quaye,Female,VIP
ORD01561,11/12/2024,S004,P012,C0023,4,0.05,65.01,Tema Central Market,Tema,Greater Accra,Cassava Dough,Food,18,Ama Acheampong,Female,VIP
ORD01562,18/01/2023,S006,P009,C0122,3,0,57.54,Cape Coast Retail,Cape Coast,Central,Shea Butter Lotion,Personal Care,20,Yaa Frimpong,Female,VIP
ORD01563,24/12/2023,S006,P014,C0200,3,0.05,11.62,Cape Coast Retail,Cape Coast,Central,Voltic Water (1L),Beverages,4,Yaw Addy,Male,Regular
ORD01564,18/07/2024,S007,P004,C0054,4,0,191.17,Koforidua Mart,Koforidua,Eastern,Milo Cocoa Powder,Beverages,45,Kojo Danquah,Male,Regular
ORD01565,01/05/2023,S003,P007,C0188,1,0.1,31.68,Takoradi Hub,Takoradi,Western,Alomo Bitters,Beverages,35,Frimpong Asare,Male,Regular
ORD01566,19/12/2024,S002,P011,C0149,2,0.1,58.08,Kumasi City Mart,Kumasi,Ashanti,Palm Oil (1L),Food,30,Frimpong Tetteh,Male,Regular
ORD01567,11/06/2023,S001,P003,C0094,3,0,355.23,Accra Mall SuperMart,Accra,Greater Accra,Kente Print Shirt,Apparel,120,Kwame Adomako,Male,New
ORD01568,13/01/2023,S007,P003,C0196,3,0.1,343.94,Koforidua Mart,Koforidua,Eastern,Kente Print Shirt,Apparel,120,Abena Addy,Female,VIP
ORD01569,24/06/2024,S005,P008,C0106,6,0.1,46.1,Tamale Superstore,Tamale,Northern,FanMilk Yoghurt,Beverages,8,Abena Osei,Female,Regular
ORD01570,12/12/2024,S001,P005,C0029,3,0,32.47,Accra Mall SuperMart,Accra,Greater Accra,Gari (1kg),Food,10,Ama Addy,Female,Regular
ORD01571,02/02/2023,S003,P009,C0042,1,0.1,19.35,Takoradi Hub,Takoradi,Western,Shea Butter Lotion,Personal Care,20,Abena Addy,Female,Regular
ORD01572,27/11/2024,S008,P009,C0183,5,0.15,87.15,Sunyani Grocers,Sunyani,Bono,Shea Butter Lotion,Personal Care,20,Ama Boateng,Female,New
ORD01573,27/12/2024,S004,P007,C0041,5,0,179.94,Tema Central Market,Tema,Greater Accra,Alomo Bitters,Beverages,35,Esi Boateng,Female,Regular
ORD01574,09/05/2023,S004,P007,C0159,1,0,35.31,Tema Central Market,Tema,Greater Accra,Alomo Bitters,Beverages,35,Kwame Boakye,Male,New
ORD01575,26/07/2024,S002,P014,C0178,8,0.1,28.71,Kumasi City Mart,Kumasi,Ashanti,Voltic Water (1L),Beverages,4,Afia Acheampong,Female,Regular
ORD01576,19/10/2024,S007,P014,C0098,3,0,12.85,Koforidua Mart,Koforidua,Eastern,Voltic Water (1L),Beverages,4,Ama Quaye,Female,Regular
ORD01577,24/10/2024,S007,P004,C0070,2,0,86.55,Koforidua Mart,Koforidua,Eastern,Milo Cocoa Powder,Beverages,45,Appiah Boakye,Male,VIP
ORD01578,09/09/2024,S006,P001,C0062,5,0,128.9,Cape Coast Retail,Cape Coast,Central,Ghana Jollof Mix,Food,25,Mensah Osei,Male,New
ORD01579,08/03/2023,S004,P010,C0003,5,0,61.97,Tema Central Market,Tema,Greater Accra,African Black Soap,Personal Care,12,Abena Appiah,Female,New
ORD01580,15/10/2024,S001,P004,C0069,2,0.15,79.16,Accra Mall SuperMart,Accra,Greater Accra,Milo Cocoa Powder,Beverages,45,Kojo Quaye,Male,Regular
ORD01581,31/07/2024,S008,P001,C0013,6,0,163.73,Sunyani Grocers,Sunyani,Bono,Ghana Jollof Mix,Food,25,Osei Addy,Male,Regular
ORD01582,09/01/2023,S006,P013,C0073,7,0.15,349.59,Cape Coast Retail,Cape Coast,Central,Club Beer (6-pack),Beverages,60,Akosua Tetteh,Female,Regular
ORD01583,05/02/2024,S006,P003,C0180,2,0.05,230.53,Cape Coast Retail,Cape Coast,Central,Kente Print Shirt,Apparel,120,Yaw Boateng,Male,Regular
ORD01584,30/05/2024,S002,P009,C0199,3,0,62.28,Kumasi City Mart,Kumasi,Ashanti,Shea Butter Lotion,Personal Care,20,Abena Asare,Female,VIP
ORD01585,27/01/2024,S008,P010,C0010,5,0,58.36,Sunyani Grocers,Sunyani,Bono,African Black Soap,Personal Care,12,Mensah Boakye,Male,New
ORD01586,19/04/2024,S002,P015,C0161,2,0,32.48,Kumasi City Mart,Kumasi,Ashanti,Ideal Milk,Beverages,15,Ama Quaye,Female,Regular
ORD01587,28/11/2024,S003,P013,C0184,3,0.15,157.2,Takoradi Hub,Takoradi,Western,Club Beer (6-pack),Beverages,60,Frimpong Addy,Male,VIP
ORD01588,15/09/2024,S006,P008,C0034,6,0.05,45.78,Cape Coast Retail,Cape Coast,Central,FanMilk Yoghurt,Beverages,8,Esi Owusu,Female,New
ORD01589,17/03/2024,S001,P015,C0183,7,0,103.04,Accra Mall SuperMart,Accra,Greater Accra,Ideal Milk,Beverages,15,Ama Boateng,Female,New
ORD01590,17/09/2024,S002,P003,C0146,8,0,1027.88,Kumasi City Mart,Kumasi,Ashanti,Kente Print Shirt,Apparel,120,Abena Owusu,Female,VIP
ORD01591,27/05/2023,S005,P009,C0023,8,0,162.92,Tamale Superstore,Tamale,Northern,Shea Butter Lotion,Personal Care,20,Ama Acheampong,Female,VIP
ORD01592,23/06/2023,S005,P003,C0018,5,0.15,512.29,Tamale Superstore,Tamale,Northern,Kente Print Shirt,Apparel,120,Ama Asare,Female,Regular
ORD01593,02/04/2023,S002,P003,C0182,8,0.05,1001.3,Kumasi City Mart,Kumasi,Ashanti,Kente Print Shirt,Apparel,120,Esi Frimpong,Female,New
ORD01594,20/09/2023,S008,P011,C0036,2,0.15,52.19,Sunyani Grocers,Sunyani,Bono,Palm Oil (1L),Food,30,Ama Adomako,Female,New
ORD01595,08/01/2024,S005,P007,C0105,10,0,355.64,Tamale Superstore,Tamale,Northern,Alomo Bitters,Beverages,35,Osei Danquah,Male,VIP
ORD01596,08/06/2024,S006,P006,C0022,7,0.15,30.27,Cape Coast Retail,Cape Coast,Central,Plantain Chips,Snacks,5,Ama Quaye,Female,VIP
ORD01597,29/11/2024,S001,P010,C0165,1,0,12.66,Accra Mall SuperMart,Accra,Greater Accra,African Black Soap,Personal Care,12,Abena Gyasi,Female,VIP
ORD01598,28/07/2024,S001,P003,C0027,5,0.1,525.81,Accra Mall SuperMart,Accra,Greater Accra,Kente Print Shirt,Apparel,120,Ama Mensah,Female,New
ORD01599,13/02/2024,S002,P004,C0100,8,0,360.84,Kumasi City Mart,Kumasi,Ashanti,Milo Cocoa Powder,Beverages,45,Kojo Frimpong,Male,VIP
ORD01600,24/04/2024,S008,P002,C0022,3,0,50.57,Sunyani Grocers,Sunyani,Bono,Shito Pepper Sauce,Food,15.5,Ama Quaye,Female,VIP
ORD01601,11/02/2024,S007,P004,C0103,6,0,269.35,Koforidua Mart,Koforidua,Eastern,Milo Cocoa Powder,Beverages,45,Frimpong Quaye,Male,New
ORD01602,10/09/2024,S008,P004,C0180,8,0,357.03,Sunyani Grocers,Sunyani,Bono,Milo Cocoa Powder,Beverages,45,Yaw Boateng,Male,Regular
ORD01603,09/02/2023,S003,P008,C0038,4,0.05,31.47,Takoradi Hub,Takoradi,Western,FanMilk Yoghurt,Beverages,8,Abena Appiah,Female,VIP
ORD01604,07/09/2024,S007,P001,C0093,7,0.1,154.67,Koforidua Mart,Koforidua,Eastern,Ghana Jollof Mix,Food,25,Abena Osei,Female,VIP
ORD01605,05/08/2023,S001,P013,C0176,7,0.05,394.14,Accra Mall SuperMart,Accra,Greater Accra,Club Beer (6-pack),Beverages,60,Frimpong Gyasi,Male,Regular
ORD01606,30/06/2023,S002,P003,C0018,5,0.1,519.62,Kumasi City Mart,Kumasi,Ashanti,Kente Print Shirt,Apparel,120,Ama Asare,Female,Regular
ORD01607,30/12/2024,S008,P014,C0108,9,0,37.82,Sunyani Grocers,Sunyani,Bono,Voltic Water (1L),Beverages,4,Kwasi Asare,Male,VIP
ORD01608,23/09/2023,S003,P014,C0014,2,0.1,7.21,Takoradi Hub,Takoradi,Western,Voltic Water (1L),Beverages,4,Osei Tetteh,Male,Regular
ORD01609,01/11/2023,S003,P004,C0090,7,0.1,289.55,Takoradi Hub,Takoradi,Western,Milo Cocoa Powder,Beverages,45,Kwasi Boakye,Male,New
ORD01610,06/12/2024,S003,P012,C0112,6,0.15,92.57,Takoradi Hub,Takoradi,Western,Cassava Dough,Food,18,Mensah Boateng,Male,Regular
ORD01611,11/01/2023,S004,P002,C0186,10,0.15,128.02,Tema Central Market,Tema,Greater Accra,Shito Pepper Sauce,Food,15.5,Frimpong Quaye,Male,Regular
ORD01612,11/11/2024,S006,P001,C0039,8,0,204.98,Cape Coast Retail,Cape Coast,Central,Ghana Jollof Mix,Food,25,Kwasi Owusu,Male,New
ORD01613,21/11/2023,S002,P013,C0173,7,0.05,410.21,Kumasi City Mart,Kumasi,Ashanti,Club Beer (6-pack),Beverages,60,Mensah Danquah,Male,New
ORD01614,04/01/2023,S008,P014,C0033,8,0.15,26.24,Sunyani Grocers,Sunyani,Bono,Voltic Water (1L),Beverages,4,Akosua Boateng,Female,Regular
ORD01615,12/08/2023,S004,P007,C0179,9,0,327.64,Tema Central Market,Tema,Greater Accra,Alomo Bitters,Beverages,35,Kwasi Appiah,Male,Regular
ORD01616,10/08/2023,S006,P004,C0049,10,0,452.49,Cape Coast Retail,Cape Coast,Central,Milo Cocoa Powder,Beverages,45,Kofi Frimpong,Male,New
ORD01617,08/01/2024,S001,P005,C0079,9,0,94.94,Accra Mall SuperMart,Accra,Greater Accra,Gari (1kg),Food,10,Abena Mensah,Female,Regular
ORD01618,26/10/2024,S008,P007,C0106,6,0.05,214.31,Sunyani Grocers,Sunyani,Bono,Alomo Bitters,Beverages,35,Abena Osei,Female,Regular
ORD01619,12/03/2024,S006,P002,C0046,8,0.1,112.27,Cape Coast Retail,Cape Coast,Central,Shito Pepper Sauce,Food,15.5,Akosua Frimpong,Female,New
ORD01620,20/07/2024,S003,P009,C0112,7,0.05,143.21,Takoradi Hub,Takoradi,Western,Shea Butter Lotion,Personal Care,20,Mensah Boateng,Male,Regular
ORD01621,06/12/2024,S007,P011,C0073,10,0,329.79,Koforidua Mart,Koforidua,Eastern,Palm Oil (1L),Food,30,Akosua Tetteh,Female,Regular
ORD01622,17/04/2023,S002,P011,C0005,10,0.1,260.7,Kumasi City Mart,Kumasi,Ashanti,Palm Oil (1L),Food,30,Frimpong Acheampong,Male,Regular
ORD01623,30/09/2024,S002,P011,C0114,9,0.15,245.77,Kumasi City Mart,Kumasi,Ashanti,Palm Oil (1L),Food,30,Kojo Danquah,Male,Regular
ORD01624,14/11/2024,S005,P014,C0108,4,0,17.06,Tamale Superstore,Tamale,Northern,Voltic Water (1L),Beverages,4,Kwasi Asare,Male,VIP
ORD01625,18/07/2024,S007,P002,C0051,8,0,124.32,Koforidua Mart,Koforidua,Eastern,Shito Pepper Sauce,Food,15.5,Mensah Adomako,Male,VIP
ORD01626,20/04/2024,S007,P015,C0166,7,0,114.55,Koforidua Mart,Koforidua,Eastern,Ideal Milk,Beverages,15,Abena Boakye,Female,New
ORD01627,18/08/2023,S005,P005,C0169,5,0.05,51.1,Tamale Superstore,Tamale,Northern,Gari (1kg),Food,10,Ama Boakye,Female,VIP
ORD01628,29/02/2024,S004,P001,C0107,1,0,23.85,Tema Central Market,Tema,Greater Accra,Ghana Jollof Mix,Food,25,Esi Asare,Female,VIP
ORD01629,19/01/2024,S006,P006,C0044,10,0.1,44.38,Cape Coast Retail,Cape Coast,Central,Plantain Chips,Snacks,5,Yaw Osei,Male,Regular
ORD01630,05/02/2024,S004,P010,C0165,7,0,89.9,Tema Central Market,Tema,Greater Accra,African Black Soap,Personal Care,12,Abena Gyasi,Female,VIP
ORD01631,14/08/2024,S007,P003,C0163,7,0,848.79,Koforidua Mart,Koforidua,Eastern,Kente Print Shirt,Apparel,120,Mensah Acheampong,Male,Regular
ORD01632,22/11/2023,S003,P007,C0060,2,0,71.79,Takoradi Hub,Takoradi,Western,Alomo Bitters,Beverages,35,Kojo Owusu,Male,New
ORD01633,08/10/2024,S007,P014,C0196,5,0.15,16.56,Koforidua Mart,Koforidua,Eastern,Voltic Water (1L),Beverages,4,Abena Addy,Female,VIP
ORD01634,27/11/2023,S004,P002,C0024,1,0.1,13.28,Tema Central Market,Tema,Greater Accra,Shito Pepper Sauce,Food,15.5,Appiah Boakye,Male,New
ORD01635,30/08/2024,S003,P001,C0159,9,0,233.05,Takoradi Hub,Takoradi,Western,Ghana Jollof Mix,Food,25,Kwame Boakye,Male,New
ORD01636,26/01/2023,S003,P008,C0163,6,0,47.33,Takoradi Hub,Takoradi,Western,FanMilk Yoghurt,Beverages,8,Mensah Acheampong,Male,Regular
ORD01637,16/08/2023,S005,P004,C0138,4,0.1,172.62,Tamale Superstore,Tamale,Northern,Milo Cocoa Powder,Beverages,45,Esi Addy,Female,Regular
ORD01638,06/11/2024,S001,P005,C0022,3,0,31.37,Accra Mall SuperMart,Accra,Greater Accra,Gari (1kg),Food,10,Ama Quaye,Female,VIP
ORD01639,16/08/2024,S002,P002,C0118,10,0,149.74,Kumasi City Mart,Kumasi,Ashanti,Shito Pepper Sauce,Food,15.5,Ama Mensah,Female,New
ORD01640,17/10/2023,S005,P015,C0047,2,0,30.72,Tamale Superstore,Tamale,Northern,Ideal Milk,Beverages,15,Yaa Asare,Female,New
ORD01641,06/01/2024,S004,P007,C0026,8,0,283.38,Tema Central Market,Tema,Greater Accra,Alomo Bitters,Beverages,35,Afia Frimpong,Female,New
ORD01642,13/05/2024,S002,P004,C0176,7,0.1,307.16,Kumasi City Mart,Kumasi,Ashanti,Milo Cocoa Powder,Beverages,45,Frimpong Gyasi,Male,Regular
ORD01643,10/10/2024,S008,P013,C0042,3,0.05,162.71,Sunyani Grocers,Sunyani,Bono,Club Beer (6-pack),Beverages,60,Abena Addy,Female,Regular
ORD01644,02/07/2023,S001,P002,C0088,6,0.1,92.01,Accra Mall SuperMart,Accra,Greater Accra,Shito Pepper Sauce,Food,15.5,Osei Gyasi,Male,New
ORD01645,06/09/2024,S001,P003,C0134,5,0,587.36,Accra Mall SuperMart,Accra,Greater Accra,Kente Print Shirt,Apparel,120,Kojo Quaye,Male,New
ORD01646,31/01/2023,S001,P009,C0132,3,0,64.8,Accra Mall SuperMart,Accra,Greater Accra,Shea Butter Lotion,Personal Care,20,Mensah Boateng,Male,Regular
ORD01647,28/04/2023,S004,P001,C0084,3,0,72.19,Tema Central Market,Tema,Greater Accra,Ghana Jollof Mix,Food,25,Esi Danquah,Female,New
ORD01648,09/12/2024,S003,P005,C0071,8,0,87.44,Takoradi Hub,Takoradi,Western,Gari (1kg),Food,10,Appiah Boakye,Male,New
ORD01649,23/12/2023,S005,P008,C0191,8,0.1,59.15,Tamale Superstore,Tamale,Northern,FanMilk Yoghurt,Beverages,8,Osei Boakye,Male,New
ORD01650,14/02/2024,S004,P005,C0045,4,0.05,41.58,Tema Central Market,Tema,Greater Accra,Gari (1kg),Food,10,Frimpong Adomako,Male,New
ORD01651,16/04/2023,S005,P003,C0053,8,0.1,935.22,Tamale Superstore,Tamale,Northern,Kente Print Shirt,Apparel,120,Akosua Frimpong,Female,Regular
ORD01652,09/03/2024,S005,P014,C0082,10,0,41.64,Tamale Superstore,Tamale,Northern,Voltic Water (1L),Beverages,4,Appiah Osei,Male,New
ORD01653,15/03/2024,S004,P010,C0091,6,0,73.25,Tema Central Market,Tema,Greater Accra,African Black Soap,Personal Care,12,Akosua Danquah,Female,New
ORD01654,04/02/2023,S005,P010,C0105,5,0.15,54.77,Tamale Superstore,Tamale,Northern,African Black Soap,Personal Care,12,Osei Danquah,Male,VIP
ORD01655,22/10/2024,S006,P007,C0008,2,0,74.99,Cape Coast Retail,Cape Coast,Central,Alomo Bitters,Beverages,35,Abena Acheampong,Female,New
ORD01656,15/03/2024,S003,P006,C0063,2,0,10.49,Takoradi Hub,Takoradi,Western,Plantain Chips,Snacks,5,Frimpong Acheampong,Male,VIP
ORD01657,16/01/2024,S003,P013,C0081,2,0,119.73,Takoradi Hub,Takoradi,Western,Club Beer (6-pack),Beverages,60,Ama Gyasi,Female,VIP
ORD01658,12/01/2023,S006,P004,C0120,10,0.05,463.76,Cape Coast Retail,Cape Coast,Central,Milo Cocoa Powder,Beverages,45,Ama Quaye,Female,Regular
ORD01659,29/07/2024,S002,P007,C0073,10,0,360.18,Kumasi City Mart,Kumasi,Ashanti,Alomo Bitters,Beverages,35,Akosua Tetteh,Female,Regular
ORD01660,16/04/2023,S005,P012,C0156,2,0.15,33.17,Tamale Superstore,Tamale,Northern,Cassava Dough,Food,18,Yaa Addy,Female,New
ORD01661,07/03/2024,S007,P006,C0082,4,0,19.15,Koforidua Mart,Koforidua,Eastern,Plantain Chips,Snacks,5,Appiah Osei,Male,New
ORD01662,20/05/2024,S008,P001,C0071,7,0,169.51,Sunyani Grocers,Sunyani,Bono,Ghana Jollof Mix,Food,25,Appiah Boakye,Male,New
ORD01663,25/06/2023,S006,P010,C0099,4,0.15,38.89,Cape Coast Retail,Cape Coast,Central,African Black Soap,Personal Care,12,Appiah Boateng,Male,Regular
ORD01664,19/01/2023,S001,P015,C0119,5,0,80.72,Accra Mall SuperMart,Accra,Greater Accra,Ideal Milk,Beverages,15,Kojo Addy,Male,Regular
ORD01665,17/02/2024,S001,P015,C0137,9,0,135.08,Accra Mall SuperMart,Accra,Greater Accra,Ideal Milk,Beverages,15,Ama Adomako,Female,Regular
ORD01666,17/01/2023,S002,P008,C0025,7,0.05,52.73,Kumasi City Mart,Kumasi,Ashanti,FanMilk Yoghurt,Beverages,8,Frimpong Addy,Male,VIP
ORD01667,21/12/2023,S007,P002,C0143,6,0.1,87.2,Koforidua Mart,Koforidua,Eastern,Shito Pepper Sauce,Food,15.5,Afia Acheampong,Female,VIP
ORD01668,07/02/2024,S005,P012,C0117,8,0,155.01,Tamale Superstore,Tamale,Northern,Cassava Dough,Food,18,Yaa Tetteh,Female,New
ORD01669,24/09/2024,S002,P001,C0058,1,0,24.27,Kumasi City Mart,Kumasi,Ashanti,Ghana Jollof Mix,Food,25,Afia Osei,Female,VIP
ORD01670,27/11/2023,S007,P004,C0044,2,0,95.28,Koforidua Mart,Koforidua,Eastern,Milo Cocoa Powder,Beverages,45,Yaw Osei,Male,Regular
ORD01671,13/01/2024,S001,P015,C0177,1,0.05,15.43,Accra Mall SuperMart,Accra,Greater Accra,Ideal Milk,Beverages,15,Kojo Mensah,Male,VIP
ORD01672,14/02/2023,S002,P001,C0078,2,0.05,47.47,Kumasi City Mart,Kumasi,Ashanti,Ghana Jollof Mix,Food,25,Frimpong Addy,Male,VIP
ORD01673,19/09/2024,S007,P005,C0179,3,0,31.13,Koforidua Mart,Koforidua,Eastern,Gari (1kg),Food,10,Kwasi Appiah,Male,Regular
ORD01674,03/05/2023,S003,P006,C0038,10,0.1,47.05,Takoradi Hub,Takoradi,Western,Plantain Chips,Snacks,5,Abena Appiah,Female,VIP
ORD01675,15/11/2024,S002,P009,C0136,4,0.15,69.47,Kumasi City Mart,Kumasi,Ashanti,Shea Butter Lotion,Personal Care,20,Ama Addy,Female,Regular
ORD01676,16/05/2024,S005,P006,C0198,8,0,38.55,Tamale Superstore,Tamale,Northern,Plantain Chips,Snacks,5,Abena Mensah,Female,New
ORD01677,31/10/2023,S002,P006,C0143,4,0,21.08,Kumasi City Mart,Kumasi,Ashanti,Plantain Chips,Snacks,5,Afia Acheampong,Female,VIP
ORD01678,18/03/2023,S008,P001,C0055,1,0,25.51,Sunyani Grocers,Sunyani,Bono,Ghana Jollof Mix,Food,25,Osei Mensah,Male,Regular
ORD01679,30/01/2024,S004,P008,C0027,6,0,51.46,Tema Central Market,Tema,Greater Accra,FanMilk Yoghurt,Beverages,8,Ama Mensah,Female,New
ORD01680,24/06/2024,S006,P013,C0080,8,0,517.04,Cape Coast Retail,Cape Coast,Central,Club Beer (6-pack),Beverages,60,Frimpong Adomako,Male,Regular
ORD01681,19/04/2023,S003,P004,C0094,7,0.1,306.23,Takoradi Hub,Takoradi,Western,Milo Cocoa Powder,Beverages,45,Kwame Adomako,Male,New
ORD01682,09/06/2024,S004,P013,C0103,4,0,238,Tema Central Market,Tema,Greater Accra,Club Beer (6-pack),Beverages,60,Frimpong Quaye,Male,New
ORD01683,18/06/2023,S005,P014,C0148,2,0,8.15,Tamale Superstore,Tamale,Northern,Voltic Water (1L),Beverages,4,Yaw Danquah,Male,VIP
ORD01684,20/04/2023,S002,P004,C0005,8,0,356.4,Kumasi City Mart,Kumasi,Ashanti,Milo Cocoa Powder,Beverages,45,Frimpong Acheampong,Male,Regular
ORD01685,02/05/2024,S008,P006,C0068,2,0.15,8.18,Sunyani Grocers,Sunyani,Bono,Plantain Chips,Snacks,5,Yaw Acheampong,Male,Regular
ORD01686,17/03/2024,S004,P003,C0102,9,0.1,997.46,Tema Central Market,Tema,Greater Accra,Kente Print Shirt,Apparel,120,Kojo Appiah,Male,New
ORD01687,24/02/2023,S008,P005,C0095,2,0,20.95,Sunyani Grocers,Sunyani,Bono,Gari (1kg),Food,10,Abena Adomako,Female,Regular
ORD01688,08/03/2024,S004,P005,C0049,7,0,72.74,Tema Central Market,Tema,Greater Accra,Gari (1kg),Food,10,Kofi Frimpong,Male,New
ORD01689,26/06/2024,S008,P009,C0111,2,0,41.88,Sunyani Grocers,Sunyani,Bono,Shea Butter Lotion,Personal Care,20,Ama Mensah,Female,VIP
ORD01690,24/04/2023,S004,P002,C0014,1,0.15,13.04,Tema Central Market,Tema,Greater Accra,Shito Pepper Sauce,Food,15.5,Osei Tetteh,Male,Regular
ORD01691,09/03/2023,S002,P005,C0058,10,0.1,90.79,Kumasi City Mart,Kumasi,Ashanti,Gari (1kg),Food,10,Afia Osei,Female,VIP
ORD01692,14/04/2023,S004,P012,C0178,5,0.1,79.45,Tema Central Market,Tema,Greater Accra,Cassava Dough,Food,18,Afia Acheampong,Female,Regular
ORD01693,28/07/2023,S006,P011,C0074,10,0.05,302.12,Cape Coast Retail,Cape Coast,Central,Palm Oil (1L),Food,30,Kojo Tetteh,Male,New
ORD01694,07/04/2023,S003,P009,C0180,10,0.1,190.96,Takoradi Hub,Takoradi,Western,Shea Butter Lotion,Personal Care,20,Yaw Boateng,Male,Regular
ORD01695,05/12/2024,S004,P003,C0081,2,0,234.74,Tema Central Market,Tema,Greater Accra,Kente Print Shirt,Apparel,120,Ama Gyasi,Female,VIP
ORD01696,11/04/2024,S003,P001,C0171,8,0.1,180.02,Takoradi Hub,Takoradi,Western,Ghana Jollof Mix,Food,25,Kwame Boateng,Male,Regular
ORD01697,01/07/2023,S005,P015,C0020,3,0,46.76,Tamale Superstore,Tamale,Northern,Ideal Milk,Beverages,15,Afia Owusu,Female,Regular
ORD01698,30/04/2024,S001,P008,C0064,8,0,61.23,Accra Mall SuperMart,Accra,Greater Accra,FanMilk Yoghurt,Beverages,8,Osei Boakye,Male,VIP
ORD01699,18/01/2023,S005,P014,C0059,9,0.15,29.84,Tamale Superstore,Tamale,Northern,Voltic Water (1L),Beverages,4,Kwasi Adomako,Male,VIP
ORD01700,31/05/2023,S002,P002,C0078,6,0.1,85.68,Kumasi City Mart,Kumasi,Ashanti,Shito Pepper Sauce,Food,15.5,Frimpong Addy,Male,VIP
ORD01701,26/12/2023,S005,P011,C0125,5,0.05,145.18,Tamale Superstore,Tamale,Northern,Palm Oil (1L),Food,30,Yaw Quaye,Male,VIP
ORD01702,28/12/2023,S005,P012,C0086,9,0.15,140.82,Tamale Superstore,Tamale,Northern,Cassava Dough,Food,18,Appiah Adomako,Male,VIP
ORD01703,04/10/2023,S001,P003,C0106,4,0,481.72,Accra Mall SuperMart,Accra,Greater Accra,Kente Print Shirt,Apparel,120,Abena Osei,Female,Regular
ORD01704,01/02/2023,S004,P010,C0190,7,0.05,78.28,Tema Central Market,Tema,Greater Accra,African Black Soap,Personal Care,12,Osei Quaye,Male,VIP
ORD01705,02/04/2023,S004,P015,C0097,2,0.05,30.82,Tema Central Market,Tema,Greater Accra,Ideal Milk,Beverages,15,Esi Mensah,Female,Regular
ORD01706,26/11/2024,S008,P015,C0135,3,0.05,46.45,Sunyani Grocers,Sunyani,Bono,Ideal Milk,Beverages,15,Kofi Mensah,Male,New
ORD01707,24/12/2023,S006,P007,C0151,7,0.05,231.91,Cape Coast Retail,Cape Coast,Central,Alomo Bitters,Beverages,35,Afia Osei,Female,Regular
ORD01708,12/02/2023,S006,P014,C0157,2,0.1,7.7,Cape Coast Retail,Cape Coast,Central,Voltic Water (1L),Beverages,4,Mensah Owusu,Male,New
ORD01709,03/08/2024,S006,P005,C0029,1,0.1,9.8,Cape Coast Retail,Cape Coast,Central,Gari (1kg),Food,10,Ama Addy,Female,Regular
ORD01710,31/05/2023,S008,P011,C0039,9,0.05,267.68,Sunyani Grocers,Sunyani,Bono,Palm Oil (1L),Food,30,Kwasi Owusu,Male,New
ORD01711,11/11/2024,S003,P005,C0125,5,0,53.5,Takoradi Hub,Takoradi,Western,Gari (1kg),Food,10,Yaw Quaye,Male,VIP
ORD01712,16/01/2023,S008,P001,C0056,5,0.15,102.9,Sunyani Grocers,Sunyani,Bono,Ghana Jollof Mix,Food,25,Kofi Boakye,Male,Regular
ORD01713,15/05/2024,S005,P001,C0111,6,0,143.62,Tamale Superstore,Tamale,Northern,Ghana Jollof Mix,Food,25,Ama Mensah,Female,VIP
ORD01714,22/05/2023,S006,P015,C0073,9,0.15,111.68,Cape Coast Retail,Cape Coast,Central,Ideal Milk,Beverages,15,Akosua Tetteh,Female,Regular
ORD01715,30/03/2023,S005,P003,C0188,4,0.1,448.32,Tamale Superstore,Tamale,Northern,Kente Print Shirt,Apparel,120,Frimpong Asare,Male,Regular
ORD01716,24/03/2023,S005,P004,C0009,8,0.05,337.66,Tamale Superstore,Tamale,Northern,Milo Cocoa Powder,Beverages,45,Kwame Acheampong,Male,Regular
ORD01717,25/11/2024,S007,P007,C0103,2,0.05,72.35,Koforidua Mart,Koforidua,Eastern,Alomo Bitters,Beverages,35,Frimpong Quaye,Male,New
ORD01718,03/09/2024,S005,P003,C0145,7,0.05,854.38,Tamale Superstore,Tamale,Northern,Kente Print Shirt,Apparel,120,Esi Gyasi,Female,VIP
ORD01719,23/05/2023,S004,P005,C0035,7,0.15,58.31,Tema Central Market,Tema,Greater Accra,Gari (1kg),Food,10,Frimpong Boakye,Male,New
ORD01720,09/11/2023,S002,P005,C0146,8,0.15,66.47,Kumasi City Mart,Kumasi,Ashanti,Gari (1kg),Food,10,Abena Owusu,Female,VIP
ORD01721,23/03/2024,S002,P003,C0135,8,0.05,935.32,Kumasi City Mart,Kumasi,Ashanti,Kente Print Shirt,Apparel,120,Kofi Mensah,Male,New
ORD01722,02/12/2024,S006,P008,C0091,7,0.1,51.06,Cape Coast Retail,Cape Coast,Central,FanMilk Yoghurt,Beverages,8,Akosua Danquah,Female,New
ORD01723,25/02/2024,S008,P001,C0144,1,0.1,21.67,Sunyani Grocers,Sunyani,Bono,Ghana Jollof Mix,Food,25,Frimpong Owusu,Male,Regular
ORD01724,24/05/2023,S005,P013,C0063,10,0.15,513.04,Tamale Superstore,Tamale,Northern,Club Beer (6-pack),Beverages,60,Frimpong Acheampong,Male,VIP
ORD01725,27/09/2024,S005,P001,C0194,7,0,176.83,Tamale Superstore,Tamale,Northern,Ghana Jollof Mix,Food,25,Ama Asare,Female,Regular
ORD01726,07/01/2023,S008,P013,C0196,9,0.1,522.88,Sunyani Grocers,Sunyani,Bono,Club Beer (6-pack),Beverages,60,Abena Addy,Female,VIP
ORD01727,28/03/2023,S001,P005,C0167,2,0.05,19.74,Accra Mall SuperMart,Accra,Greater Accra,Gari (1kg),Food,10,Appiah Owusu,Male,New
ORD01728,25/10/2023,S008,P012,C0085,1,0,19.1,Sunyani Grocers,Sunyani,Bono,Cassava Dough,Food,18,Kofi Owusu,Male,New
ORD01729,21/11/2024,S001,P012,C0053,9,0,167.56,Accra Mall SuperMart,Accra,Greater Accra,Cassava Dough,Food,18,Akosua Frimpong,Female,Regular
ORD01730,22/05/2024,S003,P004,C0173,3,0.05,133.92,Takoradi Hub,Takoradi,Western,Milo Cocoa Powder,Beverages,45,Mensah Danquah,Male,New
ORD01731,07/01/2023,S008,P010,C0177,4,0,46.08,Sunyani Grocers,Sunyani,Bono,African Black Soap,Personal Care,12,Kojo Mensah,Male,VIP
ORD01732,06/06/2023,S002,P009,C0025,4,0,77.24,Kumasi City Mart,Kumasi,Ashanti,Shea Butter Lotion,Personal Care,20,Frimpong Addy,Male,VIP
ORD01733,26/01/2023,S008,P007,C0015,2,0.05,67.21,Sunyani Grocers,Sunyani,Bono,Alomo Bitters,Beverages,35,Mensah Asare,Male,VIP
ORD01734,08/07/2023,S004,P014,C0140,5,0.15,17.89,Tema Central Market,Tema,Greater Accra,Voltic Water (1L),Beverages,4,Abena Adomako,Female,New
ORD01735,04/11/2024,S002,P007,C0038,1,0,33.99,Kumasi City Mart,Kumasi,Ashanti,Alomo Bitters,Beverages,35,Abena Appiah,Female,VIP
ORD01736,04/11/2024,S004,P003,C0131,9,0,1103.14,Tema Central Market,Tema,Greater Accra,Kente Print Shirt,Apparel,120,Mensah Acheampong,Male,Regular
ORD01737,24/10/2023,S005,P011,C0026,10,0.1,271.38,Tamale Superstore,Tamale,Northern,Palm Oil (1L),Food,30,Afia Frimpong,Female,New
ORD01738,09/10/2023,S007,P007,C0179,2,0.1,63.79,Koforidua Mart,Koforidua,Eastern,Alomo Bitters,Beverages,35,Kwasi Appiah,Male,Regular
ORD01739,11/03/2024,S003,P001,C0073,8,0,206.93,Takoradi Hub,Takoradi,Western,Ghana Jollof Mix,Food,25,Akosua Tetteh,Female,Regular
ORD01740,12/01/2023,S005,P001,C0166,10,0.1,215.19,Tamale Superstore,Tamale,Northern,Ghana Jollof Mix,Food,25,Abena Boakye,Female,New
ORD01741,30/12/2023,S003,P008,C0186,8,0.05,57.84,Takoradi Hub,Takoradi,Western,FanMilk Yoghurt,Beverages,8,Frimpong Quaye,Male,Regular
ORD01742,12/06/2023,S006,P009,C0129,4,0.05,82.49,Cape Coast Retail,Cape Coast,Central,Shea Butter Lotion,Personal Care,20,Kofi Frimpong,Male,VIP
ORD01743,21/06/2024,S007,P009,C0017,3,0,60.17,Koforidua Mart,Koforidua,Eastern,Shea Butter Lotion,Personal Care,20,Osei Boateng,Male,Regular
ORD01744,30/07/2024,S006,P008,C0184,3,0.05,24.34,Cape Coast Retail,Cape Coast,Central,FanMilk Yoghurt,Beverages,8,Frimpong Addy,Male,VIP
ORD01745,05/11/2024,S005,P015,C0101,2,0.1,27.17,Tamale Superstore,Tamale,Northern,Ideal Milk,Beverages,15,Esi Danquah,Female,Regular
ORD01746,28/04/2024,S003,P010,C0182,9,0.15,90.78,Takoradi Hub,Takoradi,Western,African Black Soap,Personal Care,12,Esi Frimpong,Female,New
ORD01747,15/12/2024,S006,P010,C0149,6,0.15,63.81,Cape Coast Retail,Cape Coast,Central,African Black Soap,Personal Care,12,Frimpong Tetteh,Male,Regular
ORD01748,18/02/2024,S002,P001,C0008,3,0,72.34,Kumasi City Mart,Kumasi,Ashanti,Ghana Jollof Mix,Food,25,Abena Acheampong,Female,New
ORD01749,19/04/2023,S008,P015,C0174,8,0.05,121.29,Sunyani Grocers,Sunyani,Bono,Ideal Milk,Beverages,15,Mensah Asare,Male,New
ORD01750,31/08/2023,S002,P015,C0045,7,0.1,102.85,Kumasi City Mart,Kumasi,Ashanti,Ideal Milk,Beverages,15,Frimpong Adomako,Male,New
ORD01751,05/03/2023,S005,P002,C0010,2,0.1,29.7,Tamale Superstore,Tamale,Northern,Shito Pepper Sauce,Food,15.5,Mensah Boakye,Male,New
ORD01752,13/09/2024,S001,P015,C0045,6,0,94.93,Accra Mall SuperMart,Accra,Greater Accra,Ideal Milk,Beverages,15,Frimpong Adomako,Male,New
ORD01753,22/01/2024,S003,P011,C0147,9,0,264.43,Takoradi Hub,Takoradi,Western,Palm Oil (1L),Food,30,Kofi Boakye,Male,New
ORD01754,17/05/2024,S008,P011,C0074,4,0,127.36,Sunyani Grocers,Sunyani,Bono,Palm Oil (1L),Food,30,Kojo Tetteh,Male,New
ORD01755,20/03/2024,S004,P002,C0150,1,0,15.2,Tema Central Market,Tema,Greater Accra,Shito Pepper Sauce,Food,15.5,Kwame Danquah,Male,New
ORD01756,24/05/2023,S001,P006,C0199,7,0.15,30.7,Accra Mall SuperMart,Accra,Greater Accra,Plantain Chips,Snacks,5,Abena Asare,Female,VIP
ORD01757,15/03/2023,S006,P003,C0175,9,0.1,951.12,Cape Coast Retail,Cape Coast,Central,Kente Print Shirt,Apparel,120,Kwame Osei,Male,Regular
ORD01758,01/08/2023,S008,P009,C0091,6,0.15,110.67,Sunyani Grocers,Sunyani,Bono,Shea Butter Lotion,Personal Care,20,Akosua Danquah,Female,New
ORD01759,22/05/2023,S002,P008,C0110,7,0,57.98,Kumasi City Mart,Kumasi,Ashanti,FanMilk Yoghurt,Beverages,8,Esi Boakye,Female,New
ORD01760,11/05/2023,S005,P002,C0031,8,0,118.76,Tamale Superstore,Tamale,Northern,Shito Pepper Sauce,Food,15.5,Yaw Danquah,Male,New
ORD01761,07/07/2024,S006,P001,C0058,5,0.05,119.77,Cape Coast Retail,Cape Coast,Central,Ghana Jollof Mix,Food,25,Afia Osei,Female,VIP
ORD01762,02/01/2024,S002,P014,C0041,5,0,20.6,Kumasi City Mart,Kumasi,Ashanti,Voltic Water (1L),Beverages,4,Esi Boateng,Female,Regular
ORD01763,05/09/2023,S005,P007,C0159,1,0.15,31.38,Tamale Superstore,Tamale,Northern,Alomo Bitters,Beverages,35,Kwame Boakye,Male,New
ORD01764,24/04/2023,S008,P015,C0068,1,0,15.01,Sunyani Grocers,Sunyani,Bono,Ideal Milk,Beverages,15,Yaw Acheampong,Male,Regular
ORD01765,25/09/2023,S004,P006,C0196,1,0,4.9,Tema Central Market,Tema,Greater Accra,Plantain Chips,Snacks,5,Abena Addy,Female,VIP
ORD01766,04/12/2023,S001,P004,C0127,2,0.15,83.05,Accra Mall SuperMart,Accra,Greater Accra,Milo Cocoa Powder,Beverages,45,Mensah Tetteh,Male,New
ORD01767,20/12/2024,S001,P006,C0019,7,0.15,31.56,Accra Mall SuperMart,Accra,Greater Accra,Plantain Chips,Snacks,5,Akosua Addy,Female,VIP
ORD01768,24/03/2023,S008,P003,C0070,1,0,114.64,Sunyani Grocers,Sunyani,Bono,Kente Print Shirt,Apparel,120,Appiah Boakye,Male,VIP
ORD01769,03/06/2024,S004,P011,C0090,7,0.1,188.15,Tema Central Market,Tema,Greater Accra,Palm Oil (1L),Food,30,Kwasi Boakye,Male,New
ORD01770,22/08/2023,S001,P015,C0015,1,0,15.45,Accra Mall SuperMart,Accra,Greater Accra,Ideal Milk,Beverages,15,Mensah Asare,Male,VIP
ORD01771,24/01/2024,S001,P009,C0124,1,0.1,19.17,Accra Mall SuperMart,Accra,Greater Accra,Shea Butter Lotion,Personal Care,20,Kwasi Mensah,Male,VIP
ORD01772,13/12/2024,S003,P007,C0180,7,0.15,202.14,Takoradi Hub,Takoradi,Western,Alomo Bitters,Beverages,35,Yaw Boateng,Male,Regular
ORD01773,24/03/2024,S002,P015,C0158,6,0.05,83.71,Kumasi City Mart,Kumasi,Ashanti,Ideal Milk,Beverages,15,Osei Boakye,Male,New
ORD01774,23/03/2024,S001,P004,C0060,2,0.15,72.79,Accra Mall SuperMart,Accra,Greater Accra,Milo Cocoa Powder,Beverages,45,Kojo Owusu,Male,New
ORD01775,27/02/2024,S001,P013,C0004,4,0,230.76,Accra Mall SuperMart,Accra,Greater Accra,Club Beer (6-pack),Beverages,60,Ama Boakye,Female,New
ORD01776,10/05/2023,S008,P003,C0073,1,0.05,114.28,Sunyani Grocers,Sunyani,Bono,Kente Print Shirt,Apparel,120,Akosua Tetteh,Female,Regular
ORD01777,01/11/2024,S004,P005,C0034,10,0.1,91.96,Tema Central Market,Tema,Greater Accra,Gari (1kg),Food,10,Esi Owusu,Female,New
ORD01778,06/05/2023,S002,P002,C0065,9,0,142.88,Kumasi City Mart,Kumasi,Ashanti,Shito Pepper Sauce,Food,15.5,Ama Owusu,Female,VIP
ORD01779,01/01/2024,S004,P008,C0183,5,0.05,40.55,Tema Central Market,Tema,Greater Accra,FanMilk Yoghurt,Beverages,8,Ama Boateng,Female,New
ORD01780,27/10/2023,S004,P009,C0069,6,0.15,104.6,Tema Central Market,Tema,Greater Accra,Shea Butter Lotion,Personal Care,20,Kojo Quaye,Male,Regular
ORD01781,25/02/2023,S006,P015,C0106,10,0.1,133.92,Cape Coast Retail,Cape Coast,Central,Ideal Milk,Beverages,15,Abena Osei,Female,Regular
ORD01782,28/07/2023,S003,P014,C0134,4,0.05,16.13,Takoradi Hub,Takoradi,Western,Voltic Water (1L),Beverages,4,Kojo Quaye,Male,New
ORD01783,04/08/2023,S002,P006,C0186,3,0,16.45,Kumasi City Mart,Kumasi,Ashanti,Plantain Chips,Snacks,5,Frimpong Quaye,Male,Regular
ORD01784,16/12/2024,S008,P011,C0196,8,0,228.77,Sunyani Grocers,Sunyani,Bono,Palm Oil (1L),Food,30,Abena Addy,Female,VIP
ORD01785,04/02/2023,S005,P005,C0151,7,0.05,71.43,Tamale Superstore,Tamale,Northern,Gari (1kg),Food,10,Afia Osei,Female,Regular
ORD01786,28/03/2023,S001,P005,C0157,7,0.1,60.03,Accra Mall SuperMart,Accra,Greater Accra,Gari (1kg),Food,10,Mensah Owusu,Male,New
ORD01787,27/01/2024,S007,P008,C0012,4,0,32.22,Koforidua Mart,Koforidua,Eastern,FanMilk Yoghurt,Beverages,8,Yaa Adomako,Female,VIP
ORD01788,06/11/2024,S007,P009,C0014,5,0,103.12,Koforidua Mart,Koforidua,Eastern,Shea Butter Lotion,Personal Care,20,Osei Tetteh,Male,Regular
ORD01789,23/12/2023,S001,P015,C0156,6,0.05,91.62,Accra Mall SuperMart,Accra,Greater Accra,Ideal Milk,Beverages,15,Yaa Addy,Female,New
ORD01790,28/08/2024,S004,P013,C0008,6,0.15,310.62,Tema Central Market,Tema,Greater Accra,Club Beer (6-pack),Beverages,60,Abena Acheampong,Female,New
ORD01791,13/03/2024,S001,P013,C0028,9,0.1,531.14,Accra Mall SuperMart,Accra,Greater Accra,Club Beer (6-pack),Beverages,60,Abena Tetteh,Female,VIP
ORD01792,25/11/2024,S005,P014,C0137,8,0.1,29.83,Tamale Superstore,Tamale,Northern,Voltic Water (1L),Beverages,4,Ama Adomako,Female,Regular
ORD01793,04/08/2024,S005,P003,C0098,8,0,930.99,Tamale Superstore,Tamale,Northern,Kente Print Shirt,Apparel,120,Ama Quaye,Female,Regular
ORD01794,16/01/2023,S005,P013,C0175,5,0,329.95,Tamale Superstore,Tamale,Northern,Club Beer (6-pack),Beverages,60,Kwame Osei,Male,Regular
ORD01795,09/07/2024,S005,P006,C0147,7,0,36.48,Tamale Superstore,Tamale,Northern,Plantain Chips,Snacks,5,Kofi Boakye,Male,New
ORD01796,06/01/2024,S005,P011,C0065,10,0,290.59,Tamale Superstore,Tamale,Northern,Palm Oil (1L),Food,30,Ama Owusu,Female,VIP
ORD01797,05/08/2024,S006,P014,C0068,3,0.1,11.01,Cape Coast Retail,Cape Coast,Central,Voltic Water (1L),Beverages,4,Yaw Acheampong,Male,Regular
ORD01798,26/03/2024,S001,P008,C0010,6,0.1,45.17,Accra Mall SuperMart,Accra,Greater Accra,FanMilk Yoghurt,Beverages,8,Mensah Boakye,Male,New
ORD01799,23/07/2024,S004,P007,C0015,10,0,347.01,Tema Central Market,Tema,Greater Accra,Alomo Bitters,Beverages,35,Mensah Asare,Male,VIP
ORD01800,16/09/2024,S006,P002,C0113,3,0.05,47.04,Cape Coast Retail,Cape Coast,Central,Shito Pepper Sauce,Food,15.5,Abena Frimpong,Female,Regular
ORD01801,10/10/2023,S005,P014,C0127,3,0,12.53,Tamale Superstore,Tamale,Northern,Voltic Water (1L),Beverages,4,Mensah Tetteh,Male,New
ORD01802,31/05/2023,S001,P004,C0030,1,0,47.37,Accra Mall SuperMart,Accra,Greater Accra,Milo Cocoa Powder,Beverages,45,Appiah Osei,Male,VIP
ORD01803,26/03/2024,S006,P001,C0142,4,0,109.28,Cape Coast Retail,Cape Coast,Central,Ghana Jollof Mix,Food,25,Kwasi Boakye,Male,New
ORD01804,23/09/2023,S005,P001,C0174,6,0.15,134.86,Tamale Superstore,Tamale,Northern,Ghana Jollof Mix,Food,25,Mensah Asare,Male,New
ORD01805,06/09/2024,S004,P006,C0028,2,0.15,8.64,Tema Central Market,Tema,Greater Accra,Plantain Chips,Snacks,5,Abena Tetteh,Female,VIP
ORD01806,07/06/2024,S002,P004,C0053,6,0.15,230.81,Kumasi City Mart,Kumasi,Ashanti,Milo Cocoa Powder,Beverages,45,Akosua Frimpong,Female,Regular
ORD01807,28/11/2024,S007,P002,C0165,7,0.05,100.13,Koforidua Mart,Koforidua,Eastern,Shito Pepper Sauce,Food,15.5,Abena Gyasi,Female,VIP
ORD01808,01/12/2023,S006,P006,C0105,6,0.1,29.47,Cape Coast Retail,Cape Coast,Central,Plantain Chips,Snacks,5,Osei Danquah,Male,VIP
ORD01809,29/10/2023,S001,P003,C0095,1,0.05,124.21,Accra Mall SuperMart,Accra,Greater Accra,Kente Print Shirt,Apparel,120,Abena Adomako,Female,Regular
ORD01810,28/08/2024,S001,P002,C0156,4,0.05,60.47,Accra Mall SuperMart,Accra,Greater Accra,Shito Pepper Sauce,Food,15.5,Yaa Addy,Female,New
ORD01811,04/06/2024,S006,P004,C0097,10,0,471.85,Cape Coast Retail,Cape Coast,Central,Milo Cocoa Powder,Beverages,45,Esi Mensah,Female,Regular
ORD01812,03/06/2023,S007,P013,C0167,2,0,131.26,Koforidua Mart,Koforidua,Eastern,Club Beer (6-pack),Beverages,60,Appiah Owusu,Male,New
ORD01813,18/08/2023,S007,P009,C0188,2,0.15,36.37,Koforidua Mart,Koforidua,Eastern,Shea Butter Lotion,Personal Care,20,Frimpong Asare,Male,Regular
ORD01814,13/09/2024,S008,P011,C0135,9,0.1,242.4,Sunyani Grocers,Sunyani,Bono,Palm Oil (1L),Food,30,Kofi Mensah,Male,New
ORD01815,19/07/2023,S005,P015,C0063,6,0,96.29,Tamale Superstore,Tamale,Northern,Ideal Milk,Beverages,15,Frimpong Acheampong,Male,VIP
ORD01816,06/01/2024,S004,P008,C0081,2,0,16.27,Tema Central Market,Tema,Greater Accra,FanMilk Yoghurt,Beverages,8,Ama Gyasi,Female,VIP
ORD01817,24/02/2024,S006,P002,C0091,9,0.15,114.01,Cape Coast Retail,Cape Coast,Central,Shito Pepper Sauce,Food,15.5,Akosua Danquah,Female,New
ORD01818,06/01/2024,S008,P010,C0059,8,0.1,85.06,Sunyani Grocers,Sunyani,Bono,African Black Soap,Personal Care,12,Kwasi Adomako,Male,VIP
ORD01819,09/05/2023,S004,P013,C0105,10,0,624.5,Tema Central Market,Tema,Greater Accra,Club Beer (6-pack),Beverages,60,Osei Danquah,Male,VIP
ORD01820,21/10/2023,S006,P006,C0031,2,0.1,9.12,Cape Coast Retail,Cape Coast,Central,Plantain Chips,Snacks,5,Yaw Danquah,Male,New
ORD01821,01/06/2023,S008,P011,C0198,4,0,129.78,Sunyani Grocers,Sunyani,Bono,Palm Oil (1L),Food,30,Abena Mensah,Female,New
ORD01822,16/01/2023,S003,P002,C0108,5,0.15,69.61,Takoradi Hub,Takoradi,Western,Shito Pepper Sauce,Food,15.5,Kwasi Asare,Male,VIP
ORD01823,26/04/2024,S002,P003,C0009,7,0,884.95,Kumasi City Mart,Kumasi,Ashanti,Kente Print Shirt,Apparel,120,Kwame Acheampong,Male,Regular
ORD01824,16/03/2023,S003,P009,C0136,7,0.1,126.4,Takoradi Hub,Takoradi,Western,Shea Butter Lotion,Personal Care,20,Ama Addy,Female,Regular
ORD01825,16/02/2024,S004,P012,C0076,2,0.05,37.09,Tema Central Market,Tema,Greater Accra,Cassava Dough,Food,18,Akosua Danquah,Female,Regular
ORD01826,11/12/2023,S002,P012,C0012,2,0.05,37.36,Kumasi City Mart,Kumasi,Ashanti,Cassava Dough,Food,18,Yaa Adomako,Female,VIP
ORD01827,23/02/2024,S008,P012,C0112,5,0.1,85.46,Sunyani Grocers,Sunyani,Bono,Cassava Dough,Food,18,Mensah Boateng,Male,Regular
ORD01828,07/07/2023,S002,P003,C0002,10,0.15,1025.59,Kumasi City Mart,Kumasi,Ashanti,Kente Print Shirt,Apparel,120,Mensah Owusu,Male,Regular
ORD01829,26/10/2024,S008,P007,C0083,8,0,287.36,Sunyani Grocers,Sunyani,Bono,Alomo Bitters,Beverages,35,Osei Appiah,Male,Regular
ORD01830,25/08/2024,S005,P013,C0025,4,0.05,233.47,Tamale Superstore,Tamale,Northern,Club Beer (6-pack),Beverages,60,Frimpong Addy,Male,VIP
ORD01831,19/02/2023,S007,P005,C0083,7,0.05,70.73,Koforidua Mart,Koforidua,Eastern,Gari (1kg),Food,10,Osei Appiah,Male,Regular
ORD01832,27/05/2023,S001,P014,C0189,4,0.1,14.8,Accra Mall SuperMart,Accra,Greater Accra,Voltic Water (1L),Beverages,4,Kofi Gyasi,Male,VIP
ORD01833,11/08/2024,S006,P002,C0089,5,0,75,Cape Coast Retail,Cape Coast,Central,Shito Pepper Sauce,Food,15.5,Abena Gyasi,Female,VIP
ORD01834,08/10/2023,S008,P008,C0058,3,0.05,24.87,Sunyani Grocers,Sunyani,Bono,FanMilk Yoghurt,Beverages,8,Afia Osei,Female,VIP
ORD01835,23/09/2023,S002,P015,C0060,5,0,72.33,Kumasi City Mart,Kumasi,Ashanti,Ideal Milk,Beverages,15,Kojo Owusu,Male,New
ORD01836,19/07/2024,S003,P001,C0154,1,0.15,21.9,Takoradi Hub,Takoradi,Western,Ghana Jollof Mix,Food,25,Frimpong Osei,Male,Regular
ORD01837,19/07/2023,S001,P008,C0007,6,0,47.63,Accra Mall SuperMart,Accra,Greater Accra,FanMilk Yoghurt,Beverages,8,Kwame Osei,Male,Regular
ORD01838,07/08/2024,S007,P012,C0114,9,0,174.09,Koforidua Mart,Koforidua,Eastern,Cassava Dough,Food,18,Kojo Danquah,Male,Regular
ORD01839,30/10/2023,S002,P012,C0181,2,0.1,35.1,Kumasi City Mart,Kumasi,Ashanti,Cassava Dough,Food,18,Frimpong Boateng,Male,Regular
ORD01840,20/05/2024,S005,P002,C0036,5,0,84.88,Tamale Superstore,Tamale,Northern,Shito Pepper Sauce,Food,15.5,Ama Adomako,Female,New
ORD01841,22/03/2023,S004,P012,C0020,6,0,110.81,Tema Central Market,Tema,Greater Accra,Cassava Dough,Food,18,Afia Owusu,Female,Regular
ORD01842,10/10/2023,S008,P011,C0189,9,0,285.13,Sunyani Grocers,Sunyani,Bono,Palm Oil (1L),Food,30,Kofi Gyasi,Male,VIP
ORD01843,19/11/2023,S001,P007,C0026,9,0.05,292.83,Accra Mall SuperMart,Accra,Greater Accra,Alomo Bitters,Beverages,35,Afia Frimpong,Female,New
ORD01844,25/07/2024,S001,P011,C0161,1,0,29.12,Accra Mall SuperMart,Accra,Greater Accra,Palm Oil (1L),Food,30,Ama Quaye,Female,Regular
ORD01845,21/01/2024,S004,P011,C0051,5,0.1,131.32,Tema Central Market,Tema,Greater Accra,Palm Oil (1L),Food,30,Mensah Adomako,Male,VIP
ORD01846,11/07/2023,S008,P005,C0034,4,0,43.7,Sunyani Grocers,Sunyani,Bono,Gari (1kg),Food,10,Esi Owusu,Female,New
ORD01847,08/08/2023,S001,P007,C0018,8,0.15,247.92,Accra Mall SuperMart,Accra,Greater Accra,Alomo Bitters,Beverages,35,Ama Asare,Female,Regular
ORD01848,28/12/2024,S003,P001,C0108,5,0.15,107,Takoradi Hub,Takoradi,Western,Ghana Jollof Mix,Food,25,Kwasi Asare,Male,VIP
ORD01849,20/08/2024,S004,P011,C0090,8,0.15,213.9,Tema Central Market,Tema,Greater Accra,Palm Oil (1L),Food,30,Kwasi Boakye,Male,New
ORD01850,04/07/2023,S005,P014,C0060,5,0.1,18.42,Tamale Superstore,Tamale,Northern,Voltic Water (1L),Beverages,4,Kojo Owusu,Male,New
ORD01851,07/10/2024,S007,P010,C0092,9,0.1,96.65,Koforidua Mart,Koforidua,Eastern,African Black Soap,Personal Care,12,Yaa Osei,Female,Regular
ORD01852,13/08/2023,S002,P015,C0194,5,0.1,73.94,Kumasi City Mart,Kumasi,Ashanti,Ideal Milk,Beverages,15,Ama Asare,Female,Regular
ORD01853,30/11/2023,S004,P011,C0109,2,0,61.18,Tema Central Market,Tema,Greater Accra,Palm Oil (1L),Food,30,Appiah Gyasi,Male,Regular
ORD01854,23/11/2023,S002,P006,C0179,7,0,37.31,Kumasi City Mart,Kumasi,Ashanti,Plantain Chips,Snacks,5,Kwasi Appiah,Male,Regular
ORD01855,10/05/2024,S008,P010,C0106,4,0,47.69,Sunyani Grocers,Sunyani,Bono,African Black Soap,Personal Care,12,Abena Osei,Female,Regular
ORD01856,03/06/2024,S004,P015,C0105,1,0.15,13.59,Tema Central Market,Tema,Greater Accra,Ideal Milk,Beverages,15,Osei Danquah,Male,VIP
ORD01857,25/09/2023,S006,P007,C0101,8,0.1,254.47,Cape Coast Retail,Cape Coast,Central,Alomo Bitters,Beverages,35,Esi Danquah,Female,Regular
ORD01858,25/02/2023,S005,P008,C0187,4,0.05,31.78,Tamale Superstore,Tamale,Northern,FanMilk Yoghurt,Beverages,8,Appiah Appiah,Male,Regular
ORD01859,16/02/2023,S005,P008,C0105,4,0.15,29.41,Tamale Superstore,Tamale,Northern,FanMilk Yoghurt,Beverages,8,Osei Danquah,Male,VIP
ORD01860,02/07/2024,S004,P013,C0161,2,0.15,106.24,Tema Central Market,Tema,Greater Accra,Club Beer (6-pack),Beverages,60,Ama Quaye,Female,Regular
ORD01861,13/05/2023,S001,P012,C0006,7,0,134.45,Accra Mall SuperMart,Accra,Greater Accra,Cassava Dough,Food,18,Afia Asare,Female,Regular
ORD01862,08/12/2023,S006,P013,C0197,9,0,566.05,Cape Coast Retail,Cape Coast,Central,Club Beer (6-pack),Beverages,60,Akosua Owusu,Female,Regular
ORD01863,15/06/2024,S004,P006,C0138,4,0,21.51,Tema Central Market,Tema,Greater Accra,Plantain Chips,Snacks,5,Esi Addy,Female,Regular
ORD01864,10/02/2024,S004,P005,C0042,6,0.05,57.68,Tema Central Market,Tema,Greater Accra,Gari (1kg),Food,10,Abena Addy,Female,Regular
ORD01865,20/07/2024,S004,P001,C0010,1,0.15,20.51,Tema Central Market,Tema,Greater Accra,Ghana Jollof Mix,Food,25,Mensah Boakye,Male,New
ORD01866,12/02/2024,S008,P001,C0041,5,0.05,113.24,Sunyani Grocers,Sunyani,Bono,Ghana Jollof Mix,Food,25,Esi Boateng,Female,Regular
ORD01867,08/10/2024,S004,P001,C0070,2,0.1,47.17,Tema Central Market,Tema,Greater Accra,Ghana Jollof Mix,Food,25,Appiah Boakye,Male,VIP
ORD01868,15/05/2023,S005,P014,C0022,2,0,8.21,Tamale Superstore,Tamale,Northern,Voltic Water (1L),Beverages,4,Ama Quaye,Female,VIP
ORD01869,21/12/2024,S007,P001,C0004,9,0.15,208.05,Koforidua Mart,Koforidua,Eastern,Ghana Jollof Mix,Food,25,Ama Boakye,Female,New
ORD01870,08/04/2023,S007,P004,C0156,5,0.05,216.69,Koforidua Mart,Koforidua,Eastern,Milo Cocoa Powder,Beverages,45,Yaa Addy,Female,New
ORD01871,24/01/2023,S005,P005,C0118,4,0,39.59,Tamale Superstore,Tamale,Northern,Gari (1kg),Food,10,Ama Mensah,Female,New
ORD01872,02/11/2024,S008,P007,C0075,7,0,240.92,Sunyani Grocers,Sunyani,Bono,Alomo Bitters,Beverages,35,Frimpong Mensah,Male,New
ORD01873,21/02/2024,S005,P008,C0073,9,0.15,60.39,Tamale Superstore,Tamale,Northern,FanMilk Yoghurt,Beverages,8,Akosua Tetteh,Female,Regular
ORD01874,18/01/2023,S008,P012,C0101,6,0.15,97.05,Sunyani Grocers,Sunyani,Bono,Cassava Dough,Food,18,Esi Danquah,Female,Regular
ORD01875,08/04/2024,S004,P010,C0007,7,0,85.43,Tema Central Market,Tema,Greater Accra,African Black Soap,Personal Care,12,Kwame Osei,Male,Regular
ORD01876,03/05/2024,S002,P011,C0080,6,0,192.86,Kumasi City Mart,Kumasi,Ashanti,Palm Oil (1L),Food,30,Frimpong Adomako,Male,Regular
ORD01877,27/03/2023,S002,P009,C0044,4,0.1,74.81,Kumasi City Mart,Kumasi,Ashanti,Shea Butter Lotion,Personal Care,20,Yaw Osei,Male,Regular
ORD01878,27/03/2023,S003,P007,C0158,8,0.15,251.91,Takoradi Hub,Takoradi,Western,Alomo Bitters,Beverages,35,Osei Boakye,Male,New
ORD01879,03/08/2024,S004,P001,C0197,8,0.05,192.24,Tema Central Market,Tema,Greater Accra,Ghana Jollof Mix,Food,25,Akosua Owusu,Female,Regular
ORD01880,12/12/2023,S003,P001,C0083,10,0.15,214.83,Takoradi Hub,Takoradi,Western,Ghana Jollof Mix,Food,25,Osei Appiah,Male,Regular
ORD01881,06/01/2023,S005,P012,C0054,9,0.1,150.44,Tamale Superstore,Tamale,Northern,Cassava Dough,Food,18,Kojo Danquah,Male,Regular
ORD01882,17/11/2023,S004,P006,C0119,8,0.15,35.13,Tema Central Market,Tema,Greater Accra,Plantain Chips,Snacks,5,Kojo Addy,Male,Regular
ORD01883,25/03/2023,S002,P007,C0180,2,0.1,61.05,Kumasi City Mart,Kumasi,Ashanti,Alomo Bitters,Beverages,35,Yaw Boateng,Male,Regular
ORD01884,14/01/2023,S003,P009,C0192,2,0,39.18,Takoradi Hub,Takoradi,Western,Shea Butter Lotion,Personal Care,20,Osei Frimpong,Male,VIP
ORD01885,27/04/2023,S001,P015,C0109,8,0,125.27,Accra Mall SuperMart,Accra,Greater Accra,Ideal Milk,Beverages,15,Appiah Gyasi,Male,Regular
ORD01886,21/06/2024,S008,P003,C0192,9,0.1,981.63,Sunyani Grocers,Sunyani,Bono,Kente Print Shirt,Apparel,120,Osei Frimpong,Male,VIP
ORD01887,31/10/2023,S002,P007,C0076,5,0.15,148.51,Kumasi City Mart,Kumasi,Ashanti,Alomo Bitters,Beverages,35,Akosua Danquah,Female,Regular
ORD01888,16/01/2024,S003,P003,C0075,9,0,1156.06,Takoradi Hub,Takoradi,Western,Kente Print Shirt,Apparel,120,Frimpong Mensah,Male,New
ORD01889,16/01/2024,S005,P008,C0119,4,0.05,33.11,Tamale Superstore,Tamale,Northern,FanMilk Yoghurt,Beverages,8,Kojo Addy,Male,Regular
ORD01890,19/05/2023,S003,P009,C0184,8,0,159.62,Takoradi Hub,Takoradi,Western,Shea Butter Lotion,Personal Care,20,Frimpong Addy,Male,VIP
ORD01891,03/07/2023,S003,P008,C0018,1,0.05,8.02,Takoradi Hub,Takoradi,Western,FanMilk Yoghurt,Beverages,8,Ama Asare,Female,Regular
ORD01892,24/07/2023,S002,P009,C0118,6,0,115.1,Kumasi City Mart,Kumasi,Ashanti,Shea Butter Lotion,Personal Care,20,Ama Mensah,Female,New
ORD01893,24/04/2024,S003,P002,C0090,9,0,139.74,Takoradi Hub,Takoradi,Western,Shito Pepper Sauce,Food,15.5,Kwasi Boakye,Male,New
ORD01894,15/01/2023,S004,P005,C0073,7,0.15,63.03,Tema Central Market,Tema,Greater Accra,Gari (1kg),Food,10,Akosua Tetteh,Female,Regular
ORD01895,12/01/2024,S007,P015,C0066,9,0.15,120.06,Koforidua Mart,Koforidua,Eastern,Ideal Milk,Beverages,15,Kofi Danquah,Male,Regular
ORD01896,27/07/2023,S002,P010,C0040,2,0,23.81,Kumasi City Mart,Kumasi,Ashanti,African Black Soap,Personal Care,12,Mensah Acheampong,Male,Regular
ORD01897,27/09/2023,S002,P003,C0134,10,0.1,1079.49,Kumasi City Mart,Kumasi,Ashanti,Kente Print Shirt,Apparel,120,Kojo Quaye,Male,New
ORD01898,29/08/2024,S005,P013,C0189,10,0.1,529.95,Tamale Superstore,Tamale,Northern,Club Beer (6-pack),Beverages,60,Kofi Gyasi,Male,VIP
ORD01899,03/01/2023,S004,P004,C0024,10,0,437.17,Tema Central Market,Tema,Greater Accra,Milo Cocoa Powder,Beverages,45,Appiah Boakye,Male,New
ORD01900,01/05/2024,S001,P006,C0020,1,0,5.13,Accra Mall SuperMart,Accra,Greater Accra,Plantain Chips,Snacks,5,Afia Owusu,Female,Regular
ORD01901,26/03/2024,S007,P011,C0121,6,0.05,175.28,Koforidua Mart,Koforidua,Eastern,Palm Oil (1L),Food,30,Kofi Asare,Male,VIP
ORD01902,01/05/2023,S004,P009,C0101,7,0.1,133.05,Tema Central Market,Tema,Greater Accra,Shea Butter Lotion,Personal Care,20,Esi Danquah,Female,Regular
ORD01903,30/12/2023,S005,P014,C0134,6,0.15,19.62,Tamale Superstore,Tamale,Northern,Voltic Water (1L),Beverages,4,Kojo Quaye,Male,New
ORD01904,11/09/2024,S004,P003,C0163,5,0,645.59,Tema Central Market,Tema,Greater Accra,Kente Print Shirt,Apparel,120,Mensah Acheampong,Male,Regular
ORD01905,27/07/2024,S008,P008,C0178,5,0,41.35,Sunyani Grocers,Sunyani,Bono,FanMilk Yoghurt,Beverages,8,Afia Acheampong,Female,Regular
ORD01906,21/03/2024,S006,P003,C0007,6,0.1,690.52,Cape Coast Retail,Cape Coast,Central,Kente Print Shirt,Apparel,120,Kwame Osei,Male,Regular
ORD01907,21/12/2023,S007,P004,C0158,9,0,407.98,Koforidua Mart,Koforidua,Eastern,Milo Cocoa Powder,Beverages,45,Osei Boakye,Male,New
ORD01908,03/07/2023,S001,P004,C0114,6,0.15,224.73,Accra Mall SuperMart,Accra,Greater Accra,Milo Cocoa Powder,Beverages,45,Kojo Danquah,Male,Regular
ORD01909,23/08/2024,S005,P006,C0025,6,0.05,29.22,Tamale Superstore,Tamale,Northern,Plantain Chips,Snacks,5,Frimpong Addy,Male,VIP
ORD01910,14/01/2023,S005,P001,C0166,5,0.1,113.6,Tamale Superstore,Tamale,Northern,Ghana Jollof Mix,Food,25,Abena Boakye,Female,New
ORD01911,13/12/2024,S005,P005,C0161,1,0.15,9.12,Tamale Superstore,Tamale,Northern,Gari (1kg),Food,10,Ama Quaye,Female,Regular
ORD01912,27/04/2024,S008,P008,C0045,8,0.15,58.27,Sunyani Grocers,Sunyani,Bono,FanMilk Yoghurt,Beverages,8,Frimpong Adomako,Male,New
ORD01913,09/02/2023,S006,P001,C0157,3,0,81.05,Cape Coast Retail,Cape Coast,Central,Ghana Jollof Mix,Food,25,Mensah Owusu,Male,New
ORD01914,15/05/2023,S002,P007,C0031,1,0.1,32.94,Kumasi City Mart,Kumasi,Ashanti,Alomo Bitters,Beverages,35,Yaw Danquah,Male,New
ORD01915,05/03/2023,S006,P002,C0140,5,0,81.24,Cape Coast Retail,Cape Coast,Central,Shito Pepper Sauce,Food,15.5,Abena Adomako,Female,New
ORD01916,18/01/2023,S006,P014,C0173,6,0,26.06,Cape Coast Retail,Cape Coast,Central,Voltic Water (1L),Beverages,4,Mensah Danquah,Male,New
ORD01917,23/08/2024,S006,P009,C0004,7,0.1,135.53,Cape Coast Retail,Cape Coast,Central,Shea Butter Lotion,Personal Care,20,Ama Boakye,Female,New
ORD01918,16/11/2024,S001,P002,C0050,9,0,147.78,Accra Mall SuperMart,Accra,Greater Accra,Shito Pepper Sauce,Food,15.5,Kojo Acheampong,Male,VIP
ORD01919,27/03/2023,S003,P008,C0012,5,0.15,33.31,Takoradi Hub,Takoradi,Western,FanMilk Yoghurt,Beverages,8,Yaa Adomako,Female,VIP
ORD01920,01/06/2024,S007,P003,C0163,1,0.05,112.98,Koforidua Mart,Koforidua,Eastern,Kente Print Shirt,Apparel,120,Mensah Acheampong,Male,Regular
ORD01921,26/12/2023,S002,P006,C0120,10,0,51.75,Kumasi City Mart,Kumasi,Ashanti,Plantain Chips,Snacks,5,Ama Quaye,Female,Regular
ORD01922,19/04/2024,S002,P002,C0024,3,0,45.47,Kumasi City Mart,Kumasi,Ashanti,Shito Pepper Sauce,Food,15.5,Appiah Boakye,Male,New
ORD01923,28/08/2024,S001,P013,C0044,1,0,62.74,Accra Mall SuperMart,Accra,Greater Accra,Club Beer (6-pack),Beverages,60,Yaw Osei,Male,Regular
ORD01924,16/04/2024,S002,P015,C0186,4,0.05,61.31,Kumasi City Mart,Kumasi,Ashanti,Ideal Milk,Beverages,15,Frimpong Quaye,Male,Regular
ORD01925,19/10/2024,S004,P012,C0194,3,0.05,49.15,Tema Central Market,Tema,Greater Accra,Cassava Dough,Food,18,Ama Asare,Female,Regular
ORD01926,23/12/2024,S005,P003,C0072,3,0.15,305.18,Tamale Superstore,Tamale,Northern,Kente Print Shirt,Apparel,120,Afia Frimpong,Female,Regular
ORD01927,20/08/2023,S004,P005,C0052,3,0.05,28.18,Tema Central Market,Tema,Greater Accra,Gari (1kg),Food,10,Frimpong Adomako,Male,VIP
ORD01928,26/03/2024,S005,P002,C0126,6,0.15,79.41,Tamale Superstore,Tamale,Northern,Shito Pepper Sauce,Food,15.5,Yaw Asare,Male,New
ORD01929,19/10/2024,S008,P014,C0162,3,0,13.11,Sunyani Grocers,Sunyani,Bono,Voltic Water (1L),Beverages,4,Yaw Osei,Male,Regular
ORD01930,22/08/2024,S007,P003,C0138,10,0,1318.88,Koforidua Mart,Koforidua,Eastern,Kente Print Shirt,Apparel,120,Esi Addy,Female,Regular
ORD01931,20/03/2024,S006,P011,C0175,5,0,150.2,Cape Coast Retail,Cape Coast,Central,Palm Oil (1L),Food,30,Kwame Osei,Male,Regular
ORD01932,30/05/2024,S005,P002,C0132,4,0.05,57.88,Tamale Superstore,Tamale,Northern,Shito Pepper Sauce,Food,15.5,Mensah Boateng,Male,Regular
ORD01933,25/09/2023,S001,P015,C0030,9,0,137.87,Accra Mall SuperMart,Accra,Greater Accra,Ideal Milk,Beverages,15,Appiah Osei,Male,VIP
ORD01934,23/04/2024,S006,P006,C0145,7,0.15,32.28,Cape Coast Retail,Cape Coast,Central,Plantain Chips,Snacks,5,Esi Gyasi,Female,VIP
ORD01935,27/11/2023,S002,P011,C0092,1,0,30.4,Kumasi City Mart,Kumasi,Ashanti,Palm Oil (1L),Food,30,Yaa Osei,Female,Regular
ORD01936,09/12/2023,S006,P011,C0026,3,0.05,85.15,Cape Coast Retail,Cape Coast,Central,Palm Oil (1L),Food,30,Afia Frimpong,Female,New
ORD01937,23/04/2024,S003,P013,C0006,8,0.15,415.53,Takoradi Hub,Takoradi,Western,Club Beer (6-pack),Beverages,60,Afia Asare,Female,Regular
ORD01938,12/08/2024,S007,P012,C0103,8,0,142.26,Koforidua Mart,Koforidua,Eastern,Cassava Dough,Food,18,Frimpong Quaye,Male,New
ORD01939,18/01/2024,S006,P008,C0174,7,0.05,50.86,Cape Coast Retail,Cape Coast,Central,FanMilk Yoghurt,Beverages,8,Mensah Asare,Male,New
ORD01940,28/08/2023,S002,P007,C0110,5,0.15,150.25,Kumasi City Mart,Kumasi,Ashanti,Alomo Bitters,Beverages,35,Esi Boakye,Female,New
ORD01941,30/01/2023,S003,P009,C0043,5,0.15,93.06,Takoradi Hub,Takoradi,Western,Shea Butter Lotion,Personal Care,20,Osei Boateng,Male,VIP
ORD01942,20/06/2024,S004,P010,C0193,3,0,37.78,Tema Central Market,Tema,Greater Accra,African Black Soap,Personal Care,12,Kofi Tetteh,Male,New
ORD01943,25/02/2023,S002,P005,C0197,3,0.05,29.04,Kumasi City Mart,Kumasi,Ashanti,Gari (1kg),Food,10,Akosua Owusu,Female,Regular
ORD01944,19/06/2023,S008,P001,C0169,3,0,81.18,Sunyani Grocers,Sunyani,Bono,Ghana Jollof Mix,Food,25,Ama Boakye,Female,VIP
ORD01945,05/11/2023,S005,P002,C0048,4,0,62.96,Tamale Superstore,Tamale,Northern,Shito Pepper Sauce,Food,15.5,Yaa Appiah,Female,VIP
ORD01946,08/09/2023,S003,P011,C0143,6,0,183.89,Takoradi Hub,Takoradi,Western,Palm Oil (1L),Food,30,Afia Acheampong,Female,VIP
ORD01947,19/12/2023,S002,P008,C0141,7,0,60.87,Kumasi City Mart,Kumasi,Ashanti,FanMilk Yoghurt,Beverages,8,Kwame Adomako,Male,Regular
ORD01948,15/11/2024,S007,P014,C0119,4,0,16.13,Koforidua Mart,Koforidua,Eastern,Voltic Water (1L),Beverages,4,Kojo Addy,Male,Regular
ORD01949,22/11/2023,S003,P007,C0198,6,0.05,214.06,Takoradi Hub,Takoradi,Western,Alomo Bitters,Beverages,35,Abena Mensah,Female,New
ORD01950,10/03/2024,S007,P009,C0019,6,0.1,113.45,Koforidua Mart,Koforidua,Eastern,Shea Butter Lotion,Personal Care,20,Akosua Addy,Female,VIP
ORD01951,23/08/2024,S001,P004,C0156,3,0,135.72,Accra Mall SuperMart,Accra,Greater Accra,Milo Cocoa Powder,Beverages,45,Yaa Addy,Female,New
ORD01952,15/12/2023,S001,P010,C0154,7,0,87.93,Accra Mall SuperMart,Accra,Greater Accra,African Black Soap,Personal Care,12,Frimpong Osei,Male,Regular
ORD01953,22/05/2023,S008,P004,C0012,4,0.05,173.62,Sunyani Grocers,Sunyani,Bono,Milo Cocoa Powder,Beverages,45,Yaa Adomako,Female,VIP
ORD01954,14/12/2023,S007,P011,C0047,7,0,208.48,Koforidua Mart,Koforidua,Eastern,Palm Oil (1L),Food,30,Yaa Asare,Female,New
ORD01955,01/02/2024,S008,P001,C0067,7,0,170.54,Sunyani Grocers,Sunyani,Bono,Ghana Jollof Mix,Food,25,Mensah Quaye,Male,New
ORD01956,29/11/2024,S002,P008,C0022,6,0,50.32,Kumasi City Mart,Kumasi,Ashanti,FanMilk Yoghurt,Beverages,8,Ama Quaye,Female,VIP
ORD01957,19/02/2024,S001,P003,C0082,3,0.15,313.97,Accra Mall SuperMart,Accra,Greater Accra,Kente Print Shirt,Apparel,120,Appiah Osei,Male,New
ORD01958,03/12/2024,S008,P001,C0125,7,0.1,167.85,Sunyani Grocers,Sunyani,Bono,Ghana Jollof Mix,Food,25,Yaw Quaye,Male,VIP
ORD01959,07/11/2023,S007,P005,C0190,2,0.15,18.21,Koforidua Mart,Koforidua,Eastern,Gari (1kg),Food,10,Osei Quaye,Male,VIP
ORD01960,06/04/2024,S006,P013,C0122,6,0.15,335.3,Cape Coast Retail,Cape Coast,Central,Club Beer (6-pack),Beverages,60,Yaa Frimpong,Female,VIP
ORD01961,25/04/2023,S003,P007,C0137,7,0,238.28,Takoradi Hub,Takoradi,Western,Alomo Bitters,Beverages,35,Ama Adomako,Female,Regular
ORD01962,12/12/2023,S005,P004,C0132,10,0.1,411.17,Tamale Superstore,Tamale,Northern,Milo Cocoa Powder,Beverages,45,Mensah Boateng,Male,Regular
ORD01963,20/04/2024,S005,P001,C0032,8,0.1,180.91,Tamale Superstore,Tamale,Northern,Ghana Jollof Mix,Food,25,Appiah Boateng,Male,Regular
ORD01964,05/09/2024,S006,P005,C0109,6,0.05,60.71,Cape Coast Retail,Cape Coast,Central,Gari (1kg),Food,10,Appiah Gyasi,Male,Regular
ORD01965,25/01/2023,S005,P003,C0076,6,0.1,617.3,Tamale Superstore,Tamale,Northern,Kente Print Shirt,Apparel,120,Akosua Danquah,Female,Regular
ORD01966,29/11/2023,S005,P011,C0010,10,0,301.08,Tamale Superstore,Tamale,Northern,Palm Oil (1L),Food,30,Mensah Boakye,Male,New
ORD01967,07/02/2023,S007,P004,C0045,2,0.15,73.76,Koforidua Mart,Koforidua,Eastern,Milo Cocoa Powder,Beverages,45,Frimpong Adomako,Male,New
ORD01968,29/05/2023,S008,P007,C0071,6,0.1,199.08,Sunyani Grocers,Sunyani,Bono,Alomo Bitters,Beverages,35,Appiah Boakye,Male,New
ORD01969,07/09/2023,S008,P001,C0020,6,0.05,136.19,Sunyani Grocers,Sunyani,Bono,Ghana Jollof Mix,Food,25,Afia Owusu,Female,Regular
ORD01970,15/09/2024,S002,P007,C0132,2,0.05,72.43,Kumasi City Mart,Kumasi,Ashanti,Alomo Bitters,Beverages,35,Mensah Boateng,Male,Regular
ORD01971,06/11/2023,S007,P007,C0006,3,0.05,105.56,Koforidua Mart,Koforidua,Eastern,Alomo Bitters,Beverages,35,Afia Asare,Female,Regular
ORD01972,23/03/2023,S007,P002,C0050,10,0.05,161.86,Koforidua Mart,Koforidua,Eastern,Shito Pepper Sauce,Food,15.5,Kojo Acheampong,Male,VIP
ORD01973,22/09/2024,S004,P012,C0013,6,0.15,93.72,Tema Central Market,Tema,Greater Accra,Cassava Dough,Food,18,Osei Addy,Male,Regular
ORD01974,23/03/2024,S005,P012,C0177,3,0.05,52.59,Tamale Superstore,Tamale,Northern,Cassava Dough,Food,18,Kojo Mensah,Male,VIP
ORD01975,16/02/2023,S007,P015,C0047,5,0.05,67.74,Koforidua Mart,Koforidua,Eastern,Ideal Milk,Beverages,15,Yaa Asare,Female,New
ORD01976,01/08/2023,S001,P013,C0107,3,0.05,169.3,Accra Mall SuperMart,Accra,Greater Accra,Club Beer (6-pack),Beverages,60,Esi Asare,Female,VIP
ORD01977,05/09/2024,S006,P002,C0057,4,0,65.49,Cape Coast Retail,Cape Coast,Central,Shito Pepper Sauce,Food,15.5,Osei Boakye,Male,VIP
ORD01978,15/08/2023,S002,P010,C0074,10,0.1,112.12,Kumasi City Mart,Kumasi,Ashanti,African Black Soap,Personal Care,12,Kojo Tetteh,Male,New
ORD01979,12/10/2024,S006,P009,C0100,8,0.15,129.46,Cape Coast Retail,Cape Coast,Central,Shea Butter Lotion,Personal Care,20,Kojo Frimpong,Male,VIP
ORD01980,15/12/2023,S006,P006,C0114,3,0.1,14.56,Cape Coast Retail,Cape Coast,Central,Plantain Chips,Snacks,5,Kojo Danquah,Male,Regular
ORD01981,25/05/2024,S004,P009,C0179,3,0.1,53.37,Tema Central Market,Tema,Greater Accra,Shea Butter Lotion,Personal Care,20,Kwasi Appiah,Male,Regular
ORD01982,03/02/2023,S002,P011,C0125,9,0.05,246.87,Kumasi City Mart,Kumasi,Ashanti,Palm Oil (1L),Food,30,Yaw Quaye,Male,VIP
ORD01983,26/06/2024,S006,P005,C0075,6,0.1,56.76,Cape Coast Retail,Cape Coast,Central,Gari (1kg),Food,10,Frimpong Mensah,Male,New
ORD01984,31/01/2023,S003,P010,C0150,3,0.15,30.68,Takoradi Hub,Takoradi,Western,African Black Soap,Personal Care,12,Kwame Danquah,Male,New
ORD01985,17/03/2024,S007,P013,C0006,5,0.15,270.71,Koforidua Mart,Koforidua,Eastern,Club Beer (6-pack),Beverages,60,Afia Asare,Female,Regular
ORD01986,29/08/2023,S007,P015,C0138,3,0.1,42.16,Koforidua Mart,Koforidua,Eastern,Ideal Milk,Beverages,15,Esi Addy,Female,Regular
ORD01987,07/05/2023,S002,P007,C0056,4,0,144.99,Kumasi City Mart,Kumasi,Ashanti,Alomo Bitters,Beverages,35,Kofi Boakye,Male,Regular
ORD01988,02/07/2023,S003,P013,C0200,7,0.15,361.03,Takoradi Hub,Takoradi,Western,Club Beer (6-pack),Beverages,60,Yaw Addy,Male,Regular
ORD01989,11/08/2023,S007,P015,C0154,5,0.05,75.92,Koforidua Mart,Koforidua,Eastern,Ideal Milk,Beverages,15,Frimpong Osei,Male,Regular
ORD01990,07/10/2024,S002,P011,C0176,6,0.15,157.64,Kumasi City Mart,Kumasi,Ashanti,Palm Oil (1L),Food,30,Frimpong Gyasi,Male,Regular
ORD01991,06/02/2024,S004,P014,C0104,8,0.1,28.6,Tema Central Market,Tema,Greater Accra,Voltic Water (1L),Beverages,4,Afia Danquah,Female,Regular
ORD01992,05/04/2024,S003,P015,C0046,7,0.05,94.81,Takoradi Hub,Takoradi,Western,Ideal Milk,Beverages,15,Akosua Frimpong,Female,New
ORD01993,09/12/2023,S008,P011,C0045,2,0.1,56,Sunyani Grocers,Sunyani,Bono,Palm Oil (1L),Food,30,Frimpong Adomako,Male,New
ORD01994,04/03/2024,S007,P007,C0049,1,0.15,29.26,Koforidua Mart,Koforidua,Eastern,Alomo Bitters,Beverages,35,Kofi Frimpong,Male,New
ORD01995,16/09/2024,S002,P010,C0147,7,0,83.9,Kumasi City Mart,Kumasi,Ashanti,African Black Soap,Personal Care,12,Kofi Boakye,Male,New
ORD01996,13/09/2023,S003,P010,C0161,8,0,104.91,Takoradi Hub,Takoradi,Western,African Black Soap,Personal Care,12,Ama Quaye,Female,Regular
ORD01997,24/01/2023,S007,P009,C0131,4,0,81.49,Koforidua Mart,Koforidua,Eastern,Shea Butter Lotion,Personal Care,20,Mensah Acheampong,Male,Regular
ORD01998,03/09/2023,S003,P008,C0183,4,0.05,29.48,Takoradi Hub,Takoradi,Western,FanMilk Yoghurt,Beverages,8,Ama Boateng,Female,New
ORD01999,08/03/2023,S001,P004,C0148,8,0.1,319.71,Accra Mall SuperMart,Accra,Greater Accra,Milo Cocoa Powder,Beverages,45,Yaw Danquah,Male,VIP
ORD02000,09/09/2024,S008,P004,C0046,8,0.15,320.14,Sunyani Grocers,Sunyani,Bono,Milo Cocoa Powder,Beverages,45,Akosua Frimpong,Female,New
ORD02001,10/09/2024,S006,P014,C0041,4,0.1,15.24,Cape Coast Retail,Cape Coast,Central,Voltic Water (1L),Beverages,4,Esi Boateng,Female,Regular
ORD02002,13/03/2023,S001,P012,C0009,7,0.15,117.74,Accra Mall SuperMart,Accra,Greater Accra,Cassava Dough,Food,18,Kwame Acheampong,Male,Regular
ORD02003,30/01/2024,S002,P013,C0107,5,0.15,246.88,Kumasi City Mart,Kumasi,Ashanti,Club Beer (6-pack),Beverages,60,Esi Asare,Female,VIP
ORD02004,13/09/2024,S001,P008,C0124,1,0.05,8.15,Accra Mall SuperMart,Accra,Greater Accra,FanMilk Yoghurt,Beverages,8,Kwasi Mensah,Male,VIP
ORD02005,10/02/2023,S006,P007,C0184,9,0.1,287.55,Cape Coast Retail,Cape Coast,Central,Alomo Bitters,Beverages,35,Frimpong Addy,Male,VIP
ORD02006,08/05/2023,S002,P003,C0068,10,0,1269.96,Kumasi City Mart,Kumasi,Ashanti,Kente Print Shirt,Apparel,120,Yaw Acheampong,Male,Regular
ORD02007,11/01/2024,S007,P011,C0087,3,0,96.24,Koforidua Mart,Koforidua,Eastern,Palm Oil (1L),Food,30,Abena Quaye,Female,New
ORD02008,04/08/2023,S005,P002,C0085,2,0.1,30.27,Tamale Superstore,Tamale,Northern,Shito Pepper Sauce,Food,15.5,Kofi Owusu,Male,New
ORD02009,18/05/2024,S004,P013,C0067,6,0.05,360.26,Tema Central Market,Tema,Greater Accra,Club Beer (6-pack),Beverages,60,Mensah Quaye,Male,New
ORD02010,05/12/2023,S008,P012,C0067,10,0.05,177.7,Sunyani Grocers,Sunyani,Bono,Cassava Dough,Food,18,Mensah Quaye,Male,New
ORD02011,24/05/2023,S003,P009,C0074,1,0,21.64,Takoradi Hub,Takoradi,Western,Shea Butter Lotion,Personal Care,20,Kojo Tetteh,Male,New
ORD02012,31/07/2024,S006,P012,C0075,5,0,93.16,Cape Coast Retail,Cape Coast,Central,Cassava Dough,Food,18,Frimpong Mensah,Male,New
ORD02013,09/11/2023,S008,P012,C0113,5,0,95.54,Sunyani Grocers,Sunyani,Bono,Cassava Dough,Food,18,Abena Frimpong,Female,Regular
ORD02014,12/12/2024,S003,P003,C0156,5,0.1,533.84,Takoradi Hub,Takoradi,Western,Kente Print Shirt,Apparel,120,Yaa Addy,Female,New
ORD02015,22/08/2023,S001,P014,C0055,10,0.05,36.95,Accra Mall SuperMart,Accra,Greater Accra,Voltic Water (1L),Beverages,4,Osei Mensah,Male,Regular
ORD02016,13/01/2023,S005,P006,C0185,9,0.15,38.67,Tamale Superstore,Tamale,Northern,Plantain Chips,Snacks,5,Afia Gyasi,Female,Regular
ORD02017,25/09/2024,S003,P006,C0165,3,0.15,13.74,Takoradi Hub,Takoradi,Western,Plantain Chips,Snacks,5,Abena Gyasi,Female,VIP
ORD02018,18/11/2023,S006,P007,C0125,3,0.15,91.24,Cape Coast Retail,Cape Coast,Central,Alomo Bitters,Beverages,35,Yaw Quaye,Male,VIP
ORD02019,10/05/2024,S007,P001,C0172,2,0.05,46.73,Koforidua Mart,Koforidua,Eastern,Ghana Jollof Mix,Food,25,Esi Owusu,Female,Regular
ORD02020,31/07/2023,S004,P003,C0072,10,0,1257,Tema Central Market,Tema,Greater Accra,Kente Print Shirt,Apparel,120,Afia Frimpong,Female,Regular
ORD02021,01/01/2024,S008,P008,C0146,1,0.15,7.38,Sunyani Grocers,Sunyani,Bono,FanMilk Yoghurt,Beverages,8,Abena Owusu,Female,VIP
ORD02022,27/07/2023,S006,P011,C0009,7,0,229.49,Cape Coast Retail,Cape Coast,Central,Palm Oil (1L),Food,30,Kwame Acheampong,Male,Regular
ORD02023,03/06/2024,S002,P005,C0142,9,0.15,82.69,Kumasi City Mart,Kumasi,Ashanti,Gari (1kg),Food,10,Kwasi Boakye,Male,New
ORD02024,27/02/2023,S008,P010,C0134,4,0,47.44,Sunyani Grocers,Sunyani,Bono,African Black Soap,Personal Care,12,Kojo Quaye,Male,New
ORD02025,07/07/2023,S004,P004,C0177,8,0,344.17,Tema Central Market,Tema,Greater Accra,Milo Cocoa Powder,Beverages,45,Kojo Mensah,Male,VIP
ORD02026,15/09/2024,S005,P009,C0072,2,0,42.4,Tamale Superstore,Tamale,Northern,Shea Butter Lotion,Personal Care,20,Afia Frimpong,Female,Regular
ORD02027,07/03/2023,S003,P009,C0078,1,0,19.68,Takoradi Hub,Takoradi,Western,Shea Butter Lotion,Personal Care,20,Frimpong Addy,Male,VIP
ORD02028,22/08/2024,S008,P008,C0026,9,0,71.84,Sunyani Grocers,Sunyani,Bono,FanMilk Yoghurt,Beverages,8,Afia Frimpong,Female,New
ORD02029,11/10/2024,S002,P004,C0123,2,0.1,77.96,Kumasi City Mart,Kumasi,Ashanti,Milo Cocoa Powder,Beverages,45,Frimpong Mensah,Male,Regular
ORD02030,22/07/2023,S002,P009,C0151,4,0.15,69.57,Kumasi City Mart,Kumasi,Ashanti,Shea Butter Lotion,Personal Care,20,Afia Osei,Female,Regular
ORD02031,05/08/2024,S001,P010,C0111,2,0.1,23.04,Accra Mall SuperMart,Accra,Greater Accra,African Black Soap,Personal Care,12,Ama Mensah,Female,VIP
ORD02032,19/07/2023,S008,P001,C0065,7,0.15,147.35,Sunyani Grocers,Sunyani,Bono,Ghana Jollof Mix,Food,25,Ama Owusu,Female,VIP
ORD02033,08/10/2024,S003,P006,C0130,8,0.15,33.75,Takoradi Hub,Takoradi,Western,Plantain Chips,Snacks,5,Abena Mensah,Female,New
ORD02034,22/10/2024,S005,P005,C0137,4,0.05,37.67,Tamale Superstore,Tamale,Northern,Gari (1kg),Food,10,Ama Adomako,Female,Regular
ORD02035,28/07/2024,S005,P011,C0113,2,0,61.39,Tamale Superstore,Tamale,Northern,Palm Oil (1L),Food,30,Abena Frimpong,Female,Regular
ORD02036,23/11/2023,S008,P008,C0042,3,0,25.54,Sunyani Grocers,Sunyani,Bono,FanMilk Yoghurt,Beverages,8,Abena Addy,Female,Regular
ORD02037,20/11/2024,S005,P002,C0114,6,0.15,84.85,Tamale Superstore,Tamale,Northern,Shito Pepper Sauce,Food,15.5,Kojo Danquah,Male,Regular
ORD02038,18/07/2023,S002,P013,C0060,4,0.05,233.76,Kumasi City Mart,Kumasi,Ashanti,Club Beer (6-pack),Beverages,60,Kojo Owusu,Male,New
ORD02039,24/11/2023,S008,P002,C0176,5,0.15,64.66,Sunyani Grocers,Sunyani,Bono,Shito Pepper Sauce,Food,15.5,Frimpong Gyasi,Male,Regular
ORD02040,19/11/2024,S003,P006,C0041,4,0.1,19.22,Takoradi Hub,Takoradi,Western,Plantain Chips,Snacks,5,Esi Boateng,Female,Regular
ORD02041,11/06/2023,S003,P006,C0133,8,0.15,36.32,Takoradi Hub,Takoradi,Western,Plantain Chips,Snacks,5,Kwame Adomako,Male,VIP
ORD02042,03/10/2023,S004,P015,C0068,8,0.05,114.64,Tema Central Market,Tema,Greater Accra,Ideal Milk,Beverages,15,Yaw Acheampong,Male,Regular
ORD02043,10/11/2023,S006,P012,C0091,6,0.1,96.83,Cape Coast Retail,Cape Coast,Central,Cassava Dough,Food,18,Akosua Danquah,Female,New
ORD02044,30/07/2024,S007,P013,C0107,1,0.1,51.75,Koforidua Mart,Koforidua,Eastern,Club Beer (6-pack),Beverages,60,Esi Asare,Female,VIP
ORD02045,23/02/2024,S006,P011,C0036,8,0.05,217.27,Cape Coast Retail,Cape Coast,Central,Palm Oil (1L),Food,30,Ama Adomako,Female,New
ORD02046,22/12/2024,S004,P004,C0170,5,0.05,229.76,Tema Central Market,Tema,Greater Accra,Milo Cocoa Powder,Beverages,45,Appiah Owusu,Male,Regular
ORD02047,25/01/2023,S006,P007,C0098,6,0.15,184.57,Cape Coast Retail,Cape Coast,Central,Alomo Bitters,Beverages,35,Ama Quaye,Female,Regular
ORD02048,24/07/2023,S004,P010,C0129,8,0.05,88.1,Tema Central Market,Tema,Greater Accra,African Black Soap,Personal Care,12,Kofi Frimpong,Male,VIP
ORD02049,06/09/2023,S003,P006,C0186,8,0.15,34.7,Takoradi Hub,Takoradi,Western,Plantain Chips,Snacks,5,Frimpong Quaye,Male,Regular
ORD02050,17/02/2023,S007,P012,C0181,8,0,142.85,Koforidua Mart,Koforidua,Eastern,Cassava Dough,Food,18,Frimpong Boateng,Male,Regular
ORD02051,13/09/2024,S007,P001,C0026,1,0.05,23.55,Koforidua Mart,Koforidua,Eastern,Ghana Jollof Mix,Food,25,Afia Frimpong,Female,New
ORD02052,14/01/2024,S008,P015,C0073,2,0.1,26.19,Sunyani Grocers,Sunyani,Bono,Ideal Milk,Beverages,15,Akosua Tetteh,Female,Regular
ORD02053,17/03/2023,S006,P013,C0188,7,0,454.06,Cape Coast Retail,Cape Coast,Central,Club Beer (6-pack),Beverages,60,Frimpong Asare,Male,Regular
ORD02054,26/08/2024,S005,P010,C0052,9,0,109.7,Tamale Superstore,Tamale,Northern,African Black Soap,Personal Care,12,Frimpong Adomako,Male,VIP
ORD02055,02/12/2023,S005,P009,C0136,5,0,97.11,Tamale Superstore,Tamale,Northern,Shea Butter Lotion,Personal Care,20,Ama Addy,Female,Regular
ORD02056,11/03/2023,S006,P014,C0093,8,0,31.28,Cape Coast Retail,Cape Coast,Central,Voltic Water (1L),Beverages,4,Abena Osei,Female,VIP
ORD02057,24/04/2024,S004,P008,C0093,6,0,50.48,Tema Central Market,Tema,Greater Accra,FanMilk Yoghurt,Beverages,8,Abena Osei,Female,VIP
ORD02058,21/12/2024,S005,P005,C0155,1,0,9.68,Tamale Superstore,Tamale,Northern,Gari (1kg),Food,10,Akosua Owusu,Female,Regular
ORD02059,25/02/2024,S007,P007,C0125,1,0.15,28.53,Koforidua Mart,Koforidua,Eastern,Alomo Bitters,Beverages,35,Yaw Quaye,Male,VIP
ORD02060,08/06/2024,S006,P001,C0145,7,0,191.44,Cape Coast Retail,Cape Coast,Central,Ghana Jollof Mix,Food,25,Esi Gyasi,Female,VIP
ORD02061,01/12/2023,S008,P005,C0148,6,0,63.61,Sunyani Grocers,Sunyani,Bono,Gari (1kg),Food,10,Yaw Danquah,Male,VIP
ORD02062,01/08/2024,S002,P009,C0200,2,0.15,33.11,Kumasi City Mart,Kumasi,Ashanti,Shea Butter Lotion,Personal Care,20,Yaw Addy,Male,Regular
ORD02063,09/06/2024,S002,P010,C0120,10,0,127.53,Kumasi City Mart,Kumasi,Ashanti,African Black Soap,Personal Care,12,Ama Quaye,Female,Regular
ORD02064,01/12/2024,S007,P014,C0071,8,0.1,31.2,Koforidua Mart,Koforidua,Eastern,Voltic Water (1L),Beverages,4,Appiah Boakye,Male,New
ORD02065,05/06/2023,S006,P002,C0047,10,0.05,149.92,Cape Coast Retail,Cape Coast,Central,Shito Pepper Sauce,Food,15.5,Yaa Asare,Female,New
ORD02066,10/12/2024,S007,P015,C0006,7,0.15,88.72,Koforidua Mart,Koforidua,Eastern,Ideal Milk,Beverages,15,Afia Asare,Female,Regular
ORD02067,30/09/2024,S007,P001,C0003,4,0.05,96.34,Koforidua Mart,Koforidua,Eastern,Ghana Jollof Mix,Food,25,Abena Appiah,Female,New
ORD02068,23/09/2023,S004,P010,C0173,6,0.15,62.34,Tema Central Market,Tema,Greater Accra,African Black Soap,Personal Care,12,Mensah Danquah,Male,New
ORD02069,12/11/2024,S004,P013,C0148,6,0.15,297.7,Tema Central Market,Tema,Greater Accra,Club Beer (6-pack),Beverages,60,Yaw Danquah,Male,VIP
ORD02070,01/06/2023,S004,P005,C0047,2,0,20.6,Tema Central Market,Tema,Greater Accra,Gari (1kg),Food,10,Yaa Asare,Female,New
ORD02071,10/02/2023,S003,P009,C0090,2,0.05,41.06,Takoradi Hub,Takoradi,Western,Shea Butter Lotion,Personal Care,20,Kwasi Boakye,Male,New
ORD02072,24/08/2023,S004,P004,C0078,3,0.1,133.49,Tema Central Market,Tema,Greater Accra,Milo Cocoa Powder,Beverages,45,Frimpong Addy,Male,VIP
ORD02073,27/08/2023,S004,P013,C0091,1,0,64.9,Tema Central Market,Tema,Greater Accra,Club Beer (6-pack),Beverages,60,Akosua Danquah,Female,New
ORD02074,26/03/2024,S002,P014,C0097,1,0.1,3.89,Kumasi City Mart,Kumasi,Ashanti,Voltic Water (1L),Beverages,4,Esi Mensah,Female,Regular
ORD02075,02/08/2023,S007,P001,C0115,8,0.1,176.36,Koforidua Mart,Koforidua,Eastern,Ghana Jollof Mix,Food,25,Kwasi Appiah,Male,VIP
ORD02076,25/01/2024,S002,P002,C0045,9,0.15,125.53,Kumasi City Mart,Kumasi,Ashanti,Shito Pepper Sauce,Food,15.5,Frimpong Adomako,Male,New
ORD02077,05/05/2023,S003,P013,C0054,2,0.1,114.6,Takoradi Hub,Takoradi,Western,Club Beer (6-pack),Beverages,60,Kojo Danquah,Male,Regular
ORD02078,02/01/2024,S006,P007,C0049,4,0,149.8,Cape Coast Retail,Cape Coast,Central,Alomo Bitters,Beverages,35,Kofi Frimpong,Male,New
ORD02079,04/01/2024,S008,P005,C0131,2,0.1,17.14,Sunyani Grocers,Sunyani,Bono,Gari (1kg),Food,10,Mensah Acheampong,Male,Regular
ORD02080,25/01/2024,S007,P007,C0026,6,0.05,217.83,Koforidua Mart,Koforidua,Eastern,Alomo Bitters,Beverages,35,Afia Frimpong,Female,New
ORD02081,08/03/2023,S007,P014,C0167,5,0,22,Koforidua Mart,Koforidua,Eastern,Voltic Water (1L),Beverages,4,Appiah Owusu,Male,New
ORD02082,28/03/2023,S007,P015,C0121,1,0.05,15.1,Koforidua Mart,Koforidua,Eastern,Ideal Milk,Beverages,15,Kofi Asare,Male,VIP
ORD02083,28/11/2023,S001,P003,C0064,3,0.15,291.13,Accra Mall SuperMart,Accra,Greater Accra,Kente Print Shirt,Apparel,120,Osei Boakye,Male,VIP
ORD02084,15/06/2024,S003,P003,C0178,8,0,920.81,Takoradi Hub,Takoradi,Western,Kente Print Shirt,Apparel,120,Afia Acheampong,Female,Regular
ORD02085,03/08/2023,S005,P006,C0159,7,0,35.45,Tamale Superstore,Tamale,Northern,Plantain Chips,Snacks,5,Kwame Boakye,Male,New
ORD02086,28/06/2023,S003,P012,C0172,3,0.05,55.5,Takoradi Hub,Takoradi,Western,Cassava Dough,Food,18,Esi Owusu,Female,Regular
ORD02087,23/04/2023,S003,P001,C0128,4,0.05,96,Takoradi Hub,Takoradi,Western,Ghana Jollof Mix,Food,25,Esi Gyasi,Female,VIP
ORD02088,18/01/2024,S005,P010,C0083,1,0,12,Tamale Superstore,Tamale,Northern,African Black Soap,Personal Care,12,Osei Appiah,Male,Regular
ORD02089,26/04/2024,S001,P012,C0037,7,0,129.9,Accra Mall SuperMart,Accra,Greater Accra,Cassava Dough,Food,18,Kofi Acheampong,Male,New
ORD02090,04/09/2024,S003,P003,C0026,1,0.05,123.64,Takoradi Hub,Takoradi,Western,Kente Print Shirt,Apparel,120,Afia Frimpong,Female,New
ORD02091,05/04/2023,S007,P002,C0029,8,0.1,122.48,Koforidua Mart,Koforidua,Eastern,Shito Pepper Sauce,Food,15.5,Ama Addy,Female,Regular
ORD02092,03/07/2024,S008,P003,C0155,1,0.05,116.44,Sunyani Grocers,Sunyani,Bono,Kente Print Shirt,Apparel,120,Akosua Owusu,Female,Regular
ORD02093,21/09/2023,S003,P006,C0169,9,0.05,46.75,Takoradi Hub,Takoradi,Western,Plantain Chips,Snacks,5,Ama Boakye,Female,VIP
ORD02094,15/11/2024,S002,P008,C0127,10,0,77.51,Kumasi City Mart,Kumasi,Ashanti,FanMilk Yoghurt,Beverages,8,Mensah Tetteh,Male,New
ORD02095,11/06/2024,S003,P013,C0037,4,0,254.75,Takoradi Hub,Takoradi,Western,Club Beer (6-pack),Beverages,60,Kofi Acheampong,Male,New
ORD02096,18/02/2024,S005,P015,C0158,2,0,29.52,Tamale Superstore,Tamale,Northern,Ideal Milk,Beverages,15,Osei Boakye,Male,New
ORD02097,09/07/2023,S005,P006,C0182,8,0.15,34.95,Tamale Superstore,Tamale,Northern,Plantain Chips,Snacks,5,Esi Frimpong,Female,New
ORD02098,14/08/2024,S005,P013,C0034,6,0.1,326.01,Tamale Superstore,Tamale,Northern,Club Beer (6-pack),Beverages,60,Esi Owusu,Female,New
ORD02099,29/05/2023,S001,P012,C0099,1,0,19.74,Accra Mall SuperMart,Accra,Greater Accra,Cassava Dough,Food,18,Appiah Boateng,Male,Regular
ORD02100,15/01/2023,S003,P011,C0009,4,0,121.14,Takoradi Hub,Takoradi,Western,Palm Oil (1L),Food,30,Kwame Acheampong,Male,Regular
ORD02101,12/01/2023,S008,P008,C0089,4,0.15,27.5,Sunyani Grocers,Sunyani,Bono,FanMilk Yoghurt,Beverages,8,Abena Gyasi,Female,VIP
ORD02102,08/08/2023,S008,P010,C0068,9,0.1,94.06,Sunyani Grocers,Sunyani,Bono,African Black Soap,Personal Care,12,Yaw Acheampong,Male,Regular
ORD02103,14/10/2023,S006,P006,C0048,5,0.05,25.44,Cape Coast Retail,Cape Coast,Central,Plantain Chips,Snacks,5,Yaa Appiah,Female,VIP
ORD02104,14/05/2024,S008,P011,C0025,6,0.15,151.38,Sunyani Grocers,Sunyani,Bono,Palm Oil (1L),Food,30,Frimpong Addy,Male,VIP
ORD02105,10/01/2024,S007,P011,C0007,9,0,260.33,Koforidua Mart,Koforidua,Eastern,Palm Oil (1L),Food,30,Kwame Osei,Male,Regular
ORD02106,13/04/2024,S002,P002,C0141,5,0,83.78,Kumasi City Mart,Kumasi,Ashanti,Shito Pepper Sauce,Food,15.5,Kwame Adomako,Male,Regular
ORD02107,11/11/2023,S008,P007,C0142,2,0.15,58.15,Sunyani Grocers,Sunyani,Bono,Alomo Bitters,Beverages,35,Kwasi Boakye,Male,New
ORD02108,07/06/2024,S004,P003,C0175,4,0,470.3,Tema Central Market,Tema,Greater Accra,Kente Print Shirt,Apparel,120,Kwame Osei,Male,Regular
ORD02109,29/12/2023,S003,P010,C0136,9,0,115.56,Takoradi Hub,Takoradi,Western,African Black Soap,Personal Care,12,Ama Addy,Female,Regular
ORD02110,07/01/2024,S004,P012,C0136,3,0.05,49.96,Tema Central Market,Tema,Greater Accra,Cassava Dough,Food,18,Ama Addy,Female,Regular
ORD02111,27/11/2024,S003,P011,C0163,10,0,322.95,Takoradi Hub,Takoradi,Western,Palm Oil (1L),Food,30,Mensah Acheampong,Male,Regular
ORD02112,05/06/2023,S007,P014,C0052,5,0,21.88,Koforidua Mart,Koforidua,Eastern,Voltic Water (1L),Beverages,4,Frimpong Adomako,Male,VIP
ORD02113,15/02/2024,S005,P007,C0134,7,0.1,224.95,Tamale Superstore,Tamale,Northern,Alomo Bitters,Beverages,35,Kojo Quaye,Male,New
ORD02114,20/05/2023,S005,P001,C0020,5,0.15,111.59,Tamale Superstore,Tamale,Northern,Ghana Jollof Mix,Food,25,Afia Owusu,Female,Regular
ORD02115,02/08/2023,S002,P001,C0194,7,0,170.02,Kumasi City Mart,Kumasi,Ashanti,Ghana Jollof Mix,Food,25,Ama Asare,Female,Regular
ORD02116,14/06/2023,S004,P007,C0041,7,0.1,229.04,Tema Central Market,Tema,Greater Accra,Alomo Bitters,Beverages,35,Esi Boateng,Female,Regular
ORD02117,12/09/2023,S006,P002,C0058,5,0,84,Cape Coast Retail,Cape Coast,Central,Shito Pepper Sauce,Food,15.5,Afia Osei,Female,VIP
ORD02118,07/05/2023,S003,P004,C0114,3,0.05,136.47,Takoradi Hub,Takoradi,Western,Milo Cocoa Powder,Beverages,45,Kojo Danquah,Male,Regular
ORD02119,12/01/2023,S002,P009,C0080,9,0,191.83,Kumasi City Mart,Kumasi,Ashanti,Shea Butter Lotion,Personal Care,20,Frimpong Adomako,Male,Regular
ORD02120,04/09/2024,S008,P004,C0170,8,0.05,367.08,Sunyani Grocers,Sunyani,Bono,Milo Cocoa Powder,Beverages,45,Appiah Owusu,Male,Regular
ORD02121,08/07/2024,S008,P003,C0019,6,0.05,747.22,Sunyani Grocers,Sunyani,Bono,Kente Print Shirt,Apparel,120,Akosua Addy,Female,VIP
ORD02122,11/02/2023,S007,P014,C0066,2,0.1,7.3,Koforidua Mart,Koforidua,Eastern,Voltic Water (1L),Beverages,4,Kofi Danquah,Male,Regular
ORD02123,22/06/2023,S008,P013,C0075,4,0.15,196.95,Sunyani Grocers,Sunyani,Bono,Club Beer (6-pack),Beverages,60,Frimpong Mensah,Male,New
ORD02124,09/09/2024,S006,P004,C0171,8,0.1,328.29,Cape Coast Retail,Cape Coast,Central,Milo Cocoa Powder,Beverages,45,Kwame Boateng,Male,Regular
ORD02125,15/10/2024,S002,P014,C0198,5,0.05,20.63,Kumasi City Mart,Kumasi,Ashanti,Voltic Water (1L),Beverages,4,Abena Mensah,Female,New
ORD02126,17/10/2024,S006,P007,C0171,5,0.05,160.01,Cape Coast Retail,Cape Coast,Central,Alomo Bitters,Beverages,35,Kwame Boateng,Male,Regular
ORD02127,14/04/2023,S008,P004,C0150,8,0,373.92,Sunyani Grocers,Sunyani,Bono,Milo Cocoa Powder,Beverages,45,Kwame Danquah,Male,New
ORD02128,12/11/2024,S005,P002,C0200,8,0.15,109.72,Tamale Superstore,Tamale,Northern,Shito Pepper Sauce,Food,15.5,Yaw Addy,Male,Regular
ORD02129,02/08/2024,S007,P010,C0133,7,0,87.38,Koforidua Mart,Koforidua,Eastern,African Black Soap,Personal Care,12,Kwame Adomako,Male,VIP
ORD02130,27/08/2024,S002,P010,C0025,2,0,24.1,Kumasi City Mart,Kumasi,Ashanti,African Black Soap,Personal Care,12,Frimpong Addy,Male,VIP
ORD02131,19/11/2024,S007,P014,C0101,1,0.05,3.98,Koforidua Mart,Koforidua,Eastern,Voltic Water (1L),Beverages,4,Esi Danquah,Female,Regular
ORD02132,26/03/2024,S008,P010,C0134,1,0.1,11.58,Sunyani Grocers,Sunyani,Bono,African Black Soap,Personal Care,12,Kojo Quaye,Male,New
ORD02133,05/10/2024,S007,P011,C0007,4,0.15,99.67,Koforidua Mart,Koforidua,Eastern,Palm Oil (1L),Food,30,Kwame Osei,Male,Regular
ORD02134,07/10/2024,S006,P002,C0075,7,0,114.94,Cape Coast Retail,Cape Coast,Central,Shito Pepper Sauce,Food,15.5,Frimpong Mensah,Male,New
ORD02135,17/09/2023,S006,P014,C0175,6,0.05,24.99,Cape Coast Retail,Cape Coast,Central,Voltic Water (1L),Beverages,4,Kwame Osei,Male,Regular
ORD02136,12/09/2023,S005,P008,C0013,6,0.1,45.57,Tamale Superstore,Tamale,Northern,FanMilk Yoghurt,Beverages,8,Osei Addy,Male,Regular
ORD02137,12/10/2024,S005,P013,C0042,4,0.15,217.39,Tamale Superstore,Tamale,Northern,Club Beer (6-pack),Beverages,60,Abena Addy,Female,Regular
ORD02138,14/07/2024,S006,P012,C0103,6,0,116.28,Cape Coast Retail,Cape Coast,Central,Cassava Dough,Food,18,Frimpong Quaye,Male,New
ORD02139,02/04/2023,S006,P006,C0158,9,0,44.89,Cape Coast Retail,Cape Coast,Central,Plantain Chips,Snacks,5,Osei Boakye,Male,New
ORD02140,10/11/2023,S002,P015,C0185,2,0.1,26.92,Kumasi City Mart,Kumasi,Ashanti,Ideal Milk,Beverages,15,Afia Gyasi,Female,Regular
ORD02141,24/05/2024,S003,P013,C0098,4,0.05,245.87,Takoradi Hub,Takoradi,Western,Club Beer (6-pack),Beverages,60,Ama Quaye,Female,Regular
ORD02142,12/05/2024,S006,P006,C0113,6,0,32.82,Cape Coast Retail,Cape Coast,Central,Plantain Chips,Snacks,5,Abena Frimpong,Female,Regular
ORD02143,27/11/2023,S001,P002,C0049,10,0.05,159.96,Accra Mall SuperMart,Accra,Greater Accra,Shito Pepper Sauce,Food,15.5,Kofi Frimpong,Male,New
ORD02144,18/12/2024,S005,P013,C0144,9,0,545.24,Tamale Superstore,Tamale,Northern,Club Beer (6-pack),Beverages,60,Frimpong Owusu,Male,Regular
ORD02145,13/12/2024,S002,P004,C0024,2,0.15,83.17,Kumasi City Mart,Kumasi,Ashanti,Milo Cocoa Powder,Beverages,45,Appiah Boakye,Male,New
ORD02146,10/11/2024,S007,P014,C0068,3,0.05,11.74,Koforidua Mart,Koforidua,Eastern,Voltic Water (1L),Beverages,4,Yaw Acheampong,Male,Regular
ORD02147,11/02/2024,S003,P015,C0099,2,0.05,29.7,Takoradi Hub,Takoradi,Western,Ideal Milk,Beverages,15,Appiah Boateng,Male,Regular
ORD02148,26/03/2023,S006,P004,C0114,1,0,46.45,Cape Coast Retail,Cape Coast,Central,Milo Cocoa Powder,Beverages,45,Kojo Danquah,Male,Regular
ORD02149,14/11/2024,S005,P001,C0127,4,0,98.68,Tamale Superstore,Tamale,Northern,Ghana Jollof Mix,Food,25,Mensah Tetteh,Male,New
ORD02150,20/08/2023,S008,P011,C0056,3,0,89.51,Sunyani Grocers,Sunyani,Bono,Palm Oil (1L),Food,30,Kofi Boakye,Male,Regular
ORD02151,22/01/2023,S008,P014,C0113,7,0.15,24.58,Sunyani Grocers,Sunyani,Bono,Voltic Water (1L),Beverages,4,Abena Frimpong,Female,Regular
ORD02152,04/08/2024,S004,P007,C0048,9,0.15,270.41,Tema Central Market,Tema,Greater Accra,Alomo Bitters,Beverages,35,Yaa Appiah,Female,VIP
ORD02153,12/08/2024,S007,P012,C0067,6,0.05,104.11,Koforidua Mart,Koforidua,Eastern,Cassava Dough,Food,18,Mensah Quaye,Male,New
ORD02154,09/01/2024,S004,P006,C0139,6,0,32.81,Tema Central Market,Tema,Greater Accra,Plantain Chips,Snacks,5,Kwasi Osei,Male,New
ORD02155,18/05/2023,S006,P014,C0180,4,0.15,14.1,Cape Coast Retail,Cape Coast,Central,Voltic Water (1L),Beverages,4,Yaw Boateng,Male,Regular
ORD02156,09/04/2023,S008,P009,C0081,2,0.15,33.46,Sunyani Grocers,Sunyani,Bono,Shea Butter Lotion,Personal Care,20,Ama Gyasi,Female,VIP
ORD02157,23/12/2023,S004,P008,C0069,10,0,81.52,Tema Central Market,Tema,Greater Accra,FanMilk Yoghurt,Beverages,8,Kojo Quaye,Male,Regular
ORD02158,24/03/2024,S008,P010,C0112,2,0,22.88,Sunyani Grocers,Sunyani,Bono,African Black Soap,Personal Care,12,Mensah Boateng,Male,Regular
ORD02159,04/04/2024,S001,P015,C0089,8,0,115.15,Accra Mall SuperMart,Accra,Greater Accra,Ideal Milk,Beverages,15,Abena Gyasi,Female,VIP
ORD02160,29/12/2023,S002,P012,C0071,10,0.05,186.75,Kumasi City Mart,Kumasi,Ashanti,Cassava Dough,Food,18,Appiah Boakye,Male,New
ORD02161,29/01/2023,S008,P007,C0181,3,0.1,92.83,Sunyani Grocers,Sunyani,Bono,Alomo Bitters,Beverages,35,Frimpong Boateng,Male,Regular
ORD02162,07/04/2024,S005,P009,C0179,5,0.05,93.56,Tamale Superstore,Tamale,Northern,Shea Butter Lotion,Personal Care,20,Kwasi Appiah,Male,Regular
ORD02163,04/06/2024,S007,P003,C0197,9,0.15,915.4,Koforidua Mart,Koforidua,Eastern,Kente Print Shirt,Apparel,120,Akosua Owusu,Female,Regular
ORD02164,07/01/2023,S001,P012,C0194,6,0.15,88.86,Accra Mall SuperMart,Accra,Greater Accra,Cassava Dough,Food,18,Ama Asare,Female,Regular
ORD02165,14/03/2023,S002,P009,C0106,3,0,59.24,Kumasi City Mart,Kumasi,Ashanti,Shea Butter Lotion,Personal Care,20,Abena Osei,Female,Regular
ORD02166,07/09/2024,S003,P014,C0047,1,0.1,3.81,Takoradi Hub,Takoradi,Western,Voltic Water (1L),Beverages,4,Yaa Asare,Female,New
ORD02167,06/12/2023,S002,P002,C0104,10,0.1,149.37,Kumasi City Mart,Kumasi,Ashanti,Shito Pepper Sauce,Food,15.5,Afia Danquah,Female,Regular
ORD02168,26/01/2024,S008,P003,C0088,3,0,358.8,Sunyani Grocers,Sunyani,Bono,Kente Print Shirt,Apparel,120,Osei Gyasi,Male,New
ORD02169,01/07/2023,S007,P015,C0065,8,0,117.32,Koforidua Mart,Koforidua,Eastern,Ideal Milk,Beverages,15,Ama Owusu,Female,VIP
ORD02170,16/02/2024,S004,P004,C0090,2,0.05,87.02,Tema Central Market,Tema,Greater Accra,Milo Cocoa Powder,Beverages,45,Kwasi Boakye,Male,New
ORD02171,07/04/2023,S005,P001,C0156,1,0.15,20.38,Tamale Superstore,Tamale,Northern,Ghana Jollof Mix,Food,25,Yaa Addy,Female,New
ORD02172,18/01/2024,S002,P003,C0001,9,0,1026.76,Kumasi City Mart,Kumasi,Ashanti,Kente Print Shirt,Apparel,120,Esi Osei,Female,Regular
ORD02173,29/01/2024,S005,P001,C0146,10,0.05,256.24,Tamale Superstore,Tamale,Northern,Ghana Jollof Mix,Food,25,Abena Owusu,Female,VIP
ORD02174,26/06/2023,S004,P011,C0159,8,0,247.27,Tema Central Market,Tema,Greater Accra,Palm Oil (1L),Food,30,Kwame Boakye,Male,New
ORD02175,20/12/2023,S002,P014,C0175,3,0.15,10.26,Kumasi City Mart,Kumasi,Ashanti,Voltic Water (1L),Beverages,4,Kwame Osei,Male,Regular
ORD02176,01/07/2023,S008,P012,C0198,3,0.15,44.63,Sunyani Grocers,Sunyani,Bono,Cassava Dough,Food,18,Abena Mensah,Female,New
ORD02177,31/03/2024,S001,P010,C0010,9,0,115.68,Accra Mall SuperMart,Accra,Greater Accra,African Black Soap,Personal Care,12,Mensah Boakye,Male,New
ORD02178,16/11/2023,S005,P002,C0090,3,0.15,40.62,Tamale Superstore,Tamale,Northern,Shito Pepper Sauce,Food,15.5,Kwasi Boakye,Male,New
ORD02179,13/04/2023,S008,P004,C0155,3,0.15,124.85,Sunyani Grocers,Sunyani,Bono,Milo Cocoa Powder,Beverages,45,Akosua Owusu,Female,Regular
ORD02180,10/04/2024,S007,P013,C0115,2,0.15,97.9,Koforidua Mart,Koforidua,Eastern,Club Beer (6-pack),Beverages,60,Kwasi Appiah,Male,VIP
ORD02181,10/09/2023,S006,P003,C0062,8,0,1026.34,Cape Coast Retail,Cape Coast,Central,Kente Print Shirt,Apparel,120,Mensah Osei,Male,New
ORD02182,12/02/2023,S006,P001,C0123,10,0,269.29,Cape Coast Retail,Cape Coast,Central,Ghana Jollof Mix,Food,25,Frimpong Mensah,Male,Regular
ORD02183,04/04/2023,S006,P015,C0135,10,0.15,134.55,Cape Coast Retail,Cape Coast,Central,Ideal Milk,Beverages,15,Kofi Mensah,Male,New
ORD02184,18/06/2024,S007,P013,C0140,4,0.05,227.55,Koforidua Mart,Koforidua,Eastern,Club Beer (6-pack),Beverages,60,Abena Adomako,Female,New
ORD02185,03/04/2024,S004,P005,C0161,7,0.1,63.96,Tema Central Market,Tema,Greater Accra,Gari (1kg),Food,10,Ama Quaye,Female,Regular
ORD02186,26/03/2023,S008,P001,C0126,2,0.05,49.12,Sunyani Grocers,Sunyani,Bono,Ghana Jollof Mix,Food,25,Yaw Asare,Male,New
ORD02187,16/09/2024,S007,P005,C0128,5,0,51.46,Koforidua Mart,Koforidua,Eastern,Gari (1kg),Food,10,Esi Gyasi,Female,VIP
ORD02188,12/02/2023,S004,P002,C0079,10,0.15,135.89,Tema Central Market,Tema,Greater Accra,Shito Pepper Sauce,Food,15.5,Abena Mensah,Female,Regular
ORD02189,18/10/2024,S006,P012,C0013,9,0,155.05,Cape Coast Retail,Cape Coast,Central,Cassava Dough,Food,18,Osei Addy,Male,Regular
ORD02190,07/11/2023,S007,P004,C0091,9,0,434.79,Koforidua Mart,Koforidua,Eastern,Milo Cocoa Powder,Beverages,45,Akosua Danquah,Female,New
ORD02191,01/12/2024,S007,P012,C0131,9,0,166.26,Koforidua Mart,Koforidua,Eastern,Cassava Dough,Food,18,Mensah Acheampong,Male,Regular
ORD02192,28/11/2024,S001,P015,C0055,2,0.1,29.5,Accra Mall SuperMart,Accra,Greater Accra,Ideal Milk,Beverages,15,Osei Mensah,Male,Regular
ORD02193,15/08/2023,S006,P002,C0183,4,0.1,54.74,Cape Coast Retail,Cape Coast,Central,Shito Pepper Sauce,Food,15.5,Ama Boateng,Female,New
ORD02194,17/10/2024,S001,P001,C0098,4,0,108.86,Accra Mall SuperMart,Accra,Greater Accra,Ghana Jollof Mix,Food,25,Ama Quaye,Female,Regular
ORD02195,05/01/2023,S004,P011,C0085,3,0.1,86.99,Tema Central Market,Tema,Greater Accra,Palm Oil (1L),Food,30,Kofi Owusu,Male,New
ORD02196,16/01/2024,S007,P001,C0040,3,0.15,62.92,Koforidua Mart,Koforidua,Eastern,Ghana Jollof Mix,Food,25,Mensah Acheampong,Male,Regular
ORD02197,15/11/2024,S005,P015,C0109,10,0.05,139.75,Tamale Superstore,Tamale,Northern,Ideal Milk,Beverages,15,Appiah Gyasi,Male,Regular
ORD02198,31/10/2024,S005,P007,C0177,1,0.1,33.82,Tamale Superstore,Tamale,Northern,Alomo Bitters,Beverages,35,Kojo Mensah,Male,VIP
ORD02199,22/01/2024,S005,P014,C0049,8,0.05,31.62,Tamale Superstore,Tamale,Northern,Voltic Water (1L),Beverages,4,Kofi Frimpong,Male,New
ORD02200,03/10/2024,S007,P001,C0179,8,0,209.89,Koforidua Mart,Koforidua,Eastern,Ghana Jollof Mix,Food,25,Kwasi Appiah,Male,Regular
ORD02201,17/08/2023,S002,P011,C0030,2,0,65.12,Kumasi City Mart,Kumasi,Ashanti,Palm Oil (1L),Food,30,Appiah Osei,Male,VIP
ORD02202,15/05/2024,S002,P003,C0138,6,0,785.9,Kumasi City Mart,Kumasi,Ashanti,Kente Print Shirt,Apparel,120,Esi Addy,Female,Regular
ORD02203,20/09/2023,S007,P005,C0138,5,0.05,51.22,Koforidua Mart,Koforidua,Eastern,Gari (1kg),Food,10,Esi Addy,Female,Regular
ORD02204,25/09/2023,S002,P013,C0031,7,0,458.86,Kumasi City Mart,Kumasi,Ashanti,Club Beer (6-pack),Beverages,60,Yaw Danquah,Male,New
ORD02205,22/07/2024,S008,P004,C0033,9,0,413.24,Sunyani Grocers,Sunyani,Bono,Milo Cocoa Powder,Beverages,45,Akosua Boateng,Female,Regular
ORD02206,22/04/2023,S002,P004,C0010,7,0,303.2,Kumasi City Mart,Kumasi,Ashanti,Milo Cocoa Powder,Beverages,45,Mensah Boakye,Male,New
ORD02207,11/12/2024,S002,P004,C0112,10,0.05,434.22,Kumasi City Mart,Kumasi,Ashanti,Milo Cocoa Powder,Beverages,45,Mensah Boateng,Male,Regular
ORD02208,27/05/2023,S008,P010,C0197,1,0.15,10.86,Sunyani Grocers,Sunyani,Bono,African Black Soap,Personal Care,12,Akosua Owusu,Female,Regular
ORD02209,13/07/2023,S004,P012,C0082,1,0.15,14.57,Tema Central Market,Tema,Greater Accra,Cassava Dough,Food,18,Appiah Osei,Male,New
ORD02210,06/06/2023,S006,P014,C0065,3,0.05,11.62,Cape Coast Retail,Cape Coast,Central,Voltic Water (1L),Beverages,4,Ama Owusu,Female,VIP
ORD02211,21/10/2024,S001,P007,C0098,3,0.05,102.33,Accra Mall SuperMart,Accra,Greater Accra,Alomo Bitters,Beverages,35,Ama Quaye,Female,Regular
ORD02212,19/08/2023,S003,P011,C0050,6,0.1,154.52,Takoradi Hub,Takoradi,Western,Palm Oil (1L),Food,30,Kojo Acheampong,Male,VIP
ORD02213,27/03/2024,S002,P014,C0063,10,0.15,33.77,Kumasi City Mart,Kumasi,Ashanti,Voltic Water (1L),Beverages,4,Frimpong Acheampong,Male,VIP
ORD02214,14/06/2023,S003,P009,C0082,1,0,21.05,Takoradi Hub,Takoradi,Western,Shea Butter Lotion,Personal Care,20,Appiah Osei,Male,New
ORD02215,24/02/2024,S001,P010,C0185,3,0.05,34.39,Accra Mall SuperMart,Accra,Greater Accra,African Black Soap,Personal Care,12,Afia Gyasi,Female,Regular
ORD02216,27/05/2023,S002,P011,C0060,1,0.1,25.66,Kumasi City Mart,Kumasi,Ashanti,Palm Oil (1L),Food,30,Kojo Owusu,Male,New
ORD02217,01/03/2023,S007,P013,C0146,2,0,127.72,Koforidua Mart,Koforidua,Eastern,Club Beer (6-pack),Beverages,60,Abena Owusu,Female,VIP
ORD02218,06/02/2023,S002,P001,C0167,8,0.15,177.94,Kumasi City Mart,Kumasi,Ashanti,Ghana Jollof Mix,Food,25,Appiah Owusu,Male,New
ORD02219,17/10/2023,S007,P008,C0192,4,0.1,30.01,Koforidua Mart,Koforidua,Eastern,FanMilk Yoghurt,Beverages,8,Osei Frimpong,Male,VIP
ORD02220,20/12/2023,S008,P008,C0040,8,0.15,58.86,Sunyani Grocers,Sunyani,Bono,FanMilk Yoghurt,Beverages,8,Mensah Acheampong,Male,Regular
ORD02221,18/08/2023,S003,P005,C0164,3,0.1,29.7,Takoradi Hub,Takoradi,Western,Gari (1kg),Food,10,Yaw Owusu,Male,New
ORD02222,14/06/2023,S006,P012,C0006,7,0.05,116.3,Cape Coast Retail,Cape Coast,Central,Cassava Dough,Food,18,Afia Asare,Female,Regular
ORD02223,15/04/2024,S007,P012,C0139,4,0.1,62.78,Koforidua Mart,Koforidua,Eastern,Cassava Dough,Food,18,Kwasi Osei,Male,New
ORD02224,03/10/2024,S006,P004,C0104,7,0.1,288.91,Cape Coast Retail,Cape Coast,Central,Milo Cocoa Powder,Beverages,45,Afia Danquah,Female,Regular
ORD02225,08/04/2024,S008,P007,C0119,6,0.05,199.28,Sunyani Grocers,Sunyani,Bono,Alomo Bitters,Beverages,35,Kojo Addy,Male,Regular
ORD02226,13/02/2024,S003,P012,C0136,4,0,70.74,Takoradi Hub,Takoradi,Western,Cassava Dough,Food,18,Ama Addy,Female,Regular
ORD02227,15/07/2023,S004,P014,C0187,10,0.05,41.23,Tema Central Market,Tema,Greater Accra,Voltic Water (1L),Beverages,4,Appiah Appiah,Male,Regular
ORD02228,15/07/2024,S007,P006,C0165,5,0,25.22,Koforidua Mart,Koforidua,Eastern,Plantain Chips,Snacks,5,Abena Gyasi,Female,VIP
ORD02229,26/04/2024,S002,P009,C0167,8,0.05,165.03,Kumasi City Mart,Kumasi,Ashanti,Shea Butter Lotion,Personal Care,20,Appiah Owusu,Male,New
ORD02230,30/09/2024,S007,P001,C0052,4,0.05,98.11,Koforidua Mart,Koforidua,Eastern,Ghana Jollof Mix,Food,25,Frimpong Adomako,Male,VIP
ORD02231,10/06/2023,S007,P015,C0133,7,0,114.61,Koforidua Mart,Koforidua,Eastern,Ideal Milk,Beverages,15,Kwame Adomako,Male,VIP
ORD02232,25/01/2023,S004,P007,C0146,3,0.05,109.48,Tema Central Market,Tema,Greater Accra,Alomo Bitters,Beverages,35,Abena Owusu,Female,VIP
ORD02233,27/11/2024,S003,P011,C0103,10,0,291.78,Takoradi Hub,Takoradi,Western,Palm Oil (1L),Food,30,Frimpong Quaye,Male,New
ORD02234,21/11/2023,S008,P004,C0190,3,0.1,121.19,Sunyani Grocers,Sunyani,Bono,Milo Cocoa Powder,Beverages,45,Osei Quaye,Male,VIP
ORD02235,19/09/2024,S001,P011,C0025,2,0,57.19,Accra Mall SuperMart,Accra,Greater Accra,Palm Oil (1L),Food,30,Frimpong Addy,Male,VIP
ORD02236,24/02/2023,S006,P014,C0024,6,0.05,22.35,Cape Coast Retail,Cape Coast,Central,Voltic Water (1L),Beverages,4,Appiah Boakye,Male,New
ORD02237,04/06/2023,S004,P005,C0017,6,0.15,55.41,Tema Central Market,Tema,Greater Accra,Gari (1kg),Food,10,Osei Boateng,Male,Regular
ORD02238,20/08/2024,S008,P008,C0087,3,0.05,22.7,Sunyani Grocers,Sunyani,Bono,FanMilk Yoghurt,Beverages,8,Abena Quaye,Female,New
ORD02239,29/07/2024,S003,P015,C0039,3,0.1,39.19,Takoradi Hub,Takoradi,Western,Ideal Milk,Beverages,15,Kwasi Owusu,Male,New
ORD02240,25/09/2024,S007,P003,C0144,9,0.1,1025.44,Koforidua Mart,Koforidua,Eastern,Kente Print Shirt,Apparel,120,Frimpong Owusu,Male,Regular
ORD02241,15/10/2023,S004,P002,C0170,3,0.1,40.37,Tema Central Market,Tema,Greater Accra,Shito Pepper Sauce,Food,15.5,Appiah Owusu,Male,Regular
ORD02242,10/02/2023,S003,P015,C0098,8,0.1,110.33,Takoradi Hub,Takoradi,Western,Ideal Milk,Beverages,15,Ama Quaye,Female,Regular
ORD02243,21/01/2023,S006,P015,C0113,10,0.15,124.6,Cape Coast Retail,Cape Coast,Central,Ideal Milk,Beverages,15,Abena Frimpong,Female,Regular
ORD02244,21/01/2023,S008,P011,C0146,6,0.05,187.79,Sunyani Grocers,Sunyani,Bono,Palm Oil (1L),Food,30,Abena Owusu,Female,VIP
ORD02245,14/01/2024,S002,P003,C0035,10,0.05,1198.83,Kumasi City Mart,Kumasi,Ashanti,Kente Print Shirt,Apparel,120,Frimpong Boakye,Male,New
ORD02246,03/06/2023,S002,P015,C0172,4,0.05,56.65,Kumasi City Mart,Kumasi,Ashanti,Ideal Milk,Beverages,15,Esi Owusu,Female,Regular
ORD02247,27/03/2023,S006,P010,C0127,1,0.15,11.05,Cape Coast Retail,Cape Coast,Central,African Black Soap,Personal Care,12,Mensah Tetteh,Male,New
ORD02248,03/03/2024,S003,P006,C0065,4,0.15,16.86,Takoradi Hub,Takoradi,Western,Plantain Chips,Snacks,5,Ama Owusu,Female,VIP
ORD02249,16/06/2024,S001,P008,C0082,3,0,25.14,Accra Mall SuperMart,Accra,Greater Accra,FanMilk Yoghurt,Beverages,8,Appiah Osei,Male,New
ORD02250,18/12/2024,S005,P005,C0115,7,0.05,63.58,Tamale Superstore,Tamale,Northern,Gari (1kg),Food,10,Kwasi Appiah,Male,VIP
ORD02251,03/11/2024,S008,P011,C0021,6,0.15,146.07,Sunyani Grocers,Sunyani,Bono,Palm Oil (1L),Food,30,Mensah Danquah,Male,New
ORD02252,01/10/2024,S001,P012,C0147,1,0.05,17.22,Accra Mall SuperMart,Accra,Greater Accra,Cassava Dough,Food,18,Kofi Boakye,Male,New
ORD02253,26/04/2024,S007,P007,C0010,5,0.1,157.55,Koforidua Mart,Koforidua,Eastern,Alomo Bitters,Beverages,35,Mensah Boakye,Male,New
ORD02254,08/06/2024,S007,P007,C0182,6,0,229.2,Koforidua Mart,Koforidua,Eastern,Alomo Bitters,Beverages,35,Esi Frimpong,Female,New
ORD02255,25/09/2023,S004,P008,C0073,5,0,43.48,Tema Central Market,Tema,Greater Accra,FanMilk Yoghurt,Beverages,8,Akosua Tetteh,Female,Regular
ORD02256,18/11/2024,S002,P013,C0171,6,0.15,331.82,Kumasi City Mart,Kumasi,Ashanti,Club Beer (6-pack),Beverages,60,Kwame Boateng,Male,Regular
ORD02257,24/01/2023,S003,P013,C0196,2,0,115.34,Takoradi Hub,Takoradi,Western,Club Beer (6-pack),Beverages,60,Abena Addy,Female,VIP
ORD02258,18/01/2024,S002,P003,C0147,4,0,518.19,Kumasi City Mart,Kumasi,Ashanti,Kente Print Shirt,Apparel,120,Kofi Boakye,Male,New
ORD02259,10/01/2023,S001,P012,C0088,10,0,175.22,Accra Mall SuperMart,Accra,Greater Accra,Cassava Dough,Food,18,Osei Gyasi,Male,New
ORD02260,03/10/2024,S008,P011,C0085,2,0.15,49.38,Sunyani Grocers,Sunyani,Bono,Palm Oil (1L),Food,30,Kofi Owusu,Male,New
ORD02261,22/12/2024,S003,P004,C0191,2,0,86.74,Takoradi Hub,Takoradi,Western,Milo Cocoa Powder,Beverages,45,Osei Boakye,Male,New
ORD02262,04/04/2023,S001,P007,C0176,4,0,134.05,Accra Mall SuperMart,Accra,Greater Accra,Alomo Bitters,Beverages,35,Frimpong Gyasi,Male,Regular
ORD02263,23/03/2023,S007,P006,C0161,9,0,45.96,Koforidua Mart,Koforidua,Eastern,Plantain Chips,Snacks,5,Ama Quaye,Female,Regular
ORD02264,22/07/2023,S008,P010,C0181,3,0.1,32.18,Sunyani Grocers,Sunyani,Bono,African Black Soap,Personal Care,12,Frimpong Boateng,Male,Regular
ORD02265,23/11/2024,S001,P008,C0048,9,0,69.26,Accra Mall SuperMart,Accra,Greater Accra,FanMilk Yoghurt,Beverages,8,Yaa Appiah,Female,VIP
ORD02266,22/07/2023,S005,P003,C0139,10,0,1265.99,Tamale Superstore,Tamale,Northern,Kente Print Shirt,Apparel,120,Kwasi Osei,Male,New
ORD02267,20/12/2024,S002,P004,C0048,6,0,263.08,Kumasi City Mart,Kumasi,Ashanti,Milo Cocoa Powder,Beverages,45,Yaa Appiah,Female,VIP
ORD02268,12/10/2024,S005,P010,C0106,9,0.05,100.83,Tamale Superstore,Tamale,Northern,African Black Soap,Personal Care,12,Abena Osei,Female,Regular
ORD02269,14/09/2023,S006,P012,C0062,9,0,169.81,Cape Coast Retail,Cape Coast,Central,Cassava Dough,Food,18,Mensah Osei,Male,New
ORD02270,30/11/2024,S005,P005,C0194,3,0,28.78,Tamale Superstore,Tamale,Northern,Gari (1kg),Food,10,Ama Asare,Female,Regular
ORD02271,20/05/2024,S006,P015,C0188,1,0.15,13.56,Cape Coast Retail,Cape Coast,Central,Ideal Milk,Beverages,15,Frimpong Asare,Male,Regular
ORD02272,16/03/2024,S002,P011,C0196,8,0,263.18,Kumasi City Mart,Kumasi,Ashanti,Palm Oil (1L),Food,30,Abena Addy,Female,VIP
ORD02273,21/11/2024,S002,P006,C0151,6,0.15,26.82,Kumasi City Mart,Kumasi,Ashanti,Plantain Chips,Snacks,5,Afia Osei,Female,Regular
ORD02274,09/03/2023,S005,P012,C0082,8,0.05,145.19,Tamale Superstore,Tamale,Northern,Cassava Dough,Food,18,Appiah Osei,Male,New
ORD02275,06/05/2024,S006,P008,C0077,8,0.05,62.74,Cape Coast Retail,Cape Coast,Central,FanMilk Yoghurt,Beverages,8,Ama Quaye,Female,VIP
ORD02276,14/07/2023,S004,P010,C0044,1,0.05,11.53,Tema Central Market,Tema,Greater Accra,African Black Soap,Personal Care,12,Yaw Osei,Male,Regular
ORD02277,17/04/2024,S006,P015,C0104,8,0.1,109.93,Cape Coast Retail,Cape Coast,Central,Ideal Milk,Beverages,15,Afia Danquah,Female,Regular
ORD02278,26/05/2023,S007,P007,C0007,3,0.05,100.47,Koforidua Mart,Koforidua,Eastern,Alomo Bitters,Beverages,35,Kwame Osei,Male,Regular
ORD02279,09/10/2024,S003,P007,C0094,1,0.1,33.66,Takoradi Hub,Takoradi,Western,Alomo Bitters,Beverages,35,Kwame Adomako,Male,New
ORD02280,08/11/2024,S003,P003,C0152,3,0,347.12,Takoradi Hub,Takoradi,Western,Kente Print Shirt,Apparel,120,Kojo Frimpong,Male,New
ORD02281,05/02/2024,S008,P003,C0070,6,0,686.34,Sunyani Grocers,Sunyani,Bono,Kente Print Shirt,Apparel,120,Appiah Boakye,Male,VIP
ORD02282,06/02/2024,S003,P005,C0141,5,0,48.92,Takoradi Hub,Takoradi,Western,Gari (1kg),Food,10,Kwame Adomako,Male,Regular
ORD02283,13/09/2024,S008,P007,C0112,3,0.1,103.51,Sunyani Grocers,Sunyani,Bono,Alomo Bitters,Beverages,35,Mensah Boateng,Male,Regular
ORD02284,03/03/2023,S006,P002,C0018,6,0.1,87.15,Cape Coast Retail,Cape Coast,Central,Shito Pepper Sauce,Food,15.5,Ama Asare,Female,Regular
ORD02285,25/05/2023,S004,P009,C0127,4,0.1,73.7,Tema Central Market,Tema,Greater Accra,Shea Butter Lotion,Personal Care,20,Mensah Tetteh,Male,New
ORD02286,12/11/2023,S003,P006,C0162,5,0.15,21.55,Takoradi Hub,Takoradi,Western,Plantain Chips,Snacks,5,Yaw Osei,Male,Regular
ORD02287,05/05/2023,S003,P009,C0073,6,0.05,122.1,Takoradi Hub,Takoradi,Western,Shea Butter Lotion,Personal Care,20,Akosua Tetteh,Female,Regular
ORD02288,12/05/2023,S006,P010,C0122,2,0,24.41,Cape Coast Retail,Cape Coast,Central,African Black Soap,Personal Care,12,Yaa Frimpong,Female,VIP
ORD02289,03/03/2024,S004,P004,C0084,4,0.05,178.71,Tema Central Market,Tema,Greater Accra,Milo Cocoa Powder,Beverages,45,Esi Danquah,Female,New
ORD02290,02/05/2024,S005,P009,C0088,10,0.05,200.4,Tamale Superstore,Tamale,Northern,Shea Butter Lotion,Personal Care,20,Osei Gyasi,Male,New
ORD02291,11/05/2023,S006,P013,C0162,10,0,633.73,Cape Coast Retail,Cape Coast,Central,Club Beer (6-pack),Beverages,60,Yaw Osei,Male,Regular
ORD02292,16/09/2024,S004,P014,C0064,8,0.15,27.76,Tema Central Market,Tema,Greater Accra,Voltic Water (1L),Beverages,4,Osei Boakye,Male,VIP
ORD02293,20/01/2023,S006,P009,C0025,7,0,146.1,Cape Coast Retail,Cape Coast,Central,Shea Butter Lotion,Personal Care,20,Frimpong Addy,Male,VIP
ORD02294,25/03/2023,S008,P008,C0155,5,0,40.7,Sunyani Grocers,Sunyani,Bono,FanMilk Yoghurt,Beverages,8,Akosua Owusu,Female,Regular
ORD02295,17/07/2023,S005,P012,C0037,6,0,110.27,Tamale Superstore,Tamale,Northern,Cassava Dough,Food,18,Kofi Acheampong,Male,New
ORD02296,17/08/2023,S001,P006,C0092,10,0.1,46.54,Accra Mall SuperMart,Accra,Greater Accra,Plantain Chips,Snacks,5,Yaa Osei,Female,Regular
ORD02297,07/10/2023,S006,P008,C0081,10,0.15,66.64,Cape Coast Retail,Cape Coast,Central,FanMilk Yoghurt,Beverages,8,Ama Gyasi,Female,VIP
ORD02298,23/10/2024,S004,P015,C0153,10,0,149.15,Tema Central Market,Tema,Greater Accra,Ideal Milk,Beverages,15,Yaw Appiah,Male,VIP
ORD02299,04/03/2023,S004,P009,C0130,5,0,106.86,Tema Central Market,Tema,Greater Accra,Shea Butter Lotion,Personal Care,20,Abena Mensah,Female,New
ORD02300,09/03/2024,S001,P005,C0067,4,0,39.78,Accra Mall SuperMart,Accra,Greater Accra,Gari (1kg),Food,10,Mensah Quaye,Male,New
ORD02301,30/01/2023,S007,P002,C0095,8,0,126.11,Koforidua Mart,Koforidua,Eastern,Shito Pepper Sauce,Food,15.5,Abena Adomako,Female,Regular
ORD02302,27/01/2024,S003,P010,C0114,6,0,78.52,Takoradi Hub,Takoradi,Western,African Black Soap,Personal Care,12,Kojo Danquah,Male,Regular
ORD02303,11/04/2024,S005,P004,C0181,10,0.1,402.05,Tamale Superstore,Tamale,Northern,Milo Cocoa Powder,Beverages,45,Frimpong Boateng,Male,Regular
ORD02304,23/08/2024,S003,P006,C0005,2,0,10.8,Takoradi Hub,Takoradi,Western,Plantain Chips,Snacks,5,Frimpong Acheampong,Male,Regular
ORD02305,19/07/2024,S008,P006,C0037,6,0.1,27.88,Sunyani Grocers,Sunyani,Bono,Plantain Chips,Snacks,5,Kofi Acheampong,Male,New
ORD02306,05/10/2024,S007,P011,C0083,7,0,209.79,Koforidua Mart,Koforidua,Eastern,Palm Oil (1L),Food,30,Osei Appiah,Male,Regular
ORD02307,05/02/2023,S005,P006,C0145,10,0,54.12,Tamale Superstore,Tamale,Northern,Plantain Chips,Snacks,5,Esi Gyasi,Female,VIP
ORD02308,27/02/2023,S003,P008,C0017,2,0,15.56,Takoradi Hub,Takoradi,Western,FanMilk Yoghurt,Beverages,8,Osei Boateng,Male,Regular
ORD02309,19/06/2024,S003,P012,C0061,2,0.05,37.48,Takoradi Hub,Takoradi,Western,Cassava Dough,Food,18,Appiah Mensah,Male,New
ORD02310,13/12/2023,S002,P007,C0088,2,0.1,63.64,Kumasi City Mart,Kumasi,Ashanti,Alomo Bitters,Beverages,35,Osei Gyasi,Male,New
ORD02311,05/03/2023,S007,P011,C0102,3,0.15,82.12,Koforidua Mart,Koforidua,Eastern,Palm Oil (1L),Food,30,Kojo Appiah,Male,New
ORD02312,01/08/2023,S008,P003,C0030,5,0,591.53,Sunyani Grocers,Sunyani,Bono,Kente Print Shirt,Apparel,120,Appiah Osei,Male,VIP
ORD02313,22/10/2024,S001,P001,C0165,4,0.1,86.07,Accra Mall SuperMart,Accra,Greater Accra,Ghana Jollof Mix,Food,25,Abena Gyasi,Female,VIP
ORD02314,13/08/2023,S004,P003,C0036,9,0.05,1024.4,Tema Central Market,Tema,Greater Accra,Kente Print Shirt,Apparel,120,Ama Adomako,Female,New
ORD02315,11/10/2024,S007,P001,C0131,5,0.1,107.27,Koforidua Mart,Koforidua,Eastern,Ghana Jollof Mix,Food,25,Mensah Acheampong,Male,Regular
ORD02316,14/12/2024,S007,P009,C0018,1,0,20.77,Koforidua Mart,Koforidua,Eastern,Shea Butter Lotion,Personal Care,20,Ama Asare,Female,Regular
ORD02317,02/08/2023,S004,P010,C0126,1,0.05,12.03,Tema Central Market,Tema,Greater Accra,African Black Soap,Personal Care,12,Yaw Asare,Male,New
ORD02318,18/08/2024,S006,P009,C0043,7,0,136.2,Cape Coast Retail,Cape Coast,Central,Shea Butter Lotion,Personal Care,20,Osei Boateng,Male,VIP
ORD02319,08/01/2023,S005,P005,C0143,6,0.15,51.42,Tamale Superstore,Tamale,Northern,Gari (1kg),Food,10,Afia Acheampong,Female,VIP
ORD02320,26/07/2023,S005,P006,C0051,6,0.05,28.75,Tamale Superstore,Tamale,Northern,Plantain Chips,Snacks,5,Mensah Adomako,Male,VIP
ORD02321,28/10/2024,S005,P008,C0008,8,0.15,59.58,Tamale Superstore,Tamale,Northern,FanMilk Yoghurt,Beverages,8,Abena Acheampong,Female,New
ORD02322,18/11/2024,S007,P004,C0048,2,0,90.73,Koforidua Mart,Koforidua,Eastern,Milo Cocoa Powder,Beverages,45,Yaa Appiah,Female,VIP
ORD02323,20/04/2023,S004,P004,C0195,10,0.05,459.54,Tema Central Market,Tema,Greater Accra,Milo Cocoa Powder,Beverages,45,Appiah Danquah,Male,Regular
ORD02324,21/11/2024,S004,P015,C0152,5,0.05,72.64,Tema Central Market,Tema,Greater Accra,Ideal Milk,Beverages,15,Kojo Frimpong,Male,New
ORD02325,25/10/2024,S004,P010,C0065,4,0.15,38.91,Tema Central Market,Tema,Greater Accra,African Black Soap,Personal Care,12,Ama Owusu,Female,VIP
ORD02326,13/01/2023,S004,P014,C0047,6,0,24.6,Tema Central Market,Tema,Greater Accra,Voltic Water (1L),Beverages,4,Yaa Asare,Female,New
ORD02327,02/02/2024,S006,P008,C0101,10,0,87.05,Cape Coast Retail,Cape Coast,Central,FanMilk Yoghurt,Beverages,8,Esi Danquah,Female,Regular
ORD02328,06/05/2024,S005,P013,C0171,4,0,250.19,Tamale Superstore,Tamale,Northern,Club Beer (6-pack),Beverages,60,Kwame Boateng,Male,Regular
ORD02329,01/01/2023,S001,P010,C0013,1,0.05,12.42,Accra Mall SuperMart,Accra,Greater Accra,African Black Soap,Personal Care,12,Osei Addy,Male,Regular
ORD02330,07/11/2023,S008,P007,C0187,10,0,337.6,Sunyani Grocers,Sunyani,Bono,Alomo Bitters,Beverages,35,Appiah Appiah,Male,Regular
ORD02331,12/01/2024,S004,P011,C0049,7,0.05,191.8,Tema Central Market,Tema,Greater Accra,Palm Oil (1L),Food,30,Kofi Frimpong,Male,New
ORD02332,03/03/2024,S001,P005,C0198,1,0,9.95,Accra Mall SuperMart,Accra,Greater Accra,Gari (1kg),Food,10,Abena Mensah,Female,New
ORD02333,27/09/2023,S008,P015,C0053,2,0,32.46,Sunyani Grocers,Sunyani,Bono,Ideal Milk,Beverages,15,Akosua Frimpong,Female,Regular
ORD02334,02/05/2024,S003,P001,C0029,2,0,50.91,Takoradi Hub,Takoradi,Western,Ghana Jollof Mix,Food,25,Ama Addy,Female,Regular
ORD02335,16/08/2024,S005,P005,C0006,10,0.1,86.35,Tamale Superstore,Tamale,Northern,Gari (1kg),Food,10,Afia Asare,Female,Regular
ORD02336,09/12/2024,S003,P004,C0017,7,0.1,270.6,Takoradi Hub,Takoradi,Western,Milo Cocoa Powder,Beverages,45,Osei Boateng,Male,Regular
ORD02337,24/05/2024,S007,P014,C0120,7,0,30.69,Koforidua Mart,Koforidua,Eastern,Voltic Water (1L),Beverages,4,Ama Quaye,Female,Regular
ORD02338,13/08/2024,S001,P011,C0017,5,0.05,150.74,Accra Mall SuperMart,Accra,Greater Accra,Palm Oil (1L),Food,30,Osei Boateng,Male,Regular
ORD02339,27/07/2023,S005,P001,C0172,5,0,123.15,Tamale Superstore,Tamale,Northern,Ghana Jollof Mix,Food,25,Esi Owusu,Female,Regular
ORD02340,03/04/2024,S001,P011,C0012,10,0.1,279.14,Accra Mall SuperMart,Accra,Greater Accra,Palm Oil (1L),Food,30,Yaa Adomako,Female,VIP
ORD02341,20/12/2024,S008,P013,C0060,1,0.05,57.26,Sunyani Grocers,Sunyani,Bono,Club Beer (6-pack),Beverages,60,Kojo Owusu,Male,New
ORD02342,04/09/2024,S006,P008,C0121,9,0,72.43,Cape Coast Retail,Cape Coast,Central,FanMilk Yoghurt,Beverages,8,Kofi Asare,Male,VIP
ORD02343,16/01/2024,S003,P006,C0189,6,0.1,26.35,Takoradi Hub,Takoradi,Western,Plantain Chips,Snacks,5,Kofi Gyasi,Male,VIP
ORD02344,16/02/2024,S006,P008,C0089,5,0,42.89,Cape Coast Retail,Cape Coast,Central,FanMilk Yoghurt,Beverages,8,Abena Gyasi,Female,VIP
ORD02345,21/05/2024,S007,P006,C0111,2,0.15,8.4,Koforidua Mart,Koforidua,Eastern,Plantain Chips,Snacks,5,Ama Mensah,Female,VIP
ORD02346,21/05/2023,S006,P015,C0092,8,0.1,114.81,Cape Coast Retail,Cape Coast,Central,Ideal Milk,Beverages,15,Yaa Osei,Female,Regular
ORD02347,27/11/2024,S003,P015,C0011,6,0.15,83.21,Takoradi Hub,Takoradi,Western,Ideal Milk,Beverages,15,Kojo Asare,Male,Regular
ORD02348,02/10/2024,S003,P010,C0088,9,0,116.39,Takoradi Hub,Takoradi,Western,African Black Soap,Personal Care,12,Osei Gyasi,Male,New
ORD02349,10/08/2024,S003,P014,C0053,7,0,30.06,Takoradi Hub,Takoradi,Western,Voltic Water (1L),Beverages,4,Akosua Frimpong,Female,Regular
ORD02350,25/04/2023,S001,P009,C0027,10,0,197.64,Accra Mall SuperMart,Accra,Greater Accra,Shea Butter Lotion,Personal Care,20,Ama Mensah,Female,New
ORD02351,17/07/2024,S003,P012,C0059,6,0.1,94.04,Takoradi Hub,Takoradi,Western,Cassava Dough,Food,18,Kwasi Adomako,Male,VIP
ORD02352,18/01/2024,S007,P009,C0169,7,0,145.12,Koforidua Mart,Koforidua,Eastern,Shea Butter Lotion,Personal Care,20,Ama Boakye,Female,VIP
ORD02353,22/02/2024,S002,P004,C0164,8,0,387.05,Kumasi City Mart,Kumasi,Ashanti,Milo Cocoa Powder,Beverages,45,Yaw Owusu,Male,New
ORD02354,12/07/2023,S001,P015,C0130,2,0.1,26.23,Accra Mall SuperMart,Accra,Greater Accra,Ideal Milk,Beverages,15,Abena Mensah,Female,New
ORD02355,15/03/2023,S005,P004,C0194,7,0.05,321.33,Tamale Superstore,Tamale,Northern,Milo Cocoa Powder,Beverages,45,Ama Asare,Female,Regular
ORD02356,08/07/2024,S002,P014,C0049,1,0,3.82,Kumasi City Mart,Kumasi,Ashanti,Voltic Water (1L),Beverages,4,Kofi Frimpong,Male,New
ORD02357,04/05/2023,S004,P003,C0199,2,0,237.12,Tema Central Market,Tema,Greater Accra,Kente Print Shirt,Apparel,120,Abena Asare,Female,VIP
ORD02358,02/05/2023,S007,P006,C0170,7,0,36.91,Koforidua Mart,Koforidua,Eastern,Plantain Chips,Snacks,5,Appiah Owusu,Male,Regular
ORD02359,04/11/2023,S006,P007,C0096,4,0.05,134.9,Cape Coast Retail,Cape Coast,Central,Alomo Bitters,Beverages,35,Kwame Osei,Male,New
ORD02360,26/08/2024,S008,P011,C0158,10,0,315.56,Sunyani Grocers,Sunyani,Bono,Palm Oil (1L),Food,30,Osei Boakye,Male,New
ORD02361,02/02/2023,S008,P006,C0090,1,0.05,5.01,Sunyani Grocers,Sunyani,Bono,Plantain Chips,Snacks,5,Kwasi Boakye,Male,New
ORD02362,28/01/2024,S002,P007,C0177,10,0.15,321.92,Kumasi City Mart,Kumasi,Ashanti,Alomo Bitters,Beverages,35,Kojo Mensah,Male,VIP
ORD02363,02/12/2024,S008,P001,C0098,1,0.1,23.94,Sunyani Grocers,Sunyani,Bono,Ghana Jollof Mix,Food,25,Ama Quaye,Female,Regular
ORD02364,30/03/2023,S008,P005,C0140,2,0,19.74,Sunyani Grocers,Sunyani,Bono,Gari (1kg),Food,10,Abena Adomako,Female,New
ORD02365,08/10/2024,S002,P008,C0098,6,0,49.95,Kumasi City Mart,Kumasi,Ashanti,FanMilk Yoghurt,Beverages,8,Ama Quaye,Female,Regular
ORD02366,25/04/2024,S001,P006,C0080,9,0.1,39.79,Accra Mall SuperMart,Accra,Greater Accra,Plantain Chips,Snacks,5,Frimpong Adomako,Male,Regular
ORD02367,25/02/2024,S002,P001,C0176,3,0.15,68.81,Kumasi City Mart,Kumasi,Ashanti,Ghana Jollof Mix,Food,25,Frimpong Gyasi,Male,Regular
ORD02368,29/01/2023,S008,P002,C0129,3,0.1,41.48,Sunyani Grocers,Sunyani,Bono,Shito Pepper Sauce,Food,15.5,Kofi Frimpong,Male,VIP
ORD02369,01/08/2024,S007,P013,C0138,1,0.05,59.16,Koforidua Mart,Koforidua,Eastern,Club Beer (6-pack),Beverages,60,Esi Addy,Female,Regular
ORD02370,15/12/2024,S008,P003,C0116,5,0,573.58,Sunyani Grocers,Sunyani,Bono,Kente Print Shirt,Apparel,120,Yaa Frimpong,Female,Regular
ORD02371,07/09/2024,S006,P007,C0029,3,0,102.89,Cape Coast Retail,Cape Coast,Central,Alomo Bitters,Beverages,35,Ama Addy,Female,Regular
ORD02372,12/05/2024,S004,P001,C0100,3,0.1,64.57,Tema Central Market,Tema,Greater Accra,Ghana Jollof Mix,Food,25,Kojo Frimpong,Male,VIP
ORD02373,07/07/2023,S004,P006,C0175,10,0.1,44.29,Tema Central Market,Tema,Greater Accra,Plantain Chips,Snacks,5,Kwame Osei,Male,Regular
ORD02374,31/03/2024,S002,P002,C0043,3,0,49.34,Kumasi City Mart,Kumasi,Ashanti,Shito Pepper Sauce,Food,15.5,Osei Boateng,Male,VIP
ORD02375,11/09/2024,S001,P008,C0128,6,0.1,41.17,Accra Mall SuperMart,Accra,Greater Accra,FanMilk Yoghurt,Beverages,8,Esi Gyasi,Female,VIP
ORD02376,21/06/2024,S006,P011,C0140,2,0.1,55.14,Cape Coast Retail,Cape Coast,Central,Palm Oil (1L),Food,30,Abena Adomako,Female,New
ORD02377,13/10/2023,S007,P009,C0180,7,0,134.37,Koforidua Mart,Koforidua,Eastern,Shea Butter Lotion,Personal Care,20,Yaw Boateng,Male,Regular
ORD02378,27/09/2023,S006,P008,C0103,9,0,78.19,Cape Coast Retail,Cape Coast,Central,FanMilk Yoghurt,Beverages,8,Frimpong Quaye,Male,New
ORD02379,21/05/2023,S002,P001,C0042,2,0.15,41.57,Kumasi City Mart,Kumasi,Ashanti,Ghana Jollof Mix,Food,25,Abena Addy,Female,Regular
ORD02380,21/07/2023,S008,P011,C0140,6,0.15,151.39,Sunyani Grocers,Sunyani,Bono,Palm Oil (1L),Food,30,Abena Adomako,Female,New
ORD02381,10/03/2023,S003,P010,C0106,2,0.15,19.5,Takoradi Hub,Takoradi,Western,African Black Soap,Personal Care,12,Abena Osei,Female,Regular
ORD02382,27/07/2023,S003,P005,C0035,7,0,70.4,Takoradi Hub,Takoradi,Western,Gari (1kg),Food,10,Frimpong Boakye,Male,New
ORD02383,06/06/2024,S001,P002,C0135,5,0.15,67.82,Accra Mall SuperMart,Accra,Greater Accra,Shito Pepper Sauce,Food,15.5,Kofi Mensah,Male,New
ORD02384,07/11/2023,S003,P006,C0063,8,0,39.13,Takoradi Hub,Takoradi,Western,Plantain Chips,Snacks,5,Frimpong Acheampong,Male,VIP
ORD02385,01/05/2024,S008,P008,C0055,2,0,16.13,Sunyani Grocers,Sunyani,Bono,FanMilk Yoghurt,Beverages,8,Osei Mensah,Male,Regular
ORD02386,10/10/2024,S002,P003,C0171,3,0.15,297.37,Kumasi City Mart,Kumasi,Ashanti,Kente Print Shirt,Apparel,120,Kwame Boateng,Male,Regular
ORD02387,11/03/2023,S008,P009,C0019,10,0,197.41,Sunyani Grocers,Sunyani,Bono,Shea Butter Lotion,Personal Care,20,Akosua Addy,Female,VIP
ORD02388,28/02/2024,S006,P004,C0068,7,0,334.8,Cape Coast Retail,Cape Coast,Central,Milo Cocoa Powder,Beverages,45,Yaw Acheampong,Male,Regular
ORD02389,13/02/2023,S006,P013,C0102,1,0,63.04,Cape Coast Retail,Cape Coast,Central,Club Beer (6-pack),Beverages,60,Kojo Appiah,Male,New
ORD02390,18/01/2024,S007,P008,C0156,4,0,32.7,Koforidua Mart,Koforidua,Eastern,FanMilk Yoghurt,Beverages,8,Yaa Addy,Female,New
ORD02391,05/06/2024,S007,P011,C0194,3,0,93.59,Koforidua Mart,Koforidua,Eastern,Palm Oil (1L),Food,30,Ama Asare,Female,Regular
ORD02392,22/10/2023,S008,P013,C0020,7,0.15,340.81,Sunyani Grocers,Sunyani,Bono,Club Beer (6-pack),Beverages,60,Afia Owusu,Female,Regular
ORD02393,09/03/2023,S002,P012,C0199,3,0,54.29,Kumasi City Mart,Kumasi,Ashanti,Cassava Dough,Food,18,Abena Asare,Female,VIP
ORD02394,07/02/2024,S005,P008,C0167,6,0.05,49.04,Tamale Superstore,Tamale,Northern,FanMilk Yoghurt,Beverages,8,Appiah Owusu,Male,New
ORD02395,11/09/2024,S006,P015,C0079,8,0.15,104.36,Cape Coast Retail,Cape Coast,Central,Ideal Milk,Beverages,15,Abena Mensah,Female,Regular
ORD02396,05/12/2024,S003,P008,C0087,2,0.1,15.79,Takoradi Hub,Takoradi,Western,FanMilk Yoghurt,Beverages,8,Abena Quaye,Female,New
ORD02397,29/06/2024,S002,P005,C0162,5,0.05,51.36,Kumasi City Mart,Kumasi,Ashanti,Gari (1kg),Food,10,Yaw Osei,Male,Regular
ORD02398,31/08/2024,S004,P006,C0083,4,0.15,16.64,Tema Central Market,Tema,Greater Accra,Plantain Chips,Snacks,5,Osei Appiah,Male,Regular
ORD02399,10/11/2023,S004,P014,C0086,9,0.1,32.13,Tema Central Market,Tema,Greater Accra,Voltic Water (1L),Beverages,4,Appiah Adomako,Male,VIP
ORD02400,04/09/2024,S007,P011,C0169,4,0.15,110.53,Koforidua Mart,Koforidua,Eastern,Palm Oil (1L),Food,30,Ama Boakye,Female,VIP
ORD02401,23/05/2023,S005,P004,C0176,6,0.15,237.06,Tamale Superstore,Tamale,Northern,Milo Cocoa Powder,Beverages,45,Frimpong Gyasi,Male,Regular
ORD02402,29/07/2023,S008,P010,C0134,3,0,38.11,Sunyani Grocers,Sunyani,Bono,African Black Soap,Personal Care,12,Kojo Quaye,Male,New
ORD02403,26/10/2023,S004,P004,C0154,6,0,292.43,Tema Central Market,Tema,Greater Accra,Milo Cocoa Powder,Beverages,45,Frimpong Osei,Male,Regular
ORD02404,23/05/2024,S006,P004,C0101,8,0.05,372.74,Cape Coast Retail,Cape Coast,Central,Milo Cocoa Powder,Beverages,45,Esi Danquah,Female,Regular
ORD02405,15/04/2024,S006,P003,C0066,10,0,1185.46,Cape Coast Retail,Cape Coast,Central,Kente Print Shirt,Apparel,120,Kofi Danquah,Male,Regular
ORD02406,21/01/2024,S007,P001,C0018,4,0.05,103.47,Koforidua Mart,Koforidua,Eastern,Ghana Jollof Mix,Food,25,Ama Asare,Female,Regular
ORD02407,10/04/2024,S005,P009,C0146,7,0,138.58,Tamale Superstore,Tamale,Northern,Shea Butter Lotion,Personal Care,20,Abena Owusu,Female,VIP
ORD02408,13/03/2024,S008,P010,C0028,8,0.1,87.09,Sunyani Grocers,Sunyani,Bono,African Black Soap,Personal Care,12,Abena Tetteh,Female,VIP
ORD02409,03/05/2023,S003,P003,C0032,6,0,688.43,Takoradi Hub,Takoradi,Western,Kente Print Shirt,Apparel,120,Appiah Boateng,Male,Regular
ORD02410,13/03/2023,S005,P002,C0141,9,0.05,128.43,Tamale Superstore,Tamale,Northern,Shito Pepper Sauce,Food,15.5,Kwame Adomako,Male,Regular
ORD02411,09/04/2023,S007,P004,C0011,10,0,428.17,Koforidua Mart,Koforidua,Eastern,Milo Cocoa Powder,Beverages,45,Kojo Asare,Male,Regular
ORD02412,12/12/2023,S005,P005,C0111,4,0,39.32,Tamale Superstore,Tamale,Northern,Gari (1kg),Food,10,Ama Mensah,Female,VIP
ORD02413,10/09/2024,S005,P015,C0142,6,0,87.55,Tamale Superstore,Tamale,Northern,Ideal Milk,Beverages,15,Kwasi Boakye,Male,New
ORD02414,20/07/2024,S006,P013,C0057,3,0.1,158.84,Cape Coast Retail,Cape Coast,Central,Club Beer (6-pack),Beverages,60,Osei Boakye,Male,VIP
ORD02415,23/09/2024,S001,P003,C0024,10,0.15,1118.74,Accra Mall SuperMart,Accra,Greater Accra,Kente Print Shirt,Apparel,120,Appiah Boakye,Male,New
ORD02416,04/10/2023,S008,P002,C0025,4,0.1,54.86,Sunyani Grocers,Sunyani,Bono,Shito Pepper Sauce,Food,15.5,Frimpong Addy,Male,VIP
ORD02417,15/04/2024,S003,P015,C0045,4,0.05,55.07,Takoradi Hub,Takoradi,Western,Ideal Milk,Beverages,15,Frimpong Adomako,Male,New
ORD02418,02/09/2023,S005,P007,C0149,10,0.1,320.33,Tamale Superstore,Tamale,Northern,Alomo Bitters,Beverages,35,Frimpong Tetteh,Male,Regular
ORD02419,26/08/2023,S002,P014,C0021,7,0.1,25.61,Kumasi City Mart,Kumasi,Ashanti,Voltic Water (1L),Beverages,4,Mensah Danquah,Male,New
ORD02420,29/01/2024,S007,P001,C0139,5,0,135.28,Koforidua Mart,Koforidua,Eastern,Ghana Jollof Mix,Food,25,Kwasi Osei,Male,New
ORD02421,18/05/2024,S007,P013,C0135,6,0.05,325.96,Koforidua Mart,Koforidua,Eastern,Club Beer (6-pack),Beverages,60,Kofi Mensah,Male,New
ORD02422,03/06/2024,S007,P014,C0114,10,0,40.24,Koforidua Mart,Koforidua,Eastern,Voltic Water (1L),Beverages,4,Kojo Danquah,Male,Regular
ORD02423,21/12/2024,S002,P010,C0179,7,0,89.73,Kumasi City Mart,Kumasi,Ashanti,African Black Soap,Personal Care,12,Kwasi Appiah,Male,Regular
ORD02424,01/08/2023,S004,P006,C0091,7,0.05,32.83,Tema Central Market,Tema,Greater Accra,Plantain Chips,Snacks,5,Akosua Danquah,Female,New
ORD02425,25/10/2023,S004,P007,C0154,8,0,294.83,Tema Central Market,Tema,Greater Accra,Alomo Bitters,Beverages,35,Frimpong Osei,Male,Regular
ORD02426,30/07/2024,S004,P011,C0179,2,0.1,57.08,Tema Central Market,Tema,Greater Accra,Palm Oil (1L),Food,30,Kwasi Appiah,Male,Regular
ORD02427,23/01/2023,S007,P010,C0089,6,0.1,61.76,Koforidua Mart,Koforidua,Eastern,African Black Soap,Personal Care,12,Abena Gyasi,Female,VIP
ORD02428,22/03/2024,S008,P015,C0109,2,0.1,26.68,Sunyani Grocers,Sunyani,Bono,Ideal Milk,Beverages,15,Appiah Gyasi,Male,Regular
ORD02429,23/08/2023,S005,P006,C0067,8,0,39.01,Tamale Superstore,Tamale,Northern,Plantain Chips,Snacks,5,Mensah Quaye,Male,New
ORD02430,22/08/2024,S004,P014,C0010,7,0.05,25.46,Tema Central Market,Tema,Greater Accra,Voltic Water (1L),Beverages,4,Mensah Boakye,Male,New
ORD02431,23/08/2023,S002,P012,C0041,2,0.15,32.26,Kumasi City Mart,Kumasi,Ashanti,Cassava Dough,Food,18,Esi Boateng,Female,Regular
ORD02432,21/02/2023,S005,P002,C0135,5,0.1,67.82,Tamale Superstore,Tamale,Northern,Shito Pepper Sauce,Food,15.5,Kofi Mensah,Male,New
ORD02433,26/05/2023,S007,P005,C0048,4,0.1,35.88,Koforidua Mart,Koforidua,Eastern,Gari (1kg),Food,10,Yaa Appiah,Female,VIP
ORD02434,17/06/2024,S002,P004,C0024,10,0,466.15,Kumasi City Mart,Kumasi,Ashanti,Milo Cocoa Powder,Beverages,45,Appiah Boakye,Male,New
ORD02435,30/06/2023,S005,P009,C0121,7,0,137.96,Tamale Superstore,Tamale,Northern,Shea Butter Lotion,Personal Care,20,Kofi Asare,Male,VIP
ORD02436,20/07/2023,S002,P002,C0198,2,0.05,31.59,Kumasi City Mart,Kumasi,Ashanti,Shito Pepper Sauce,Food,15.5,Abena Mensah,Female,New
ORD02437,03/07/2023,S002,P013,C0119,9,0.05,543,Kumasi City Mart,Kumasi,Ashanti,Club Beer (6-pack),Beverages,60,Kojo Addy,Male,Regular
ORD02438,06/06/2023,S003,P004,C0003,6,0,287.54,Takoradi Hub,Takoradi,Western,Milo Cocoa Powder,Beverages,45,Abena Appiah,Female,New
ORD02439,09/06/2024,S001,P009,C0130,1,0.1,17.46,Accra Mall SuperMart,Accra,Greater Accra,Shea Butter Lotion,Personal Care,20,Abena Mensah,Female,New
ORD02440,19/02/2023,S008,P003,C0034,4,0.15,438.66,Sunyani Grocers,Sunyani,Bono,Kente Print Shirt,Apparel,120,Esi Owusu,Female,New
ORD02441,10/08/2024,S005,P008,C0063,8,0,67.62,Tamale Superstore,Tamale,Northern,FanMilk Yoghurt,Beverages,8,Frimpong Acheampong,Male,VIP
ORD02442,31/12/2024,S004,P003,C0164,10,0,1152.07,Tema Central Market,Tema,Greater Accra,Kente Print Shirt,Apparel,120,Yaw Owusu,Male,New
ORD02443,22/01/2024,S003,P001,C0074,8,0.15,181.87,Takoradi Hub,Takoradi,Western,Ghana Jollof Mix,Food,25,Kojo Tetteh,Male,New
ORD02444,24/11/2024,S007,P009,C0139,7,0.15,121.38,Koforidua Mart,Koforidua,Eastern,Shea Butter Lotion,Personal Care,20,Kwasi Osei,Male,New
ORD02445,24/10/2024,S006,P013,C0156,10,0.1,573.88,Cape Coast Retail,Cape Coast,Central,Club Beer (6-pack),Beverages,60,Yaa Addy,Female,New
ORD02446,20/06/2024,S007,P003,C0129,8,0,1027.9,Koforidua Mart,Koforidua,Eastern,Kente Print Shirt,Apparel,120,Kofi Frimpong,Male,VIP
ORD02447,31/07/2023,S002,P010,C0095,5,0,62.44,Kumasi City Mart,Kumasi,Ashanti,African Black Soap,Personal Care,12,Abena Adomako,Female,Regular
ORD02448,27/02/2024,S007,P007,C0077,6,0,209.41,Koforidua Mart,Koforidua,Eastern,Alomo Bitters,Beverages,35,Ama Quaye,Female,VIP
ORD02449,23/07/2023,S001,P004,C0112,3,0.1,131.19,Accra Mall SuperMart,Accra,Greater Accra,Milo Cocoa Powder,Beverages,45,Mensah Boateng,Male,Regular
ORD02450,24/05/2023,S005,P007,C0063,3,0,113.93,Tamale Superstore,Tamale,Northern,Alomo Bitters,Beverages,35,Frimpong Acheampong,Male,VIP
ORD02451,25/03/2024,S005,P008,C0103,8,0.1,57.93,Tamale Superstore,Tamale,Northern,FanMilk Yoghurt,Beverages,8,Frimpong Quaye,Male,New
ORD02452,29/07/2023,S008,P003,C0107,1,0,131.06,Sunyani Grocers,Sunyani,Bono,Kente Print Shirt,Apparel,120,Esi Asare,Female,VIP
ORD02453,17/10/2024,S002,P005,C0096,1,0.05,9.69,Kumasi City Mart,Kumasi,Ashanti,Gari (1kg),Food,10,Kwame Osei,Male,New
ORD02454,31/01/2024,S007,P002,C0154,5,0.05,79.01,Koforidua Mart,Koforidua,Eastern,Shito Pepper Sauce,Food,15.5,Frimpong Osei,Male,Regular
ORD02455,18/07/2024,S008,P001,C0123,2,0.05,47.49,Sunyani Grocers,Sunyani,Bono,Ghana Jollof Mix,Food,25,Frimpong Mensah,Male,Regular
ORD02456,14/11/2023,S003,P001,C0026,3,0.15,63.14,Takoradi Hub,Takoradi,Western,Ghana Jollof Mix,Food,25,Afia Frimpong,Female,New
ORD02457,26/01/2023,S004,P011,C0134,6,0,183.11,Tema Central Market,Tema,Greater Accra,Palm Oil (1L),Food,30,Kojo Quaye,Male,New
ORD02458,09/12/2023,S008,P006,C0160,6,0.05,28.65,Sunyani Grocers,Sunyani,Bono,Plantain Chips,Snacks,5,Yaw Quaye,Male,New
ORD02459,13/06/2024,S002,P015,C0113,8,0.1,114.97,Kumasi City Mart,Kumasi,Ashanti,Ideal Milk,Beverages,15,Abena Frimpong,Female,Regular
ORD02460,07/02/2023,S002,P003,C0097,6,0.1,686.7,Kumasi City Mart,Kumasi,Ashanti,Kente Print Shirt,Apparel,120,Esi Mensah,Female,Regular
ORD02461,12/10/2024,S005,P003,C0037,4,0,500.41,Tamale Superstore,Tamale,Northern,Kente Print Shirt,Apparel,120,Kofi Acheampong,Male,New
ORD02462,10/10/2023,S007,P004,C0011,1,0.05,40.69,Koforidua Mart,Koforidua,Eastern,Milo Cocoa Powder,Beverages,45,Kojo Asare,Male,Regular
ORD02463,17/05/2023,S004,P007,C0146,4,0.1,134.81,Tema Central Market,Tema,Greater Accra,Alomo Bitters,Beverages,35,Abena Owusu,Female,VIP
ORD02464,05/06/2023,S007,P009,C0146,5,0,95.01,Koforidua Mart,Koforidua,Eastern,Shea Butter Lotion,Personal Care,20,Abena Owusu,Female,VIP
ORD02465,09/03/2023,S003,P014,C0010,5,0.1,19.22,Takoradi Hub,Takoradi,Western,Voltic Water (1L),Beverages,4,Mensah Boakye,Male,New
ORD02466,13/08/2023,S008,P015,C0043,8,0,115.44,Sunyani Grocers,Sunyani,Bono,Ideal Milk,Beverages,15,Osei Boateng,Male,VIP
ORD02467,15/04/2024,S006,P010,C0187,6,0.1,70.85,Cape Coast Retail,Cape Coast,Central,African Black Soap,Personal Care,12,Appiah Appiah,Male,Regular
ORD02468,22/09/2023,S006,P011,C0171,6,0.15,148.92,Cape Coast Retail,Cape Coast,Central,Palm Oil (1L),Food,30,Kwame Boateng,Male,Regular
ORD02469,29/11/2024,S005,P013,C0153,4,0,257.34,Tamale Superstore,Tamale,Northern,Club Beer (6-pack),Beverages,60,Yaw Appiah,Male,VIP
ORD02470,20/03/2024,S008,P005,C0085,9,0.05,87.62,Sunyani Grocers,Sunyani,Bono,Gari (1kg),Food,10,Kofi Owusu,Male,New
ORD02471,19/02/2024,S001,P010,C0077,5,0,64.42,Accra Mall SuperMart,Accra,Greater Accra,African Black Soap,Personal Care,12,Ama Quaye,Female,VIP
ORD02472,22/07/2024,S004,P014,C0057,4,0.1,15.64,Tema Central Market,Tema,Greater Accra,Voltic Water (1L),Beverages,4,Osei Boakye,Male,VIP
ORD02473,11/04/2023,S006,P007,C0191,7,0.1,228.21,Cape Coast Retail,Cape Coast,Central,Alomo Bitters,Beverages,35,Osei Boakye,Male,New
ORD02474,03/11/2023,S002,P004,C0042,10,0.1,442.37,Kumasi City Mart,Kumasi,Ashanti,Milo Cocoa Powder,Beverages,45,Abena Addy,Female,Regular
ORD02475,09/11/2024,S002,P013,C0081,1,0.1,54.59,Kumasi City Mart,Kumasi,Ashanti,Club Beer (6-pack),Beverages,60,Ama Gyasi,Female,VIP
ORD02476,18/03/2024,S003,P007,C0122,1,0.05,36.26,Takoradi Hub,Takoradi,Western,Alomo Bitters,Beverages,35,Yaa Frimpong,Female,VIP
ORD02477,02/05/2023,S005,P004,C0125,8,0.1,336.4,Tamale Superstore,Tamale,Northern,Milo Cocoa Powder,Beverages,45,Yaw Quaye,Male,VIP
ORD02478,20/02/2024,S007,P014,C0061,5,0,20.83,Koforidua Mart,Koforidua,Eastern,Voltic Water (1L),Beverages,4,Appiah Mensah,Male,New
ORD02479,18/06/2023,S006,P003,C0154,6,0.15,615.99,Cape Coast Retail,Cape Coast,Central,Kente Print Shirt,Apparel,120,Frimpong Osei,Male,Regular
ORD02480,26/03/2023,S002,P002,C0022,1,0,15.98,Kumasi City Mart,Kumasi,Ashanti,Shito Pepper Sauce,Food,15.5,Ama Quaye,Female,VIP
ORD02481,19/05/2024,S002,P015,C0179,3,0,42.76,Kumasi City Mart,Kumasi,Ashanti,Ideal Milk,Beverages,15,Kwasi Appiah,Male,Regular
ORD02482,01/07/2023,S001,P003,C0075,6,0.05,718.14,Accra Mall SuperMart,Accra,Greater Accra,Kente Print Shirt,Apparel,120,Frimpong Mensah,Male,New
ORD02483,31/03/2023,S001,P003,C0080,6,0,688.21,Accra Mall SuperMart,Accra,Greater Accra,Kente Print Shirt,Apparel,120,Frimpong Adomako,Male,Regular
ORD02484,19/08/2024,S002,P001,C0158,1,0,26.71,Kumasi City Mart,Kumasi,Ashanti,Ghana Jollof Mix,Food,25,Osei Boakye,Male,New
ORD02485,05/02/2024,S008,P002,C0069,10,0.05,153.48,Sunyani Grocers,Sunyani,Bono,Shito Pepper Sauce,Food,15.5,Kojo Quaye,Male,Regular
ORD02486,22/06/2024,S002,P014,C0157,5,0,19.19,Kumasi City Mart,Kumasi,Ashanti,Voltic Water (1L),Beverages,4,Mensah Owusu,Male,New
ORD02487,12/09/2024,S005,P003,C0165,9,0,1106.42,Tamale Superstore,Tamale,Northern,Kente Print Shirt,Apparel,120,Abena Gyasi,Female,VIP
ORD02488,18/08/2023,S005,P001,C0101,6,0,158.14,Tamale Superstore,Tamale,Northern,Ghana Jollof Mix,Food,25,Esi Danquah,Female,Regular
ORD02489,08/04/2024,S006,P009,C0079,5,0.1,91.14,Cape Coast Retail,Cape Coast,Central,Shea Butter Lotion,Personal Care,20,Abena Mensah,Female,Regular
ORD02490,29/08/2023,S005,P011,C0084,4,0,122.3,Tamale Superstore,Tamale,Northern,Palm Oil (1L),Food,30,Esi Danquah,Female,New
ORD02491,21/12/2024,S003,P001,C0021,1,0.15,22.98,Takoradi Hub,Takoradi,Western,Ghana Jollof Mix,Food,25,Mensah Danquah,Male,New
ORD02492,01/06/2023,S002,P008,C0033,3,0,23.82,Kumasi City Mart,Kumasi,Ashanti,FanMilk Yoghurt,Beverages,8,Akosua Boateng,Female,Regular
ORD02493,07/12/2023,S006,P010,C0062,8,0.1,87.39,Cape Coast Retail,Cape Coast,Central,African Black Soap,Personal Care,12,Mensah Osei,Male,New
ORD02494,21/10/2024,S005,P015,C0182,4,0.1,56.62,Tamale Superstore,Tamale,Northern,Ideal Milk,Beverages,15,Esi Frimpong,Female,New
ORD02495,08/01/2024,S003,P007,C0050,6,0,201.04,Takoradi Hub,Takoradi,Western,Alomo Bitters,Beverages,35,Kojo Acheampong,Male,VIP
ORD02496,16/09/2023,S007,P003,C0128,8,0.1,922.37,Koforidua Mart,Koforidua,Eastern,Kente Print Shirt,Apparel,120,Esi Gyasi,Female,VIP
ORD02497,28/11/2023,S008,P003,C0084,7,0.05,872.78,Sunyani Grocers,Sunyani,Bono,Kente Print Shirt,Apparel,120,Esi Danquah,Female,New
ORD02498,03/08/2024,S003,P001,C0043,5,0.1,108.45,Takoradi Hub,Takoradi,Western,Ghana Jollof Mix,Food,25,Osei Boateng,Male,VIP
ORD02499,09/12/2023,S003,P001,C0036,4,0.15,88.45,Takoradi Hub,Takoradi,Western,Ghana Jollof Mix,Food,25,Ama Adomako,Female,New
ORD02500,12/10/2023,S004,P012,C0047,7,0,134.27,Tema Central Market,Tema,Greater Accra,Cassava Dough,Food,18,Yaa Asare,Female,New
